guid	te	en
Wc8fa3c66ea45	రవి	a speaker in these dialogues (name)
Wcca0e02f9bbe	అది	it / she (informal) — that one
W839639185d1e	ఏమిటి	what (no verb in the sentence)
W2de95184eb31	గిరి	a speaker in these dialogues (name)
Wbd02ed1be138	కుర్చీ	chair
W9291356a08ff	ఇది	this / it — the near form of adi; which
W9cefd1747219	బల్ల	table
We03a88aff7d0	గోడ	wall
Wa697aa9ee2d9	వాకిలి	threshold
W8d7f47fc2360	కాయితం	paper
W0d259736b9b4	కలం	pen
W6233ebee83d0	పుస్తకం	book
W7185bfa951c9	గడియారం	Clock
Wac03c25c7f3f	కుక్క	dog
W43627b2eded9	పిల్లి	cat
W02b7ff505131	ఏది	which (no verb)
W7b369e1993d5	తలుపు	door
Wedd8b0cf883f	కిటికీ	window
Wbd1a73b9fc12	ఆయన	he (formal — to/about an elder)
W075506f24420	ఎవరు	who
Wf957540f261c	లత	a speaker in these dialogues (name)
Wa5c56190db6e	మాష్టరుగారు	a male teacher
Wcffbd763392a	ఆమె	she (neutral — the default form)
W2d1d27383504	టీచరుగారు	teacher (pro.)
Wdf9172422870	ఈయన	he (formal, nearby — near form of āyana)
W8e73a75fe671	ఈమె	she (neutral, nearby — near form of āme)
W6a21b3dfd8a4	ప్రిన్సిపాల్గారు	principal (pro.)
W789abb1b1154	డాక్టరుగారు	a doctor
We6719fee11ee	రామారావు	a speaker in these dialogues (name)
W6abe0f60a006	గారు	honorific suffix for people (respect)
Wbe75f89815e3	లీలగారు	a speaker in these dialogues (name)
W41efe9eff3ac	రామారావుగారు	a speaker in these dialogues (name)
W80b394e6b8cd	డాక్టరు	a doctor
W0f38b732f7bb	లీల	a speaker in these dialogues (name)
W91f6c7f4f33b	టీచరు	teacher (pro.)
Wec67869d2117	కమల	a speaker in these dialogues (name)
W4e78555223ff	సుబ్బారావు	a speaker in these dialogues (name)
Wc917c8c7f2f7	విద్యార్థిని	vidyārthi (student) + -ni (-ni — marks the direct object, after stems ending -i or -u)
W46dd18abe93e	విద్యార్థి	student
W9875feedde61	మోహన్	a speaker in these dialogues (name)
W1fb79bada9b0	విజయ	a speaker in these dialogues (name)
W36a32ff61484	నమస్కారమండీ	greetings (polite)
W39677d406bbc	రావు	rā — come (base verb — becomes raṇḍi with aṇḍi)
Wdc5c0b1ca1f9	నమస్కారం	"a greeting — ""hello / greetings"""
Wde0b494ac218	మీరు	you (formal / plural — the safe default)
We62b6060c262	నేను	I
W375f36d9e810	కన్నడ	Kannada (language); Kannada-medium
Wf061152a1e80	ఇతను	he (neutral, nearby — near form of atanu)
W63c63c17c69c	తెలుగు	Telugu (the language)
W84b4e9cbceb5	అతను	he (neutral — the default form)
Wf2d60ecaa060	తమిళ	Tamil (language), as modifier
W945a52608810	మలయాళ	Malayalam (language), as modifier
Wf4b10b40df0e	నా	my (before a noun)
We5e519f2d687	పేరు	name (long ē — not like the country Peru)
Wf005f7b96877	శర్మగారు	a speaker in these dialogues (name)
Wc7b588c495e5	రాజారామ్	Rajaram
W1a7b944f27fc	గౌరి	Gowri
W525a4fec61d9	హిందీ	Hindi
W06187bd77873	విద్యార్థినిని	vidyārthi (student) + -ni (-ni — marks the direct object, after stems ending -i or -u) + -ni (-ni — marks the direct object, after stems ending -i or -u)
W0d8fbf951589	సరళ	a speaker in these dialogues (name)
W1ae839010791	గిరిజ	a speaker in these dialogues (name)
Wa1a57994ecb0	ఎవరి	whose
We6ad9a80e689	పేరండీ	the name, sir
W777507e89e69	మీ	your (formal / plural — the safe default)
W19fac25699a3	పేరేమిటన్డీ	what is (your) name, sir? (పేరు+ఏమిటి+అండీ)
W40d5bb629a62	ఇతని	his
Wc767c7eeb6e4	అతని	his (neutral — the default form)
W72f39807bfa0	మీరెవరన్డీ	"""who are you, sir?"" (మీరు+ఎవరు+అండీ)"
Wddc1b4669268	ఏమండీ	excuse me / I say (polite attention-getter)
Wfb9c5408eccb	రాజారామ్గారూ	Mr. Rajaram! (vocative, with honorific -gāru)
W27c0247be98f	ఛెప్పండి	please tell (polite imperative of చెప్పు 'to tell')
W7785690dbead	నేనెవరిని	who am I?
W26c40f4a169a	సార్	sir
Wc035fee34012	కా	to become; to be com-
W55c14d0b83a1	అతనెవరండీ	who is he, sir? (అతను + ఎవరు + అండీ polite particle)
W2baf25e375de	ఏమయ్యా	hey there! / I say
W832e5e32da66	చెప్పు	tell
W67b2ae09c6a6	నువ్వెవరివి	who are you (నువ్వు + ఎవరివి)
W66cfd4ebd030	అటెండర్ని	an attender (I am ~); from అటెండర్ + -ని 1sg predicative
Wa9b24ef3756e	అటెండరు	attender, attendant (English loanword)
W1eae1d7342b8	నువ్వు	you (informal — close friends/family only)
W520100d0c3ea	అటెండరువి	you are an attender (attender + 2sg 'are')
Wc848a05384a8	నీ	your (informal — close friends, younger people)
W3ee15a1e5549	కూడా	also / too; even
W974feac61299	గోపి	a speaker in these dialogues (name)
W03f29d2476be	అదేమిటి	what is that? (అది + ఏమిటి)
W92aec4c7bf67	ఆయానెవరు	who is he? (ఆయన 'he' + ఎవరు 'who')
W3d0d5a3a4757	పాప	a speaker in these dialogues (name)
W28e85a0052b8	జవహర్లాల్	Jawaharlal
Wb99deab207b2	నెహ్రూ	Nehru
W8b0ba325a0a3	fఓట	photo (from ఫోటో, transliterated with 'f')
Wc046f699820c	తండ్రి	father; dad
W2f92c2e5574c	మోతీలాల్	Motilal (Nehru's father)
Wc4740a8eb110	తల్లి	mother
W11b30da470e3	స్వరూపరాణీ	Swaroopa Rani (Nehru's mother)
W021ef0a13bd3	భార్య	wife
W2f1e108d4d0a	ఇందిర	Indira (Indira Gandhi)
W089baf3e1d05	కూతురు	daughter
Wa5708f23f04a	మోతిలాల్	Motilal (Nehru's father); here 'Motilal's'
Wa94597f9389b	మనవరాలు	granddaughter (variant: manumarālu)
Wb232bde9ae6c	భర్త	husband
W45a3b03835ad	fఇర	"Feroz (part of the name ""Feroz Gandhi"")"
W937020f91b4d	గాంధి	Gandhi (surname)
W5197848774a6	రాజీవ్	Rajiv (Rajiv Gandhi)
We6716b87e843	ఇందిరాగాంధీ	Indira Gandhi('s)
W1abbf74ea6a5	కొడుకు	son
W34aef518724f	మనవడు	grandson (variant: manumaḍu)
Wf5dfd3183214	రామమూర్తి	Ramamurti (speaker's name)
W903a26a2ca92	రా	come (base verb — becomes raṇḍi with aṇḍi)
W77bd82180e7d	వినోద్	a speaker in these dialogues (name)
Wf8f174b24f27	ఇదే	similar
Wf253cff747c7	స్నేహితుడి	the friend’s (male)
W1d8070c78c41	ఇల్లు	house, home (becomes iṇṭi- before an ending)
W4064f4d17d89	ఈ	"this / these (before a noun — ī rōju ""today""; standalone ""these"" is ivi)"
Wbaeeee6c9d03	కూతురా	daughter?
W8b630511cd31	రామ	a speaker in these dialogues (name)
W3bfb62c32e88	అవును	yes
W10af7daa25f1	కూర్చో	sit, sit down
W52ca0c7a02db	పాపా	child(female), a little girl (an
We4ac79eaab50	ఏం	What sort/ kind of (adj.)
W6b803269ca73	పుస్తకమండీ	it's a book, sir (book + polite ఀండీ)
W46a53227ba44	ఇంగ్లీషు	English
W27602c3616a0	దాని	her (informal) / its
Wf91f9b96a4d9	పేరేమిటి	what is the name?
Wbf5c68f93080	దేని	Whose (neut.)
W69e692e9dc6c	దీని	whose
W86f1c7569e28	పేరా	paragraph
Wda38200b0824	జవహర్	Jawahar (a name; here the book's title)
W7a4aefd804af	అండీ	polite address particle: sir/madam
Wd4c8a23ce33e	అలాగా	alā (like that) + -gā (-gā — turns a noun into a description)
W25eb15ec41c3	కాదండీ	no, it is not (polite)
W8193e7aa83b3	స్నేహితురాలి	the friend’s (female)
Webccad0591f7	అతనే	he himself
W89941cc7d86b	స్నేహితుడు	friend (male)
Wf774f4fbaf2a	రాఘవరావు	Raghavarao
W391561a91045	అదే	same
W6cd9a795ad0f	గది	room
W97a367c1533a	రామ్మూర్తీ	O Ramamurti! (address form of రామమూర్తి)
W5eb712c362bb	రాఘవ	Raghava
W5e3ee430bd21	రాండి	rā (come (base verb — becomes raṇḍi with aṇḍi)) + -ṇḍi (-aṇḍi — politeness suffix, also the plural)
Wbc74d41cde6a	కూర్చోండి	kūrchō — sit, sit down
W93ec6b33aa81	వారు	They
Waed3d4494846	ఎవరండీ	who (is he), sir? — polite ఎవరు + ండీ
Wd6fe76351096	నాన్నగారు	"nānna (father (say ""mā nāna"" for ""my father"")) + -gāru (honorific suffix for people (respect))"
W72e8b5283389	వారి	their
W36f2f534c98f	సారథిగారు	Sarathi
Wf198377879d0	వీరు	he/she (prox. formal)
W1f849523a9ac	అమ్మగారు	"amma (mother (say ""mā amma"" for ""my mother"")) + -gāru (honorific suffix for people (respect))"
Wb4dd87c29ee3	వీరి	his/her (prox. formal)
W8c8137cf7ee6	అనసూయగారు	Anasuya (name) + honorific -gāru: Mrs. Anasuya
Wc8e811e5938e	సారథి	Sarathi
W58b2e35c80ee	రాఘవా	Raghava
W5bc8972569db	ఇతనెవరు	who is he? (ఇతను 'he' + ఎవరు 'who')
Wad10fa74f5c8	వెంకట్రావా	Venkatrao? (name + question marker -ā)
W4e69bc3bc65b	వెంకట్రావు	Venkatrao (man's name)
Wc889998782db	కాదు	no — it is not (negating a statement)
Wbb4f6b9ed744	నాన్నగారూ	Father! (calling)
W43243577462e	రామ్మూర్తి	Rammurti (a man's name)
W639d2e88aafb	శివయ్యగారి	Mr. Sivayya's (honorific + genitive of శివయ్య)
Wdd6f82e36de3	తాతగారి	grandfather's (honorific); from తాతగారు
Wbab37ad53cac	బాబూ	is a polite and humble way of addressing men.  It's also
W66fd874dfe76	గంగాధరంగారు	Mr. Gangadharam (name + honorific -gāru)
W13b4d2773f43	గంగాధరం	Gangadharam (a man's name)
Wd2a3e770aedd	గారి	of (polite)
W6d2f1fa94c02	మనవడివా	are you the grandson? (from మనవడు 'grandson')
W88dfa3ebddbc	అవునండీ	yes, sir / yes, madam
W22d8172d3402	మనవరాలిని	"granddaughter (predicative: ""I am the granddaughter""); from మనవరాలు"
W1b438c3fa8e6	విజయా	a speaker in these dialogues (name)
W3db6952c6d9f	ఇవి	these (objects / non-human — near form of avi)
W92e3034a1cb1	బల్లలు	balla (table) + -lu (-lu — the general plural suffix)
W41af983f2e14	కుర్చీలో	kurchī (chair) + -lō (in, at (no distinction in Telugu))
W95644cfcc524	ఎన్ని	how many (countable)
W88d81868be12	రెండు	two; both
W68b384520d02	ఒక	a / an (indefinite — optional, for emphasis)
Wdf78cd2c5af1	మొత్తం	whole; total
W01d6c7d86b7a	మూడు	three
W795f12abba4a	ఎక్కడ	where
W31901dfdd9f0	ఉన్నాయి	are (they/things are)
W69e01a6b9aab	గదిలో	gadi (room) + -lō (in, at (no distinction in Telugu))
W56050c83c69c	అవి	they (things / non-human)
Wdf0c8f81856c	కుర్చీలు	kurchī (chair) + -lu (-lu — the general plural suffix)
W64f82a50eb7e	ఆ	"that / those (before a noun — ā pustakaṁ ""that book""; standalone ""that"" is adi)"
W774bca80ecb1	దగ్గర	"near — but with a person it means ""has"""
Wbaf597fbd57f	ఏవి	which (pl. pro.)
W68d5c05985a4	చూడు	see, watch
W7a6cecae8a21	కలాలు	pens
W78d6482a12ea	నాలుగు	four
Wb3abb64dfcc5	పెట్టె	box / chest
Wf4f8441d5528	మీద	on, above; On top
W2050f1b661d8	ఇంకొక	one more
W8b11ef84fae5	ఉంది	is — observation right now (she/it)
W2be12be0cc67	ఏ	which (before a noun)
Wb2aca1beeeb4	ఐదు	five
Wd9b0938450f8	పుస్తకాలు	books (plural of pustakaṁ)
Wf0c96354af28	బల్లమీద	on the table
W14c9683fa581	ఉన్నాయా	are there?
Wfc4a9e4b1065	అన్నీ	all of them
Wdaf035171beb	లేవు	uṇḍu — be, stay, live, exist (the to-be verb)
W784d1a8208d0	కొన్ని	some (things)
W51da267db6b2	కింద	under, below
W26f3e80d55b2	లెక్కపెట్టు	count
W45c71bbfc964	ఒకటి	"one (standalone — ""oka"" before a noun)"
W7226f929fbc0	ఆరు	six
W4ec066f3a8a5	ఏడు	seven
Wc60f44fcdf5b	ఎనిమిది	eight
W1aa0bcda2f22	తొమ్మిది	nine
Wbb4007da29ea	పది	ten
W70b4e6f198a6	పదకొండు	eleven
W4e376b20a20a	పన్నెండు	twelve
W5c637a61d94a	పదమూడు	thirteen
Wc2c57f6c84b0	పధ్నాలుగు	fourteen
W823cffda925b	పదిహేను	fifteen
W3a64bd760544	ఉందా	is there?
Wa6f2c0ae3aa2	లేదు	no — it doesn't exist / isn't there / I don't have it
W42cbd237c8cc	పక్కన	beside, next to (use this for people, not daggara)
W77376f0e089a	అఈదు	five (OCR variant of ఐదు)
W05ae01857167	రాజు	king
W82439b52ce38	లీలా	a speaker in these dialogues (name)
W549d2d17ce1e	వాళ్లు	they
Wcd7f43570285	ఎంతమంది	how many
W8103d1889e40	ఆరుగురు	six people
Wdbdcd3c5b1fc	ఒకణ్ణి	I am one
W14ecb33ec7c8	ఒకరు	one person (not okaṭi)
Waa081948bf27	మేం	we (excl.)
W99456ef17fba	ఎంతమందిమి	how many are we? (from ఎంతమంది, how many people)
W735f20710c00	ఇద్దరు	two people
W9f2af5e07899	ఇద్దరం	we are two
W2d15e1f7e17b	ఒకతెవి	you are one (fem.); from ఒకతె 'one woman'
Wf2a72474321a	మనం	Us
W0746cc87a576	ఎంత	how much (uncountable)
Wdcd58de79923	మందిమి	(how many) are we — from మంది 'persons'
Wef974771ab29	ముగ్గురం	we are three
W14a1913f3718	ఒకడు	one (masc.
Wec6825e3132e	ఒకతె	One (fem.
Wf1bd42d6f4ec	వీళ్లు	they (hum.
Wb80dbb321665	నలుగురు	four people
W9ab66cebd9cc	ఒకడివి	you are (just) one
W7d805647ba0a	ఐదుగురం	we are five
Wc59aaff3700f	ఐదుగురు	five people
W70d7db2eb89d	ఏడుగురం	we are seven (of us) — from ఏడుగురు 'seven persons'
Wdeb53f01dc3d	ఏడుగురు	seven (people); human-plural of ఏడు 'seven'
W1519d4e17f03	ఒకతెని	One (fem.
W3d44a4415dcc	ఎనిమిదిమందిమి	we are eight
W88d2dcbc81c0	తొమ్మిదిమందిమి	we are nine (people)
W9319d71cf609	గోవిందు	Govindu
W336a477478ae	తొమ్మిదిమంది	nine people (తొమ్మిది 'nine' + మంది classifier)
W42c55b7ac589	పదిమందిమి	we are ten (people)
W1201843b4b5f	పార్వథి	Parvathi (speaker's name)
W38e4bd41b3e2	పదిమంది	ten people
W66320345a748	పదకొండుమంది	eleven (people)
Wfed7ad761cb6	పన్నెండుమంది	twelve (people)
Wafa6f2bf911e	పదిహేనుమందిమి	we are fifteen (people)
W6b26ceced290	మాష్టరు	a male teacher
W8811ab99b0b3	గీతా	line
W4b1ec9d70d41	ఎవరివి	who are you?
W73dbd6ab10df	గీత	line
W74b43f9f8214	రామూ	a speaker in these dialogues (name)
W3cf3dcf1d5de	రాము	a speaker in these dialogues (name)
W716d7bc88b0c	అతనూ	he too (అతను + emphatic -ū)
W7c947c8cc919	వాళ్ళు	they (people)
Wef68ca3d8daf	విద్యార్థులు	students (plural)
We56baea9b92e	సీత	a speaker in these dialogues (name)
W272c3227f958	విద్యార్థివి	you are a student (male); from విద్యార్థి
We960c5e77836	విద్యార్థినివి	you are a (female) student; from విద్యార్థిని
W6d7f9453563e	విద్యార్థులం	we are students
Wba928eccdb86	సీతా	a speaker in these dialogues (name)
W70a6aec5f150	విద్యార్థినులం	we are (female) students; from విద్యార్థిని
W563d246f46a4	రవీ	a speaker in these dialogues (name)
W332e1158e428	విద్యార్థినులు	vidyārthi (student) + -nu (won't / don't (negative future)) + -lu (-lu — the general plural suffix)
W21a6d2e4fa49	మా	"our (before a noun — also ""my"" for close family)"
W650026a9ef6c	విద్యార్థులుం	we are students (from విద్యార్థి 'student')
W4e26cbf2e026	ఎవరిని	evari (whose) + -ni (-ni — marks the direct object, after stems ending -i or -u)
W5601f181489b	మాష్టరుగారే	our teacher indeed (māṣṭaru 'master, teacher' + emphatic -ē)
W2042050015e3	ఎవరిమి	who are we?
W93d0399c2f26	మాష్టర్లు	teachers (plural of మాష్టరు, from English 'master')
Wa5fd64c7646c	క్లాసు	class-room
Wd2ecc72bd8ec	వాళ్ల	their
Wa14762ee5ada	వీళ్ళు	they (nearby people — near form of vāḷḷu)
W362b73bc71c9	స్నేహితులు	friends (plural of స్నేహితుడు)
Wb50c10efbfea	వీళ్ల	their
Wa64876039335	స్కూలు	school
W14f35b77efa4	మన	our — INCLUDING the listener
Weceb69e33cbb	ఆంధ్రుణ్ణి	I am an Andhra (man); from ఆంధ్రుడు
W2dfa6a8d2ce5	ఆంధ్రుడు	an Andhra
W804df9e75cf0	ఆంధ్రులు	Andhras, Telugu people (pl. of ఆంధ్రుడు)
W551a13732d9d	నేనూ	I too
W04e5e8669fe9	ఆంధ్రులం	we are Andhras (from ఆంధ్రుడు, Andhra person)
Wa5cdd1c6dde8	గోపీ	a speaker in these dialogues (name)
W82c56de27002	కన్నడం	kannada (n.)
W0fa0542fe0a5	భారతీయుణ్ణి	I am an Indian (భారతీయుడు + 1sg predicate ending)
Wedc0684d74ea	భారతీయుడివి	you are an Indian (from భారతీయుడు 'Indian man')
W03699dba1829	భారతీయులు	Indians (plural of భారతీయుడు)
Wc218f51767b6	భారతీయులం	we are Indians (from భారతీయుడు, Indian)
Wf8203971f2bb	తమిళం	Tamil (n.)
W436b9cde5000	మలయాళం	Malayalam (language)
Wab14d23214a6	ఒరియా	Oriya
Wc2abc5a1c838	భాషలే	bhāṣa (language; LanguageBaasha) + -lē (get up, rise (takes -v- before the suffix))
W921eb6113d27	భారతదేశం	India
W0eb84beba12a	దేశం	country; nation
Wf823443bc6fd	కన్యాశుల్కం	(A Telugu '
W84314ec650bd	సుబ్బా	a speaker in these dialogues (name)
W65fff758818b	అలమరలో	cup-board
Wb506c58dd692	చూడూ	see! look!
Waa3506a36846	కన్యాశుల్కమే	is indeed bride-price (kanyāśulkam + emphatic -ē)
Wc15a70c59e85	తీసుకొ	take (it)! — imperative of తీసుకొను
Wa28421c4be02	ప్రసాద్	a speaker in these dialogues (name)
Wf4361b12e335	పుస్తకమా	book? (from పుస్తకం + question marker -ఆ)
Wf996e9ddba10	రామయ్య	a speaker in these dialogues (name)
Wd6795f53d8e8	సుబ్బారావండీ	"Subbarao (name) + polite -andi, ""Sir"""
We551beb80c92	నాన్నగారి	father’s
Wcf46db93426f	విశ్వనాథంగారు	Viswanatham (name) + honorific -gāru: Mr. Viswanatham
Wefc571c672ea	అన్నదమ్ములు	brothers
W43a308afe48f	ముగ్గురమండీ	we are three (of us), sir
W16feda77bb69	అన్నయ్యా	elder brother
W84bfb5abfafd	తమ్ముడూ	Younger brother
W4f82bd4e0886	అన్నయ్య	elder brother (shortens to anna)
W527a6b119037	వెన్కటేశ్వర్లు	Venkateswarlu (man's name); colloquial spelling
W8de3177b6206	తమ్ముడి	the younger brother’s
W6075f50b43ed	పోష్టా	"post- (in ""post office""), from English"
W9351f958bad0	ఎక్కడుంది	where is (it)? (ఎక్కడ + ఉంది)
Wd7139824b220	బస్టాండు	Bus-stand
Wffc5f45feb83	దగ్గరుంది	is near (దగ్గర + ఉంది)
W10ea8ecf9e7a	కవర్లు	kavar (cover / envelope (loanword)) + -lu (-lu — the general plural suffix)
W64f849b0fd48	తీసుకురా	bring (casual)
Wd3cc364efc22	తీసుకోండి	tīsukō — take
Wf9594a9481d8	పురుషోత్తం	Purushottam
W40fae41548fd	అలా	like that
W06a51b8a99a1	కాఫీ	coffee
Wd0c83ec9566a	తీసుకో	take
W562a62ef4190	అబ్బాయి	boy
W2fd6e6556942	రామా	a speaker in these dialogues (name)
W3845f2d1cc76	వాడు	"he (informal — intimates only, can be rude); also the verb ""use"", position tells them apart"
W4396e5469281	వాడి	his (informal — intimates only)
W4cfab4504061	పురు	a speaker in these dialogues (name)
W9eb6c67faf90	తమ్ముడు	younger brother
W082589cf867e	ఎక్కడున్నాడు	where is he?
Wb66958ae9131	ఇప్పుడు	now, right now
Wa480d1a532ca	ఇక్కడ	here
Wc7f215ef77d3	లేడు	uṇḍu — be, stay, live, exist (the to-be verb)
W49d9fd1ad32e	అమెరికాలో	America; USA
W4f0085662af1	ఉన్నాడు	is (he is)
W6d02115fd9f3	వీడు	he (informal, nearby — near form of vāḍu)
Wc94d4da8611a	వీడి	oblique base of
Wf2471f928dbc	అమ్మాయిలు	girls
Wac33cd08cf96	అమ్మాయి	girl
W9a99684e37d5	బొమ్మ	doll; Picture
Wce86f8541ca1	ఏనుగు	elephant
Wb5c87f947c29	బొమ్మండి	bomma (doll; Picture) + -ṇḍi (-aṇḍi — politeness suffix, also the plural)
Wdd071dc5ad52	కోతి	monkey
Waf2f7cf133ff	పులి	tiger
Wb77c41190bca	బొమ్మండీ	doll/picture (+ polite -aṇḍī); from బొమ్మ
W33c2d5e6fba1	సరళా	a speaker in these dialogues (name)
Wdbcadeecacbd	సింహం	lion
Wcf655dcf04db	అదుగో	there she (inf. & eql.) is
W0cee938bb4b0	ఇదుగోనండి	here it is (polite) — from ఇదుగో + అండి
W20d9242a31ed	ఫోటో	photo (loanword)
Wd72c8bed7cd3	ఉన్నారు	are (you-formal are)
W5f68b6cacb89	ఇలా	like this (answer to elā)
Wf5c20ff12c09	ఇవ్వు	give
Wdac9700dd9b1	ఫోటోలో	phōṭō (photo (loanword)) + -lō (in, at (no distinction in Telugu))
Wcc34ac6e837a	ఎవరున్నారు	who is there?
W2d362499e44f	చూడండి	please look/see (formal)
W8af27ec2f94b	అమ్మా	mother
We7b5c880764f	లేను	uṇḍu — be, stay, live, exist (the to-be verb)
Wd0e715d03f77	చెల్లెలు	younger sister
Wfca97066decf	నేనున్నాను	I am there
W9eb1a3aa58a3	లేం	neg. of
Wde5b045694cd	ఉన్నాం	uṇḍu — be, stay, live, exist (the to-be verb)
W97a2363ae249	నువ్వూ	oblique form of  acc. form of
W517197398313	చెల్లెలూ	younger sister
W2d45dffe1311	ఎందుకు	why
W24e8e4d89364	లేరు	not there (person, formal)
W5aa4168684f1	అప్పుడు	then, at that time (cf. ippuḍu)
W020e68d42775	గుంటూరులో	Guntur (a city)
W814875310c53	ఉన్నారా	are they/you there?
W89ed2b049f4d	అక్కడ	there (far — cf. ikkaḍa)
Wa0b585889efe	ఎందుకున్నారు	why were (you) there? (ఎందుకు + ఉన్నారు, from ఉండు)
W56db03542ab8	వాడులేడు	"""he is not (there)"" — vāḍu 'he' + lēḍu 'is not'"
W6fde7100a709	నువ్వున్నావు	you are (present); from నువ్వు + ఉండు
Wb449e6f0012a	అతనున్నాడు	"""he is (there)"" — అతను + ఉన్నాడు (from ఉండు, to be)"
W9d4d2b204ab5	అమ్మ	"mother (say ""mā amma"" for ""my mother"")"
W4063e6b81acb	అందరూ	all the people
W64e89ebe2251	రండి	please come in / welcome (colloquial)
Wf1217e8bab6c	బొమ్మలు	bomma (doll; Picture) + -lu (-lu — the general plural suffix)
W967d1f423631	పుట్టినరోజు	birth-day
Wff359cf7e771	బట్టలు	clothes
Wd37b8835be6f	ఇవిగో	here they (neut.) are
W1204e5204eb1	ఎప్పుడు	when
W1d07fe9e5f89	ఇవ్వేశే	this very day, today itself (ఈ వేళ + emphatic -ఏ)
W3834d6495953	ఇవ్వేళ	today
Wca4f48f11086	పుట్టిన	born
W1d6a544c084f	రోజా	the day?
Wadcaaec7bdd3	అక్కయ్య	elder sister
W4d976b30ff1e	రేపు	tomorrow
W7b2a77f653e2	అవిగో	there they (neut) are
W685d96078d68	ఇదుగో	Here it is!
W56589bf26c5e	అరుణ	a speaker in these dialogues (name)
Wed92e3813a43	బాగున్నారా	"how are you? (lit. ""are you fine?"")"
W79b9e7e5c3e9	కరుణ	a speaker in these dialogues (name)
W39b443e7e8a2	అరుణా	a speaker in these dialogues (name)
W69b6a65f4150	నువ్వెలా	how are you (nuvvu 'you' + elā 'how')
W2aafbbb4cb06	ఉన్నావు	uṇḍu — be, stay, live, exist (the to-be verb)
Wa209deb740ba	బాగున్నావా	are you well?
W4712136e2b6b	బాగున్నాను	I am fine
Wc81c67bdb452	మీరందరూ	all of you
W9514b1076d27	నాన్నగారెలా	how ... your father (నాన్నగారు 'father' + ఎలా 'how')
W5d96a06f5896	బాగున్నారు	is/are well (from బాగున్నాడు; బాగు + ఉన్నారు, honorific)
W8d4eeda503d5	తమ్ముడెలా	younger brother + how (తమ్ముడు + ఎలా)
W6e0ccad9ac34	బాగున్నాడు	is well/fine (he) — from బాగుండు
W8ec1a6f6a541	బాగుందా	is it good? / how is it?
W8e5d1575c6c2	బాగున్నానండీ	I am fine (polite) — from బాగుండు 'to be well'
Wf267a3502140	కూర్చోకండి	kūrchō — sit, sit down
W7db0fb8aad0f	సరిగా	sari (okay / alright) + -gā (-gā — turns a noun into a description)
W0d09e4676820	ఇలారా	come here!
W807bd07bf790	వెళ్లు	go!
Wec742499322b	పుస్తకాలండీ	books (polite); from పుస్తకం 'book' + అండీ
W5b33797b9fdb	రెండూ	two
Wc38837fdaafc	నవలలు	novels
W1822961441de	ఇవేనా	are these (the ones)? — from ఇవి 'these' + emphatic -ఏ + question -ఆ
W3b27d323bc52	వీటి	of these
Waddb4cb8a8c6	పేర్లు	names (plural of pēru)
W82f61ab02fe8	మంచిమనను	“Manchi Manasu” (Good Heart) — a novel title
W7d4264dd66fb	జితం	conquered, won (from Sanskrit jita)
W69f787ae5148	వాటి	their (objects / non-human)
W4f49ac5dec6a	రచయితలు	authors, writers (plural of రచయిత)
Wcd25edaf7529	రదయిత	author, writer (OCR for రచయిత)
W1f067cfc9dcc	ఒకరే	only one person
W5ad8d12c1353	గోపాలరావ్ర	Gopala Rao (personal name; text for గోపాలరావు)
W2b6b323ec2af	లైటు	light
W34764eb8fa96	వెయ్యమ్మా	turn on, dear! (vēyu 'put/switch on' + affectionate ammā)
W1551e2e20ffe	ఫాను	October a fan
W303487a44a88	వెయ్యి	thousand
Wb998252ef073	తలుపులు	talupu (door) + -lu (-lu — the general plural suffix)
Wdf603ed51716	తియ్యి	take it out! / open it!
W210340b1dcb6	వెయ్యకు	don’t put/switch on
W8155bedefdf8	చలిగా	chali (cold (feeling)) + -gā (-gā — turns a noun into a description)
Wcff23e7e9b7a	కిటికీలు	kiṭikī (window) + -lu (-lu — the general plural suffix)
W8dba441f9293	ముయ్యి	shut, close! (imperative of మూయు)
Wa9af6930601c	గట్టిగా	strongly / firmly
W6452ce63edb1	వెయ్యకమ్మా	don't shut (them), dear — negative imperative of వేయు
W4b907f4b49eb	మెల్లగా	slowly, gently
W2b5d554263fe	గోపాలరావేనా	Is it Gopalarao? (name + emphatic -ē + question -ā)
W45487e450bc6	రచయిత	writer, author
W18a5e154d05b	మంచి	good, fine (goes straight before a noun: manchi pani)
Wbfda6f7b9aeb	కవి	a poet
Wd518d3f669f7	నవలలేనా	novels? (నవల 'novel', plural + question particle)
Wbe62acf279e1	కవా	a poet? (కవి 'poet' + question particle -ఆ)
We33261f07a33	రచయితా	writer? (rachayita with question intonation)
W289c6612e525	నవల	a novel
W0d9194d3f087	వాళ్లిద్దరూ	those two (of them); from వాళ్లు + ఇద్దరు
W5ea45a2807d1	రచయితలేనా	are (they) writers? (from రచయిత 'writer', pl. + question particle)
W7f53a9605cf5	కవులు	poets
W4ec292a655ce	కవే	is a poet (too) — కవి + emphatic ఏ
W414a4f619757	బాగున్నాయా	are they good?
We9feddbfb11b	బాగున్నాయండీ	they're nice, sir/madam — from బాగుండు
W80bb58a78d34	కూర్చోమ్మా	sit, dear (కూర్చోవడం 'to sit' + అమ్మా)
Weaec73c714dc	వెళ్లమ్మా	go, dear! (వెళ్లు + అమ్మా address)
Wf164c24ed98a	ఉన్నాను	I am / I exist (present)
W2a192987b92e	బాగుంది	good — fine, going well (food, trips, states)
W8f98c1df2ae0	నలుగురూ	four
Wcd4e76a1843f	స్నేహితురాలు	friend (female)
W047e477584fb	చెల్లెళ్ల	younger sisters' (of chellelu, pl. of chelli)
W60d5ebf020ac	ఇద్దరూ	two (hum.)
W38a7442ed2f6	చెల్లెళ్లు	younger sisters (plural of చెల్లెలు)
Wc0a5376661a4	రమ	a speaker in these dialogues (name)
W2ed5893671a4	సొంత	own
Wb1adcd22a0e9	ఉమ	Uma (woman's name)
Wf29cbcdb7c36	పెదనాన్నగారి	of (her) father's elder brother — from పెదనాన్న (+ honorific గారు), genitive
W78c7b643919f	సుగుణ	a speaker in these dialogues (name)
W0c5d9647a531	చెల్లెలి	the younger sister’s
W385b03708b1b	స్నేహితురాళ్ళు	female friends (pl. of స్నేహితురాలు)
W1697a51885bd	ఇళ్లు	houses (plural of ఇల్లు 'house')
Wb8a6b2b994ce	సరోజ	a speaker in these dialogues (name)
W353f5a99d940	ఇంటి	oblique form of  life
W6229d98de557	నంబరు	number (English loanword)
W020be44afce5	పదహారు	sixteen
Wca3b2ab6da60	నెంబరు	number
W465b992c7c49	పదిహేడు	seventeen
W4e17be8302de	ఢిల్లీ	Delhi
Wbece2f3a2f19	ప్రయాణం	journey / travel
W88bc10d48119	ఎప్పుడండీ	when, sir?
Wd0466093d58a	డిసెంబరులోనమ్మా	in December (with affectionate address 'amma')
W1bd945a2b2b5	డిసెంబరులో	December door or a shutter)
W5836f7b65954	ప్రయాణమా	a journey?
Wbfbd2194bd44	వెళ్లకండి	don't go (from వెళ్లు, to go)
W866454150c8d	చలి	cold (feeling)
W2f2f54a33620	ఎక్కువ	a lot, excessive (of quantity)
W960fb3cb5fcc	అక్టోబరులో	October a fan
W2769dc0b782f	వెళ్లండి	go (polite imperative), from వెళ్లు
W6070dfd94717	పరవాలేదు	it's okay / no problem
W7566314c6721	డిసెంబరు	December door or a shutter)
Wff3d6f0dced4	మొదటి	first (irregular)
W26da56b7546d	వారంలో	vāraṁ (week) + -lō (in, at (no distinction in Telugu))
Wdda2ebba1983	తక్కువే	little indeed, not much (from తక్కువ 'less')
W415b7d7756b4	పరీక్షలు	parīkṣa (exam / test) + -lu (-lu — the general plural suffix)
W739b3d7cff02	ఎప్పుడమ్మా	when, dear? (from ఎప్పుడు 'when' + అమ్మా)
W524bf5b5de3c	మార్చి	March (month)
W6eb22cdcb42a	చివరి	late
Wd8c64f2d3ef7	వారంలోనండీ	in the week (polite) — from వారం 'week'
W8f37039ccfc0	తాతయ్య	grandfather
W2a65baabba39	పిల్లలూ	children
Wa20afa26897c	పెట్టెలో	peṭṭe (box / chest) + -lō (in, at (no distinction in Telugu))
W7b497f793c6a	సుమ	a speaker in these dialogues (name)
Wddd1d9cf04d8	ఎవరిది	whose is it?
Wa9f8f8ccf036	రవిది	Ravi's (belongs to Ravi); from రవి
W3ee8ef4131c1	ఏడి	Where he (non-hon.) is?
W13a2bde40f60	అడుగో	There he (non-hon. sg.) is!
W27da79538af9	అక్కడున్నాడు	is there (అక్కడ + ఉన్నాడు, 'be' 3sg masc)
W33a0daeaed29	తాత	grandfather (either side)
W09dd5a73e64a	గోపిది	Gopi's (it belongs to Gopi)
W3da80ffebdfa	గోప్	Gopi (a person's name)
W9b50b587676f	ఇడుగో	Here he (non-hon. sg.) is!
Wc64237fec1a7	ఇక్కడే	right here
W711ed894e298	కదా	right? / isn't it?
Wb13d7793ccb5	కమలది	Kamala's (from Kamala, name)
W378ef0326631	వినోద్ది	Vinod's (Vinod + possessive -di)
Wa51a2d38cd96	వాళ్ళిద్దరూ	both of them
Wae118abbbd5e	ఏరి	Where he/she (hon.)/they
Wd19d29cb93e2	అరుగో	There he/she (hon.)/they
Wbb1b6d54afce	సంచి	a bag
W15e192a63eca	నాది	mine (stands alone)
W0a9975e2fdd0	సంచిలో	a bag
W484e2f318dbc	పూలున్నాయి	there are flowers (పూలు + ఉన్నాయి)
Wce7d5b4f2751	పూలు	flowers (pl. of
Wd46c01bd08d1	పువ్వు	flower
W395e00e7b4e0	విజయది	Vijaya’s
Wfe80512fc065	సరళది	Sarala's (belonging to Sarala)
W190fbc84ece8	నీది	yours (pronominal possessive of నీ 'your')
W4ad837e6450c	వాడిది	his
W686bbcfd4e95	అన్నయ్యది	the elder brother’s
W579dde33c1f6	నాయనమ్నది	
Wf7788db82516	చొక్కా	a shirt
W68bd7827ed5f	బావగారిది	belonging to (my) brother-in-law; from బావగారు
W2ffcd43e4950	బావగారు	brother-in-law
W111072d4fe82	సరే	okay; Well
Wf60e61842a8c	ముఖ్యమైన	important
W103ed1ad47e9	ప్ర్నలు	questions (OCR of ప్రశ్నలు, plural of ప్రశ్న)
Weac7a2b12435	ఇంకా	still / more / yet
W2b11c56487ba	ప్రశ్నలు	praśna (Question) + -lu (-lu — the general plural suffix)
W6131b57f152a	తాతయ్యా	grandfather
W056b80fbe377	ప్రశ్నలన్నీ	all the questions (ప్రశ్న + plural + అన్నీ 'all')
W3776607f8270	ఒకటో	first
W9935b30d7ea7	ప్రశ్న	Question
W2cb72ba27d43	ఎన్నో	ordinal count interroga-
W581031c24f31	తారీకు	date in the calander
W5548a87c7221	రెండో	second
W11aa50968a16	చెప్పండి	please tell (formal)
W2c9ccf85b299	అక్టోబరు	October a fan
W8c1a72d1ccc4	నెల	month
Wcacc0586ee88	మహాత్మాగాంధీ	Mahatma Gandhi (here possessive: Gandhi's)
W804b9c428a6b	గాంధీజయంతి	Gandhi Jayanti (Gandhi's birth anniversary)
Wc42d48737c04	మరి	then; if so (as a sentence
W65cd266b8e8c	చాక్లెట్లు	chocolates
W56efaa331da2	బాగున్నాయి	are good/nice (here: tasty); from బాగుండు
W95f6e1203567	ఖరీదు	price
Wd2a18fcbd961	రూపాయలు	rupees
W6469dcec9542	ఒక్కొక్క	one each (adj.)
W2238ee61c82e	చాక్లెట్టు	chocolate
Wf019bdc59bce	ఒక్కొక్ళటి	each one (of them); apiece — from ఒక్కొక్కటి
W187ef95ea8cb	రూపాయి	a rupee
W85137b0a81f0	కొత్త	new (bare: kotta kāru)
W082eb72396ed	ఉందే	there is, you see
Wee16387d9380	పాత	old (thing)
W5e1a58be4eeb	కలమే	(it is) a pen indeed — కలం 'pen' + emphatic -ఏ
W1322145e6f52	పద్ధెనిమిది	eighteen
W0859741540f2	రోజెప్పుడు	when is (the) day — రోజు 'day' + ఎప్పుడు 'when'
W8ac0f753b83d	జనవరిలో	janavari (January) + -lō (in, at (no distinction in Telugu))
W7762193b1148	పద్దెనిమిదో	eighteenth (from పద్దెనిమిది 'eighteen')
W962ddddee92d	ఫిబ్రవరి	February
W58ff7216c8b3	పదహారో	sixteenth (from పదహారు, sixteen)
W293cfbbec8ca	దసరా	Dasara
W6645c3ab89d4	పండగ	festival
W556d9d9a4baa	పార్వతి	a speaker in these dialogues (name)
W56644aad06c0	పండగే	is indeed the festival (from పండగ 'festival' + emphatic -ఏ)
W7c18d69e1bdc	రోజుల	"rōju (day (ī rōju ""today""); for ""daily"" the vowel lengthens to rōj) + -la (-la — the plural -lu in its oblique form, used before anothe)"
W614bf64dd0fc	రోజులు	"rōju (day (ī rōju ""today""); for ""daily"" the vowel lengthens to rōj) + -lu (-lu — the general plural suffix)"
W0b207ebeb100	పండగలు	paṇḍaga (festival) + -lu (-lu — the general plural suffix)
W1ab3a69fdefa	పండగల	paṇḍaga (festival) + -la (-la — the plural -lu in its oblique form, used before anothe)
Wd286ef2c8a2f	పేర్లేమిటి	what are the names? (from పేరు 'name' + ఏమిటి 'what')
W9a07a2dc76fe	మొదటిరోజు	the first day (mod ati + r ju)
W4a122c69c19e	దుర్గాష్టమి	Durgashtami
Wa965f03f301d	రోజు	"day (ī rōju ""today""); for ""daily"" the vowel lengthens to rōjū"
W980d08a2b72b	మహర్నవమి	Maharnavami
Wbea60301338c	చివరిరోజు	the last day (chivari 'last' + rōju 'day')
W2adf94514850	ది	predicate marker
W3533aa95e8e2	విజయదశమి	Vijayadasami
Wbd8c4e5abec7	ఇరవయ్యో	twentieth (from ఇరవై, twenty)
W33fcbebe08f6	పంధొమ్మిది	nineteen (the 19th)
W67013b50d662	ఎల్లుండి	day after tomorrow
W324baebbef80	ఇరవై	twenty (20)
W5a3b0ae9c687	అయితే	if / then; while
Wa425c875574a	అన్నమాట	an expression of confirmation
Wca6ee41eb844	చీరలు	chīra (sari (the garment)) + -lu (-lu — the general plural suffix)
Wcc7ed28d07c1	కొన్నినావి	some are mine (కొన్ని 'some' + నావి 'mine')
We09051ff3803	చీరలా	saris? (చీరలు 'saris' + question marker ఆ)
W8eb35fa47d79	పండుగ	festival (here attributive: festival saris)
W6d8116b2dba0	అవను	yes (colloquial form of అవును)
W4266ba848007	నీవేనా	is it you/yours? (నీవు + ఏనా interrogative)
W0b2c8d3d2551	నావి	mine (pl. things); from నా 'my'
W91bb253ebf69	నీవి	yours (plural things); from నీ 'your'
W5ef7be6ff22f	ఆకుపచ్చ	green
W223441119026	చీర	sari (the garment)
W02db252d9861	గులాబీ	pink (from gulābi, the rose)
W729ee143b198	రంగు	colour; color
W623108cf6289	మిగిలిన	rest
W5f6e77e0e3ec	ఎర్ర	red (adj.)
Wd59fce0dab83	తెల్ల	white (adj.)
Wdc71f0c17901	అమ్మవి	my mother's (plural possessive predicate)
W3aea1d622e4f	పసుపుపచ్చ	yellow
W431f402e4cdd	అక్కయ్యది	elder sister's (the one belonging to elder sister)
W620cb8cfa18a	మిగిలినవి	the rest, the remaining ones
Wc15bd0fb9350	వదినవి	my sister-in-law's (plural possessive of వదిన)
W01eb369941c4	ఆవిడ	she (formal — to/about an elder)
Wac0eeb723eb2	వదిన	elder brother's wife;
W067774e2d7c3	ఈవిడేనా	Is this lady the one? (ఈవిడ + emphatic -ఏ + question -ఆ)
W72b9875080eb	ఈవిడ	she (formal, nearby — near form of āviḍa)
Wed367ca27a15	కాలేజీలో	kālējī (college) + -lō (in, at (no distinction in Telugu))
Wf5eae9c76667	లెక్చరర్	lecturer (English loanword)
We74b88b1e9b5	కదూ	equivalent to
Wdc0ceb3536c6	సరోజు	Saroja (a woman's name)
Wab0b4d1a3549	ఎక్కడున్నారు	where are (they/she)? — from ఎక్కడ + ఉన్నారు
Wf5a57111b244	చీరలే	chīra (sari (the garment)) + -lē (get up, rise (takes -v- before the suffix))
W418f6ce4dfc2	బట్టలలో	among the clothes (బట్టలు 'clothes' + locative)
W841748cdd2f6	తెల్లగౌను	white gown/frock (తెల్ల 'white' + గౌను 'gown')
W08173d7c7693	ఎర్రది	the red one (from ఎర్ర 'red' + -ది)
W1b8ce6a115ec	నాదే	mine indeed (నాది + emphatic ఏ)
Wc256ae445567	ఎగ్రది	the red one (from ఎర్ర 'red' + -ది)
W2fec6bba4625	నీదా	yours? (నీది 'yours' + question marker -ā)
Wd4095c388f3d	బాబుది	Babu's (that which belongs to Babu); from బాబు
Wcdb3da420535	బాబు	child (male), a little (an
Wa1ebf77c3da9	తరగతి	class
W29683831ae62	ఆరో	sixth
Wd82724125390	గౌను	gown; frock
W5d672639fd61	తమ్ముడిది	younger brother's (one) — from తమ్ముడు
Wf153c91d88ef	నల్ల	black (adj.)
We622a2765a8c	చక్కా	"shirt (loanword, cf. ""chokha/jacket"")"
Wda404a833427	ఎరుపు	red
W724793ada844	ఆకుపచ్చా	green
Wb46b51817f6c	నలుపూ	black (n)
W6a70d5314c82	రంగులు	rangu (colour; color) + -lu (-lu — the general plural suffix)
W732987a1f914	తెలుపు	white
Wfa184cfe5298	రంగే	colour indeed (rangu + emphatic -ē)
W5c21c5bd4da9	కాదా	is it not?
Wf728700d1e94	ఆకులు	āku (leaf) + -lu (-lu — the general plural suffix)
Wcc6fe1e1a8c7	సెలవు	holiday, leave
W7f594ad0f8d1	దగ్గరే	right near
Wf04056a1eb80	నాన్నగ్రారూ	Father! (vocative of నాన్నగారు)
W880f66f059c1	రంగా	colour? (రంగు + interrogative ఆ)
W1d1243ad7a32	రంగులేనమ్మా	they're colours indeed, dear (రంగు 'colour', pl. + emphatic + voc. అమ్మా)
Wd198197f0f8e	కమలా	a speaker in these dialogues (name)
W535576b2daf9	టైము	time
W8582d1def6ce	గడియారాలు	watches, clocks (pl. of గడియారం)
Weeb33151fa2d	గడియారాలలో	among the watches/clocks (from గడియారం)
W5e5fdd170439	రమది	Rama's (from రమ, name)
W2acd2d0523f1	సుశీలది	Susila's (one) — from Sushila + possessive -di
W519983c7a185	ప్రభది	Prabha's (from Prabha, a name)
Wf2415af36391	ఇదేమిటి	what is this? (ఇది + ఏమిటి)
W9a51385a4813	గడియారంలో	gaḍiyāraṁ (Clock) + -lō (in, at (no distinction in Telugu))
W5391b399cea9	ఒకటీ	one (pro.)
W50854629b4a7	ఇరవైనాలుగు	twenty-four (minutes past)
W4eb8770f730d	ముప్ఫై	thirty
W869be676bdd1	నలభై	forty
W6bd35cc5931f	యాభై	fifty
W415d57bd76f5	ఒంటిగంట	one o'clock
We1a9360f90da	కరెక్టు	correct
W6fe9f2671caa	నిమిషాలు	minutes
W74906902fb30	స్తో	slow
Wf8c275762d57	నిమిషం	minute
W9f2256531f8e	ఫాస్టు	fast
W2c9b5fc302b6	గంటలు	"hours, o'clock (takes -ki for ""at"")"
Wb4ab7a9f616a	గంట	hour
W1f676f01680a	అరగంట	half an hour (అర 'half' + గంట 'hour')
W9b26bb19a260	ఒకటిన్నర	one and a half; half past one
W5316124b416f	యేనా	"""-A?"" — the A of B.A. plus question particle నా"
W68ebdab78fda	ఎ	"letter ""A"" (in the abbreviation B.A.)"
W1adb4e4589c8	ఎస్	"""S"" — letter in the degree abbreviation B.Sc."
W674a871939aa	సి	"the letter ""C"" — part of the abbreviation B.Sc."
W4debfe1cbcdb	కావ్	"""Com"" as in B.Com (commerce degree)"
W5e1b667e3418	డిప్లొమా	diploma (course)
W629b5b14e33b	గురునాధం	Gurunadham (personal name; speaker label)
Wc0c45b8fa8f9	గుంటూరు	Guntur (a city)
W77c221b17464	బస్సేనా	is it the bus? (బస్సు 'bus' + question particle -ఏనా)
Wce4a58cc9025	గురు	a human
Wc156331de8c5	పదింబావు	quarter past ten (10:15)
W5823c3c7fc8a	బస్సు	bus
Wb5053fc739a2	పదిన్నర	half past ten (10:30)
W7309d2b2b74c	నాటైం	in my watch (నా + టైం 'time')
W671b0c232857	మ్యుష్పావు	three-quarters (i.e. :45); for ముప్పావు
W6ed9d663c699	టైం	time (English loan)
Wf805fb02f7a5	తప్పు	wrong / mistake
W59b7edef3fe6	ముప్పావు	three-quarter
We81c114d1134	స్లో	slow (loanword)
W93bd6abf56a9	మళ్లీ	again
Wdb9a428d08c6	పావు	quarter
W27433e7476f8	తర్వాత	afterwards, later, after
W19c68c1678cb	పాసింజరు	passenger
W3fe4269b17d2	నిమిషాల	of minutes (from నిమిషం 'minute')
Wd7bba324a02e	ఎక్స్ప్రెస్	express
W35feca6a16e2	మేడం	madam
W41d73ccf7be1	మూడూ	three
W7fc3555bec80	బట్టలా	clothes? (బట్టలు + question particle ఆ)
Wa84b2990ec29	మొన్న	day before yesterday
W5b927e9a0aab	వారం	week
W207a58348b81	శుక్రవారం	Friday
W3640410b22ff	పంధొమ్మిదో	"nineteenth (ordinal of ""pantommidi"", nineteen)"
Wac78eb7baae2	సోమవారం	Monday
W830667c18307	నిన్న	yesterday
W65f484aafc4f	ఆదివారం	Sunday
W3b170dbbc6ab	శనివారం	Saturday
W73b32fc1af72	ఆరోజు	that day (ఆ + రోజు)
W1435de94556d	నెలలోనీ	in this very month (నెల 'month' + locative -లో + emphatic -ే)
W3beadb91048a	నెలలో	nela (month) + -lō (in, at (no distinction in Telugu))
Wd1daa3c985ac	ఇరవైమూడో	twenty-third (ordinal of ఇరవైమూడు)
W58630608aa24	బుధవారమన్న	"""(that it's) Wednesday"" — బుధవారము + అన్న (అను, to say)"
Wb8f8bd2b3b5b	మాట	a word, what one says
Wfce437e9f37c	మంగళవారం	Tuesday
Wc1555ee64cc8	బుధవారం	Wednesday
W0e66fd2f52b1	రిపబ్లిక్	"Republic (in ""Republic Day"") — English loanword"
Wfac9fe179763	డే	"""Day"" (English loan, in ""Republic Day"")"
W977c932f6404	మర్నాడు	The next day
W91d0b25520d4	జనవరి	January
Wafb7ddde0582	ఏడో	seventh (ordinal of ఏడు 'seven')
Wc10ed330ef9c	తారీకన్నమాట	"""is the date, then"" (తారీకు 'date' + అన్నమాట 'that means')"
Wed7196a1dbfd	కాలెండరులో	calendar
W533834a19550	ఇరవైఏడు	twenty-seven (27th)
Wb22f4585366a	గురువారం	Thursday
W25ced4571b6a	వీడిది	"his (this boy's); from వీడు ""he, this fellow"""
W9bbff3bf9cfa	ఏవుయ్యా	hey there! (calling a man); from ఏమి + అయ్యా
Wc1e6d15504f4	కూరగాయలు	Vegetables
W5a7bc1d5f9c8	కొట్టతను	a speaker in these dialogues (name)
Wc68e0fccba56	తాజా	fresh
W94bfe05c44f3	కూరగాయలున్నాయి	there are vegetables (కూరగాయలు + ఉన్నాయి)
W8a054902a3fd	వంకాయలున్నాయా	whether the world was seen/known
W451a272bb2eb	బీరకాయ్	ridge gourd (a vegetable)
W277139308814	ఆకుకూరలు	leafy greens, potherbs (plural of ఆకుకూర)
Web5189cce3cb	పాలకూరా	a certain potherb vegetables
W3f6287b08396	స్పినఛ్	spinach (English loanword)
W47836cdf8fdc	గోన్గూరా	gongura, sorrel leaves (listing form of గోంగూర)
W7f792cb5f6e0	గోన్గూర	gongura, sour roselle leaves (leafy green)
W453b0b0f832f	పచ్చిమిరపకాయలు	green chillies (plural of పచ్చిమిరపకాయ)
We1ea498f9bb4	లేవా	are there none?
W113d90f16055	ఉన్నాయండీ	there are (polite)
Wd7e54c843e8f	వంకాయలు	vankāya (brinjal) + -lu (-lu — the general plural suffix)
Wd43e93eec826	కిలో	ki (to (goes after the noun)) + -lō (in, at (no distinction in Telugu))
Wd72fd219dd8f	రూపాయలండీ	rupees, sir (rūpāyalu + polite -aṇḍī)
Wfb70cf871921	పదకొండున్నర	eleven and a half (11.50)
W08e6b7378c96	కేబేజీ	cabbage (English loanword)
W76e01846c471	ఆకాయలు	those (unripe) fruits/vegetables; ఆ + కాయలు, pl. of కాయ
W54a48c6efcf8	మంచివి	good ones (neuter plural of మంచి 'good')
Wc8132401319f	బాగున్నాయండి	are good, sir (బాగుండు + polite -అండి)
W39e210a33958	కేబీజీ	cabbage
W2939ab256d8b	ఉందండీ	there is (polite)
W9cad0741f94f	పావుకిలో	a quarter kilo (పావు 'quarter' + కిలో)
W0b7737c09869	అల్లం	ginger
W0170cdde5552	యాభ్జె	fifty (variant spelling of యాభై)
W911a64587d50	గ్రాములు	grams (plural of గ్రాము)
Wa67d0b6571d3	యాభైతొమ్మిది	fifty-nine (59)
We9e3023166cb	ఇదిగో	here you go (handing something over)
Wf95898144ef0	సిటీ	city (English loanword), as in city bus
W2aae7b911eeb	పద్మా	a speaker in these dialogues (name)
Wdc4d80e4bf75	పద్మ	lotus
Wa6e511edb9ef	ఇల్లెక్కడ	where is the house (ఇల్లు + ఎక్కడ)
W368e5a7f969c	ఎవరిల్లు	whose house? (ఎవరి + ఇల్లు)
W1b3fb8ee43a1	వాళ్ళ	their (people)
W8a5256a6b786	ఇళ్ళు	plural of  emotions
W40aca458c422	దగ్గరేనా	is it near? (దగ్గర 'near' + emphatic -ే + question -ా)
W8209c5ae5db5	నావికావు	(they) are not mine — నావి 'mine' + కావు 'are not'
Wa68d2b1ba80b	తమ్ముడివి	(they are) our younger brother's; from తమ్ముడు 'younger brother'
W1d516365cc81	కొన్నివాడి	some (are) his — కొన్ని 'some' + వాడి 'his'
W2aea76130712	స్నేహితుడివి	(they are) his friend's; from స్నేహితుడు 'friend'
Waeb2711c923a	స్కూళ్ళు	schools (plural of స్కూలు)
Wa3e4f8aef34a	వాళ్ళిద్దరి	of both of them (వాళ్ళు + ఇద్దరు, genitive)
W52c2a01a8c71	స్కూలూ	school
W59677ec21ebf	ఒక్కటే	is (one and) the same; from ఒక్కటి 'one'
W5bd36949be61	మూర్తి	a speaker in these dialogues (name)
W3b12c02df60e	వెంకటేశ్వర్లు	Venkateswarlu
W0158850114a3	మాష్టరా	teacher? (మాష్టరు 'master, teacher' + question marker -ā)
Wcfc023a261fd	వాళ్ళది	theirs; that (place) of theirs — from వాళ్ళు 'they'
Wc4f19b62a75a	ఊరు	town / hometown
Wff67fc44d292	ఏలూరు	per cent Eluru (a town)
W60aa30e1921a	ఊళ్ళో	year locative form of
W1f081ffa28fa	ఆయనకు	āyana (he (formal — to/about an elder)) + -ku (-ku — to, for (dative; goes after the noun))
W54054d7d8c5a	అతనికి	to him (neutral)
W3e111ad3945d	ఊళ్ళలో	in villages/towns; locative pl. of ఊరు
W3309f196a860	పిల్లలు	children (collective)
W2f88639e2ecd	నారాయణ	Narayana (man's name)
Wafdbab74fa55	పెద్ద	big (bare: pedda illu)
W94f1bb219d6e	పిల్లలా	children? (పిల్లలు + interrogative ఆ)
W46fa8b5bd160	చిన్న	small (bare: chinna pillavāḍu)
Wb7dde862bb68	పిల్లలే	children (only/indeed) — emphatic of పిల్లలు, pl. of పిల్ల
W723026582a5c	ఆడపిల్లలెంతమంది	how many girls? (ఆడపిల్లలు + ఎంతమంది)
W8605144140c4	మగపిల్ల	
W844c4802a9ca	లెంతమంది	…how many (people)? — sandhi fragment of ఎంతమంది
W30c335473e94	ఇద్దరమ్మాయిలూ	two girls (ఇద్దరు + అమ్మాయిలు + emphatic ూ)
W44a8fef75b4d	ఇద్దరబ్బాయిలూ	and two boys (iddaru + abbāyilu + -ū)
W5b578ff4efab	వాళ్ళకు	vāḷḷa (their (people)) + -ku (-ku — to, for (dative; goes after the noun))
W81f04ebd1303	ఎన్నేళ్ళు	how many years (old)? (from ఎన్ని + ఏళ్ళు)
Wbe3574f75f8f	పెద్దమ్మాయికి	for/to the eldest daughter (dative of పెద్దమ్మాయి)
W65497ef86eb4	ముప్రైఒకటో	"thirty-first (in ""31st year"" = age 31); from ముప్పై ఒకటి"
W6b72d39f33e6	ఆమెకు	āme (she (neutral — the default form)) + -ku (-ku — to, for (dative; goes after the noun))
Wc4190ea2c128	ఆడపిల్లా	girl
Wac9ae1ac6956	మగ	male
W236232e03698	ఫిల్లవాడూ	and a boy/son (పిల్లవాడు + -ఊ 'also')
W4ade39715861	చిన్నమ్మాయికి	for/to the younger daughter (chinna + ammāyi, dative)
W6caba26cdda4	ఐదో	"fifth (in ""twenty-fifth year""); from ఐదు 'five'"
W05dea39cc828	సంవత్సరం	year
W737b75b3cd8d	పెద్దబ్బాయికి	for the elder son (dative of పెద్దబ్బాయి)
Wd224ef9029eb	ఎనిమిదేళ్ళు	"eight years (in ""twenty-eight years""); from ఏళ్ళు 'years'"
W73663c8d3983	చదువ	education, schooling (for చదువు)
W8af037813a2d	కాని	but
W8327b72db141	ఉద్యోగం	job / employment
W97b9305d3503	చిన్నబ్బాయికి	for/to the younger son (from చిన్నబ్బాయి)
Wc6d898d2fd3a	ఇరవైరెండేళ్ళు	twenty-two years (of age)
Wefe2804f5a35	పెద్దమ్మాయి	the eldest daughter/girl
Wf9b4de0c26c9	రచయిత్రి	authoress, female writer
W907ea4703cc7	తెలుగులో	telugu (Telugu (the language)) + -lō (in, at (no distinction in Telugu))
W3f511ea95fb3	రచయిత్రు	"(female) writers — part of రచయిత్రులలో ""among writers"", from రచయిత్రి"
We786f80f11cd	లలో	“among (the)” — plural -లు + locative -లో, from రచయిత్రులలో
W4b13ca8cc285	చాలా	very / a lot; much
W1331e7169337	మంచిది	"good — ""a good one""; manchidi is manchi + di"
Waeeed029715a	మంచివాడేనా	is he a good man? (from మంచివాడు 'good man' + emphatic + question)
Wfd30d5eda52f	మంచివాడు	a good man (మంచి 'good' + వాడు 'man')
W7eab488315e9	మంచివాడే	is indeed a good man (మంచివాడు + emphatic -ఏ)
Wb3aa5197588c	మంచివాళ్ళే	are good people too (from మంచివాళ్ళు + emphatic -ఏ)
W88b06beb7333	వాళ్ళందరూ	they all (from వాళ్ళు + అందరూ)
W381d3e4a12f7	మంచివాళ్ళు	good people (plural of మంచివాడు)
W8b861fe5b9d1	ఉత్తరం	"letter, written message (also means ""north"")"
Wa5a657abeaa8	వెంకటేశ్వర్లుకు	Venkateswarlu
W7af1f0718300	నాకు	to me (nā + ku, never nēnu + ku)
W0ed75ab9e938	డిగ్రీ	degree
Wde9eb061d18d	ఉన్నది	is (she is)
W582bb50946f3	అందం	beauty (noun)
W42d9cf68c451	గిరీ	a speaker in these dialogues (name)
W0f7217cf4419	నీకు	to you (informal)
W1685e59e58d1	మార్కులు	Marks
W9e7fb00c29a0	నూటికి	per cent Eluru (a town)
Wf6574043c0b5	అరవైనాలుగు	sixty-four (64)
W39413d217143	హరికి	to Hari
Wc7c789d0497c	రాజుకు	rāju (king) + -ku (-ku — to, for (dative; goes after the noun))
Wd359f15fcdad	డెబ్ఫై	seventy (OCR of డెబ్బై)
Wb4fd0cd4e273	డెట్ఫైరెండు	seventy-two (OCR variant of డెబ్బై రెండు)
W4423c0ff4d73	సుశీలకెన్ని	"how many for Susila (Suśīla + dative + ""how many"")"
W395937bf6fc5	గౌరెన్ని	how many for Gowri (Gauri + how many)
W25dcb0b7e64f	సుశీలకు	to/for Susila (Susila scored)
W8aef7970de68	ఎనభై	eighty
W402de6efd9ac	గౌరికి	Gowri
W098d2096d180	ఎనభైఒకటి	eighty-one
Wf0afeb6f3f47	శర్మగారూ	Mr. Sarma! (respectful vocative, from శర్మగారు)
W6b5af8636013	మీకు	to you (formal)
W356d41c70988	లెక్షలలో	in mathematics (locative pl. of లెక్క 'sum, calculation')
We91b708cbde5	శర్మ	a speaker in these dialogues (name)
W70af85da8afb	నూరు	hundred
W016f3e5901c4	సైన్సులో	science
Wb89eea8275c0	తొంభైఆరు	ninety-six
Wa45e8ed580a3	సుబ్బయ్య	a speaker in these dialogues (name)
W37fe60083a20	ఏవుండీ	hey there!/excuse me, sir (polite call; = ఏమండీ)
W4d2a5468ddf3	గిరిగారూ	Mr. Giri! (vocative of Giri + honorific -gāru)
Wd6cfe3ad9485	లేరండీ	there is nobody (polite)
W14fd0ae32d7e	ఒకట్ణే	just one, the only one (from ఒకటి 'one')
W6677d7737d1d	సరళగారూ	Ms. Sarala! (vocative of Sarala + honorific -gāru)
W236b7a59b22d	అక్కజెల్లెళ్ళు	sisters letter
W801d9817a1f1	ఒకతెనే	only one (female) — from ఒకతె 'one woman' + emphatic నే
We9d49c5e4a00	రామారావుగారూ	Mr Ramarao! (calling)
W562d5168049a	అన్నలు	anna (elder brother) + -lu (-lu — the general plural suffix)
W7dbdb937e7a5	తమ్ముళ్ళు	younger brothers (pl. of తమ్ముడు)
W9654a8f8ead3	అక్కలు	akka (elder sister) + -lu (-lu — the general plural suffix)
W2cf293244350	చెల్లెళ్ళు	younger sisters (pl. of చెల్లెలు)
Wbb2eda638477	ప్రస్తుతం	present
W99d27c1ce251	విజయవాడలో	Vijayawada (a city)
W1c0814f68105	బాబాయి	paternal uncle (father's younger brother)
Wd792eb4c0690	గారింట్లో	at (his) house — గారు (honorific) + ఇంట్లో, loc. of ఇల్లు
W0e1a868f9d9c	బాబాయిగారికి	for the uncle
W1d6828442f9b	లేరా	are there not? (of people); లేరు + question -ఆ
Wf89e872cf698	మగపిల్లలున్నారండీ	there are boys (male children), sir
Wde7c38e98f2d	ఆడపిల్లలు	girl
W46f1cd358c9f	కొడుకులు	koḍuku (son) + -lu (-lu — the general plural suffix)
W7fedbe29ed94	కూతుళ్ళు	daughters (plural of కూతురు)
W0c7df168d563	లేరన్నమాట	means that (there) are none — lēru + anna māṭa
Wff4cea1c847f	రతిరామ్	a speaker in these dialogues (name)
Waaef3ade2739	నింగయ్యగారూ	Mr. Ningayya! (vocative of Ningayya-gāru)
W7ab302a66e55	నింగయ్య	a speaker in these dialogues (name)
Wff24ca070265	సీసా	bottle
Wb1b74776ef56	ఉన్నదండీ	there is (polite)
We1dca39e5425	సీసాలో	in the bottle (from సీసా, bottle)
W1d8d491eb661	మందు	medicine
Wbdb1a6b06efc	రతిరామ	Ratirama (speaker's name)
W49dca83cd7c5	అంటే	as for, the thing about (hinge in the iṣṭaṁ frame)
W12b83cc24361	ఇంగ్లీషులో	English
W2bbfa0e1d2e3	ఎవరికి	evari (whose) + -ki (to (goes after the noun))
W3b6c606a3960	నీకా	for you? (nīku 'to you' + question marker -ā)
W4379cc028e8e	వందు	medicine (misprint of మందు)
W20e176b5a9be	గారికి	to (polite)
Wf919ff37a221	జ్వరమా	fever? (జ్వరము + question marker)
W13a5e62d55b5	జ్వరం	fever
W997203b8a7ff	కడుపులో	stomach
W7c82fe33f92b	నొప్పి	pain
Wc9c80b00cc6e	నొప్పికి	noppi (pain) + -ki (to (goes after the noun))
W51c64f091afc	నమస్మాయండ్నీ	greetings, sir! (colloquial for నమస్కారమండి)
W4e1bdde6f4b3	రామనరసింహం	Ramanarasimham
Wf7f3c71a320b	గారూ	an honorific marker
Wa0f2c6bf74a0	నెప్పి	pain, an ache
W4838603a102c	బాబాయిగారు	uncle (honorific), i.e. paternal uncle
W98531c7a6ae0	తమ్ముడా	younger brother? (తమ్ముడు + question marker ఆ)
W13e5308f61eb	పిన్నిగారి	aunt's (mother's younger sister's) — from పిన్ని
W13d19b940c9f	పిన్ని	mother's YOUNGER sister
Wd966ffe72681	అమ్మగారి	mother's (honorific, oblique of అమ్మగారు)
W30c2c83c5aa7	చెల్లెలా	younger sister? (from చెల్లెలు + question marker)
W19f65484257c	తలనొప్పి	headache
W79eb41949eaf	ఊది	train
Wd25fe4943810	బెనర్జీ	Banerjee (speaker's name)
W8541ac4d7098	చెవిలో	chevi (ear; key) + -lō (in, at (no distinction in Telugu))
W0216d49b7c10	ఇక	now, from here on
W537099103a39	పాఠం	lesson
W2490bcc30283	వినండి	listen
W0147743135bf	మాష్టరుగారూ	Sir! (calling a teacher)
W3f5d8e99b17a	మీది	yours
We6d3ce0f9ea9	ఊరండీ	town/village (+ polite -aṇḍī); from ఊరు
W2d2f9b555448	మాది	ours (stands alone — used for hometown)
W1019230591a3	అమరావతి	Amaravati
Wab3a74ec5deb	రాష్ట్రంలో	a political State
Wb7af8fb03767	ఆంధ్రప్రదేశ్లో	the state of Andhra Pradesh
W0adabba7c3c3	జిల్లాలో	district
W42ded13511a1	ఊళ్ళు	plural form of
Wfee4f989f2ac	ఏమేం	what (pl.)
Wb7bb2e53e56e	శివాలయం	Siva Temple
W5de75e45d522	బౌద్దస్తూపం	Bouddha Stupa
W90b40fed8c06	కృష్ణానది	the river Krishna
W5f9293fcd168	మ్యూజియం	museum
Wb24eaa48a856	ఊరికి	to the town
W881cbd77bded	రైలు	train; rail
Wd9e8af67f604	మాత్రమే	only
W8de8859cfa5c	ఫోను	telephone
W429d3a19cfac	హర్యానాలో	the state of Haryana
Wa33d33b06e53	హర్యానా	the state of Haryana
W2643e8dc444c	మీలో	mī (your (formal / plural — the safe default)) + -lō (in, at (no distinction in Telugu))
W9b49daaa73e6	కేరళ	the state of Kerala
Wb38c3705f908	ఒరిస్సావాళ్ళు	Orissa people (ఒరిస్సా + వాళ్ళు, plural)
W6c3738d356f0	మృత్యుంజయ్	a speaker in these dialogues (name)
Wb5a31d51f748	మాలో	"mā (our (before a noun — also ""my"" for close family)) + -lō (in, at (no distinction in Telugu))"
W998b274e4771	ఒరిస్సా	the state of Orissa
Wf769a48937ee	వాణ్ణి	him (as object)
Wff3cf0d3d03c	కేరళవాడు	a Keralite, man from Kerala
Wd96769d38a57	ముఖర్జీ	Mukherjee
We659bd24f934	బెంగాలీవాడివి	you are a Bengali (man)
W3cdfab1ed58a	తక్కిన	the remaining (adj.)
W1a7114bc93b4	హర్యానావాళ్ళు	the Haryana people
Wf9fce2f4321c	అన్నమాటి	so it means; that's to say (from అన్నమాట)
W6e514f30ba0d	మధ్యప్రదేశ్వాడు	a Madhya Pradesh man (person from Madhya Pradesh)
W921e22c0eec5	మరాఠీవాడు	a Marathi (man), Marathi-speaker
W4bcdc93c6ea2	మందిమే	"persons (counting people) + emphatic -ē: ""only ... people""; from మంది"
Wd33e2a956c65	హర్యానావాళ్ళం	we are Haryana people (Haryana + plural -వాళ్ళు + 1pl)
W977b0619d951	నీరజ	Neeraja (woman's name, speaker)
We6c04ddbdbba	తప్పండీ	"""(that's) wrong, sir!"" — తప్పు + polite అండి"
W171befb7c220	ఎనిమిదివుందిలో	out of the eight (people); from ఎనిమిదిమంది + -లో
W2c7f15ef254c	ఐదుగురే	only five (people); from ఐదుగురు 'five persons' + emphatic -ఏ
Wd19e616472a4	కర్ణాటకదాన్ని	a Karnataka woman (I am ~)
W2e3d6adb3a52	ఈమే	she/this lady or girl (prox. hon.)
W9f21976b1403	కర్ణాటకదే	(she) is a Karnataka person — fem. of కర్ణాటకవాడు
W470a4a730f07	మేమిద్దరం	we two (మేము + ఇద్దరం)
Wef8bd9f257d5	కర్ణాటకవాళ్ళం	we are Karnataka people (from కర్ణాటకవాళ్ళు)
W27d9f3204f48	జ్యోతీ	Jyothi
W3faa4a5a8631	మహారాష్ట్రదానివి	you are a Maharashtra woman (from మహారాష్ట్ర)
Wfcd97749aeb5	జ్యోతి	Jyothi
Wd060501cffe7	నీరజగారూ	Ms. Niraja! (vocative of Nīraja + honorific -gāru)
W463f42ced828	కన్నడంవారు	a Kannada person; one from Karnataka
W73aaaf5618bc	ఆమే	she (pro.)
W4be15a136a9b	కన్నడంవారే	a Kannada person too (kannaḍaṁ + vāru + emphatic -ē)
Wd70ce11b06cb	మహారాష్ట్రవారు	a Maharashtrian (person from Maharashtra)
W938908e4ad91	తెలుగువారు	Telugu person/people (honorific plural of తెలుగువాడు)
W4727fe725b7b	జ్యోతిగారూ	"""Ms. Jyothi!"" — polite address to Jyothi"
W302f50655e42	మరాఠీవారు	Marathi person/people (honorific plural)
W1222d333dcf6	ఒకదాన్నే	(I am) only one, the sole one (fem.); from ఒకటి 'one'
W73d35b542f2c	మరాఠీ	Marathi (language/people); here: Marathi (woman)
W2759ccdb46ef	దాన్ని	it (as object)
W58adf8b799b5	మంచిదానివి	you are a good one (to a female)
Wa9baa280eb39	మంచిదాన్నే	am indeed a good/nice one (fem.); from మంచిది
We0971d506cae	మంచివాళ్ళం	we are good/nice people (from మంచివాళ్ళు)
Wd6bf07779195	తెల్లపూలా	white flowers? (tella 'white' + pūvu 'flower', pl. + question -ā)
W1bf3c2d56cf0	పూలా	flowers? (pl. of పువ్వు + question/or particle -ఆ)
W87f4935437fc	ఎర్రవి	the red ones (plural of ఎర్రది, from ఎర్ర 'red')
W85e67e06dcc8	గులాబీపూలు	roses (plural of గులాబీపూవు, rose flower)
W9578a4a1116e	తెల్లది	the white one (from తెల్ల, 'white')
W5173b91cdf4f	మల్లెపువ్వు	jasmine flower (మల్లె + పువ్వు)
We0d00449fe30	చెట్లున్నాయి	there are trees (చెట్టు + ఉన్నాయి)
W503472f0ebf1	అబ్బ	wow / oh my (expression)
W6b85ddf4d054	చెట్లకు	to/on the plants (dative pl. of చెట్టు 'tree, plant')
Wbe58af94df40	న్నాయే	there are (indeed)! — from ఉన్నాయి 'they are', with emphatic -ఏ
W2a61f52744ed	ఇంట్లో	at home, in the house
Wa56f152f848e	చెట్లు	trees, plants (plural of చెట్టు)
Wb9ee63cfd616	మల్లె	jasmine — everywhere in Hyderabad
W1b9b6c449cb2	చెట్టూ	tree/plant
Wa2c54cf1bedb	చెట్లా	trees? (plural of చెట్టు + question marker ఆ)
Wd4c97dc1dca4	చెట్టు	tree
Wbdd30d75b6c6	చిన్నది	Small
Wd24bf904e8d0	పెద్దది	Large
W2be000826168	దానికి	to it (irregular stem dāni-)
W5c9dee53a0df	కొమ్మలున్నాయి	there are branches (కొమ్మలు + ఉన్నాయి)
W3c523dc01601	టేప్రికార్డరా	tape recorder? (with question marker -ā)
Wd31a993a0055	టేప్రికారరు	tape recorder
W0973fc4d647c	జపాన్దా	Japan's? (Japan + possessive -di + question -ā)
W3744b34606c2	ఇండియాదే	it's India's (one) — ఇండియా + -ది genitive + emphatic -ఏ
W64abb82a2676	పాట	song (pairs with pāḍu)
W63f8914f5a5b	విను	hear, listen
Wb0ea415f40e5	నిన్నసాయంత్రం	yesterday evening (నిన్న + సాయంత్రం)
W74cc81bfd399	గంటలకు	gaṇṭa (hour) + -la (-la — the plural -lu in its oblique form, used before anothe) + -ku (-ku — to, for (dative; goes after the noun))
W089322a5cc54	లేము	uṇḍu — be, stay, live, exist (the to-be verb)
W90c3cc058adf	గుడి	temple
Wacd0e771ce19	అందరం	all of us
Wfd547dec92d1	గుళ్ళు	plural form of  temples
W61ef5a20d0ee	నాటకం	theatrical play
W29261c0406d7	గుళ్లో	in the temple
W6f796fefa7a6	గుళ్ళ	temple (oblique/locative of గుడి)
W12f3078de8df	గంటల	gaṇṭa (hour) + -la (-la — the plural -lu in its oblique form, used before anothe)
W02ed74d8ab3a	నిమిషాలకు	at (thirty) minutes; dative pl. of నిమిషం 'minute'
W180b708ea50e	సాయంత్రం	evening, in the evening
W2b5c28f35d92	ఏమో	It is not known (See
W492628c41c2f	ఎక్కడున్నాడో	who knows where he is (ఎక్కడ + ఉన్నాడు + ఓ)
W4f80b758ebf3	సినిమాహాల్లో	in the cinema hall (from సినిమాహాలు)
W624a693b311d	ఉన్నాడేమో	he might be (there) — from ఉండు 'to be'
W8efc851495f5	అబద్ధం	lie / false
Wa6a0ba1ace22	గోప	Gopi (name, vocative; for గోపి)
W449c4512d761	ఉదయం	morning
W00597bb4f26b	ఇంట్లోనే	at home only
W18d0a96616e6	మధ్యాహ్నం	afternoon, in the afternoon; noon
W246b588cc12a	ఎక్కడున్నది	where is it? (ఎక్కడ + ఉన్నది, from ఉండు 'to be')
W95dbb5afdeda	ఎక్కడున్నదో	where it might be (from ఎక్కడ + ఉన్నది + dubitative -ఓ)
W4866c450adf2	వెతుకు	to search
W1db61f53a626	నువ్విక్కడున్నావా	are you here? (నువ్వు + ఇక్కడ + ఉన్నావా)
Waa4e3f9e520f	ఇక్కడుంది	is here (ఇక్కడ + ఉంది)
W9394f0c0087f	సంచీ	a bag
We13dae7870b6	మీరిద్దరూ	both of you (మీరు + ఇద్దరు)
We1b87689ccd4	వెతకండి	search! (imperative plural of వెతకు, to search)
W3b5cdfce8dd1	బాగా	well / nicely
Wf96b90a4de97	ఉందేమో	might be (there); from ఉండు 'to be'
W2d0e35a6e781	వస్తువులు	vastuvu (object) + -lu (-lu — the general plural suffix)
Wf1876b347dbf	పెట్టెలోనీ	in the trunk (itself); from పెట్టె 'box, trunk'
W9e62a011f132	కొంచెం	a little, somewhat
W14af05aced69	పక్కక్షు	to the side (for పక్కకు, dat. of పక్క 'side')
W56eccb175c41	జరుగు	to happen
W1293da05712b	పెట్టెలోనే	right in the box (from పెట్టె 'box' + లో 'in' + emphatic ఏ)
W0922e0526b9c	నవంబరు	November (month name)
Wf4e8b1fa0b9b	తారీకున	date in the calander
W70e42350add7	రోజున	"rōju (day (ī rōju ""today""); for ""daily"" the vowel lengthens to rōj) + -na (on)"
Wb09b39b11209	దీపావళి	Deepavali, the festival of lights
W3fefe0355fca	పుస్తకంలో	pustakaṁ (book) + -lō (in, at (no distinction in Telugu))
W300d7a0e5306	పాటలున్నాయి	there are songs (పాటలు + ఉన్నాయి)
W5b425617593b	చదువ్ర	read (it)! — familiar command, from చదువు
Wa0eeac868512	చదవండి	"chaduvu — read (also ""study"")"
Wb5979421fc91	పాటలో	pāṭa (song (pairs with pāḍu)) + -lō (in, at (no distinction in Telugu))
Wf7d158b13444	పొడుపు	riddle (in పొడుపు కథ 'riddle')
W08dd7ee6d978	కథ	story
W03d70deb7270	కదలిక	movement
W19effbde6775	కాలు	leg / foot
W5b6e42ce84e5	కొలత	measurement
Wf615366b7459	రూపం	form
W6b2a38db89fb	ఎండ	sun / heat
W15e35726831d	వేడి	heat; hot (bare, also the noun)
Wb8ac1f4cb8fa	నాకులేదు	I don't have (it) (నాకు + లేదు)
W64053022eb7a	ఓ	ordinal marker
Waca53de8333f	గాలి	wind; air
W6b548dfbeee3	శక్తి	power / strength; force
W6bbb33b17ff2	కాలం	period
Wc99c128055f4	ఎండు	sun(shine), heat of the sun (variant of ఎండ)
We0fef98c5d87	స్కూలుకు	school
Wdba1e4f6608f	వెళ్ళండి	please go (formal)
W225d04bfec7a	ఇంటికి	to home, homewards (illu + -ki)
W3a6722081478	వెళ్ళు	go (the standard word)
Wdfad2560567a	సర్వర్	server; waiter
Wbd432f2fe7ac	టిఫిన్	breakfast (English origin, fully Telugu now)
W8e2a5b7e8823	కావాలి	"is wanted — ""nāku X kāvāli"" = I want X"
W81c96fd2a6a2	ముందు	in front of, before
W080d1c099d65	మంచినీళ్ళు	drinking water
W71c94d8da889	నీళ్ళు	water (grammatically plural — takes unnāyi)
W140bfca8bc66	చల్లగా	cold
W635b9fe7648d	ఏముంది	what is there?
W645da2b654ce	ఇడ్లీ	idli
W0d4cfe21a255	పూరీ	puri (the fried bread)
W23a0bd9729b3	మినపట్టూ	minapattu (a black-gram dosa)
W7e48f502b7dd	పెసరట్టూ	and pesarattu (mung-bean dosa); from పెసరట్టు
W077cd939ee85	జనతాసింగ్	Janatasingh
W3773b7d8a60f	ఇడ్డీ	idli (steamed rice cake)
Wd562696e8670	వేడిగా	hot (temperature — not spicy)
W837bde4faad9	లేదండీ	there is none (polite)
W3220f06fa6b2	మినపట్టు	minapattu (a black-gram dosa)
W7570545864c9	కావాలా	is it wanted?
W49f57bce5ae3	పెసరట్టు	pesarattu, dosa made from green gram
Wbe4375a7c0b3	పెసరట్లు	pesarattu (mung-bean dosas); plural of పెసరట్టు
W39f74f6491fc	ఒద్దు	pour (v)
Wf6868d2cd50e	నీకేం	what do you (want)? (నీకు + ఏం)
W67a33f21319a	ఉప్మా	upma (savory semolina dish)
Wd6189524d477	మీకేం	what (do) you (want)? — మీకు + ఏం
W08b83a2cfeb3	పాలు	milk (grammatically plural)
W907883452828	లేవండీ	there are none (polite)
W9361b53ac971	టీ	tea
W0724649845a3	బోర్నవీటా	Bournvita (malted drink brand)
Wb21fdea9fa34	వీటిలో	of these
Wb0b11993a5ef	ఏమీ	"not any / nothing at all — needs a negative verb (ēmī lēdu ""there is nothing"")"
Wd6c0a37c7766	వద్దు	-vaddu — don't (goes before -aṇḍi)
W3f3ff63f2466	పాలే	milk only (పాలు + emphatic -ఏ)
Wb0e0d6b42928	చల్లని	cold (attributive — cf. challagā)
Wae922fd1f9a7	హోటల్లో	hōṭal (restaurant (in India, hotel = eatery)) + -lō (in, at (no distinction in Telugu))
W51b2a5733dad	లేవ	are not (negative of ఉండు, plural); here 'is not'
W5a8080b49e28	ఇక్షడే	right here (misprint of ఇక్కడే)
Wc7051a69d0a7	క్లాసులో	class-room
Wc863e1a923ae	ఎవరూ	who
W7221eddac46c	ఎర్రగా	redly, in a red way (from erupu)
W702e17ca7b46	ఏమిటది	what is that? (ఏమిటి 'what' + అది 'that')
W462625e060d5	మోడరన్	modern (English loanword)
Wfebaba6adbcf	పెయింటింగ్	painting (English loanword)
Wd6c629c23a20	కావాలండీ	is wanted (polite) — from కావాలి 'to be wanted/needed' + -అండీ
Wa58647f2cb6b	మహాపాత్ర	a speaker in these dialogues (name)
W879706e91e32	మినపట్లు	minapattu, black-gram pancakes (pl. of మినపట్టు)
Wc62d232311a6	మినపట్లా	minapattu (urad-dal pancakes) — plural of మినపట్టు, in a question
W07d2c324fa83	మహా	Maha (abbreviated speaker name in dialogue)
Wd96c161e503d	చాలవు	not sufficient (pl.)
W28c036e3e5e9	అంజయ్య	a speaker in these dialogues (name)
We10bf83e4be3	మాకు	to us (exclusive)
W36239c284a71	పాపకు	a speaker in these dialogues (name)
Wbe6deebb182c	అమ్మాయా	daughter? (అమ్మాయి + question marker)
We870a18c21bf	పేరేమిటమ్మా	what is (your) name, dear? (పేరు + ఏమిటి + అమ్మా)
W5303457dc2ca	రతిరామ్గారూ	Mr. Ratiram! (vocative, respectful)
Wfaab5e036e17	ఊరినించి	from the village/town (ఊరు + నుంచి)
W3d5b9468e019	ఇక్కడికి	to here
Wfba534a452a8	రాత్రిళ్ళు	nights (plural of రాత్రి)
Wa6a8c22c690b	పగళ్ళ	days' (daytime); plural oblique of పగలు 'day'
We1eb9b60dd87	ప్రయాణమండీ	it's a journey, sir (prayāṇam + polite -aṇḍī)
W2e1624bbdeb0	దూరమన్నమాట	means (it's) far — దూరము + అన్నమాట
W627cde7ebf56	దాదాపు	approximately,
W95e425b16024	మైళ్ళు	miles
Wc4577f7d1328	సుమారు	this much
W8cc7b07d87e4	వందల	vanda (hundred) + -la (-la — the plural -lu in its oblique form, used before anothe)
W25a6ca40b422	ర్షెలు	train (garbled OCR of రైలు)
W3e0f66df31bf	అక్కణ్ణించి	from there (after that); from అక్కడ 'there'
Wb6cc3db18c96	నూట	one hundred (combining form, from నూరు)
W087b4caa3d79	ఒరిస్సాలో	the state of Orissa
Wc6556fecfe03	ఇక్కణ్ణించి	from here (colloquial form of ఇక్కడనుండి)
Wec2484b0d650	దూరం	far
Wdc9cd36e8e27	తొంభై	ninety
W7ee9411eb2f3	ఒక్క	one (in 'ninety-one'); single
W4078f27e5464	అక్షర్లేదండీ	no need, sir (colloq. అక్కర లేదు + ండీ)
W4823ca4530d4	రాత్రీ	night
W2c516b68fb82	పగలూ	day-time
W532cc36477bc	చాలు	enough (stopping more food)
Wa1dad58619bb	హరీ	Hari
W9aff598be178	ఇక్కణ్జించి	from here (ఇక్కడ + నుంచి)
W86d56e0e55fa	హరి	Hari
W7795c4a480a9	కిలోమీటర్లు	kilometers (plural of కిలోమీటరు)
W0531fb94f1ab	రైలొస్టేషన్	railway station (rail + station)
We1ac094f1d04	నించి	from
W5be734feed5d	కిలోమీటరు	a kilometer
W6204cf6ecf50	నూటయాభై	one hundred fifty (నూరు + యాభై)
W54f808b4a059	అంజయ్యగారూ	Mr. Anjayya! (vocative of Anjayya-gāru)
Wbcb0f6351694	ఎక్కణ్ణించండీ	
W68807e0262ea	ఫ్రర్గాంగు	furlong (OCR-garbled ఫర్లాంగు)
Wd10e4d26891e	ఇదుగోనండీ	Here it is, sir/madam
Wf74ccd84b7db	ఎలా	how
Wb62f2b65e19b	బాగున్నదా	is it good? (బాగుండు + question marker)
W7799882298f1	చేదుగా	chēdu (bitter) + -gā (-gā — turns a noun into a description)
W53c665511040	ఏమమ్మా	hey! (eql. fem. addressing)
Wfc5d118b9865	తియ్యగా	sweetly (adv.)
W6cab5c062023	చప్పగా	insipidly (adv.)
W14206a8aaaf7	కాఫీనా	coffee? (కాఫీ + question marker -ఆ)
W945be35aff2b	కషాయమా	decoction? (కషాయం + question suffix -ఆ)
Wcabadf908dab	ఏదండీ	which one, sir? (ఏది + polite -అండీ)
Wcb82d5e3b9d2	ఇదేనయ్యా	This is it, sir! (ఇదే 'this very one' + అయ్యా address)
W59d847368895	ఇంత	this much (answer to enta)
W02e2a9db3740	ఉందేం	why is (it)? — ఉంది 'is' + ఏం 'what/why'
W58950bd17b46	పంచదార	Sugar
W4e22d21ad186	లేదా	or (between two named options)
W6bcedc004ab4	బాగానే	good/all right (with empha-
W82d65e709c08	చేదు	bitter
W10aab45e97ea	అలవాటు	habit
Wff891039ad4f	అక్షర్లేదు	not necessary
W30711c1c1615	తీపి	sweetness; sweet (bare)
W42f2ac910b99	సరేనమ్మా	"""all right, dear"" (సరే + అమ్మా, address to woman)"
Wd1b7e55f9e90	అంత	that much
W527ae9010dd2	అక్ష్లేదు	is not needed (garbled అక్కర్లేదు, from అక్కరలేదు)
We8309c5d150d	సగం	half
Wc9f314195ee9	అక్లేదు	isn't needed, don't want (from అక్కరలేదు)
Wc336ab368b56	చాలదు	not sufficient
W4c83ffd6f8bd	కంత	that much (correlative to ఎంత); variant of అంత
Wbf6ee3c114e9	బొమ్ముంది	there is an idol (బొమ్మ + ఉంది)
We2bf3b3e3229	బొమ్మకు	bomma (doll; Picture) + -ku (-ku — to, for (dative; goes after the noun))
W1f76081da40e	ప్రాణం	life
W336a8609ff06	ఊళ్లో	in the town
Wd7c9879ca102	బడి	school
W213cebadfc4f	చుట్టూతోటుంది	around (it) there is a garden (చుట్టూ + తోట + ఉంది)
Wad5200c4afda	బడిలో	school
Weac3078069ef	ఒకరున్నారు	one person is (there); ఒకరు + ఉన్నారు
W1ffce918db2e	పిల్లలకు	pillala (child) + -ku (-ku — to, for (dative; goes after the noun))
W04bb2887f351	మాష్టారు	teacher, schoolmaster (honorific; from Eng. 'master')
Wacea7b9047af	రోజూ	daily, every day (rōju with the vowel lengthened)
W1a504213cb61	నైవేద్యం	offering
W1b684391ce82	ఐకమత్యం	unity
Wfd19348f3a93	ఊల్లో	in the village (from ఊరు)
Wa90e74d4cc5f	పెద్దలు	elders
W9ee50e02abd7	ప్రతిసాయంత్రం	every evening (ప్రతి 'each' + సాయంత్రం 'evening')
W51b032eb7953	తీరిక	leisure
Waad8cce7a730	కాలక్షేపం	passing the time
W79e5d5aceba7	వాళ్లకు	their
W8268cf72913f	పనులు	jobs, tasks
W3f4301b5c6cc	పాటలు	songs (plural of pāṭa — the -lu plural)
W35bd24af97bc	అందరి	of everyone, of all (oblique of అందరు)
Wfd0a766bbef5	మాటలు	words, talk
W8e477d00ceba	తోట	garden
W3ce1add0f1ea	రంగుల	rangu (colour; color) + -la (-la — the plural -lu in its oblique form, used before anothe)
W82e99510a553	పిల్లల	child
Wfb5b1857b0f0	వేడుకలు	vēḍuka (ceremony / celebration) + -lu (-lu — the general plural suffix)
W9598fb4615b3	బడిపంతులు	schoolteacher
W76fdb9b04a9a	బోధనలు	teaching
W7b8f4746dbfe	భావికి	future
Wbb650435d2e0	నిచ్చెనలు	ladder
Wff000cc6d239	ఆటలు	āṭa (game / sport) + -lu (-lu — the general plural suffix)
Wcf3d08acfe09	ఉజ్వల	bright
Wbf2c67246cb2	పూల	of flowers (oblique pl. of పువ్వు)
Wfa3475285dfb	బాటలు	path
Wc4d5224a4d0b	ఉఊళ్లో	in (our) village/town; from ఊరు + locative -లో
W9f7df48cc2ec	బళ్లో	in (the) school; locative of బడి
W2b60a1309683	చదువుల	"chaduvu (read (also ""study"")) + -la (-la — the plural -lu in its oblique form, used before anothe)"
We2a6a646eece	మనోవికాసం	mental enlightenment
W9b62d80db03d	అర్చనలు	worship
W8ec974727d45	బడికావాలా	
Wda547d059ac6	మాకొద్దు	"we don't want (it); from మా ""our/us"" + వద్దు ""not wanted"""
We0428a39e05d	ఒడలు	body (bodies); from ఒడలు 'body'
We935cc3f1698	మెదడులకు	to the minds/brains (dat. pl. of మెదడు 'brain')
Wfa28a2094208	పనిముద్దు	work is a delight (pani 'work' + muddu 'sweet, dear')
W862a173b3384	వుంది	there is
W01c42089ad86	శేషాద్రి	a speaker in these dialogues (name)
Wd21807b11687	బాగుందండీ	is nice (polite: bāgundi + aṇḍī)
W5f13c3c8114d	అద్దె	Police station
Wb561b7025832	ఇల్లే	house itself (ఇల్లు + emphatic -ఏ)
W8ea6accf15d5	అందుకే	that's why
W8da2ac9236d6	శారదా	a speaker in these dialogues (name)
W711ffcd7aa45	ఎవరో	someone / who it might be
We0b58473948a	శారద	a speaker in these dialogues (name)
Wa97e366af94b	వారికి	To them
W232c1d9b6445	ముందీ	first, these — ముందు 'first' + ఈ 'these'
W8f69a9fbbcaf	బిస్కెట్లు	biscuits (plural of బిస్కెట్)
Wee8d416f2d05	మామయ్యగారికి	to (respected) uncle; dative of మామయ్యగారు
W7491bca21d6f	పేరేమిటో	what your name is (pēru 'name' + ēmiṭō 'what')
Wc0c6345422f1	మంచిపాపవి	you are a good girl (మంచి + పాప + -వి 'you are')
W7ea790e18393	దగ్గరికి	close to, towards
W91db6e055f56	రామ్మా	come, dear! (రా + అమ్మా, affectionate imperative)
Wed182bb37c4a	ఏముందో	what there is (in it) — ఏమి + ఉన్నది, dubitative
W16bd47812c6f	వెళ్ళమ్మా	go, dear! (imperative వెళ్ళు + affectionate అమ్మా)
W29cd11bb4035	మామయ్యగారి	"uncle's (honorific); from మామయ్య ""maternal uncle"""
Wa383ca77ee5d	అకా	sister! (vocative of అక్క, elder sister)
W58dd41c97507	నీకే	for you specifically
Wcb0a5f222e0f	తిను	eat
W5eba49fd7ac1	బిస్కెట్టు	biscuit
W6d9ec0c2fc0b	బొమ్మకావాలి	(I) want a doll (బొమ్మ + కావాలి)
W769b29bb0794	మీరే	you yourself
W137c922136ab	తినండి	Eat ( Respect
W314efa60f948	ఎందుకొద్దు	why not? (why don't you want) — ఎందుకు + ఒద్దు
W11740761c20f	నావ	to me (colloquial form of నాకు, dative of నేను 'I')
W57b4440ad3e0	ఆకలి	hunger
W35f10b727495	అందుకు	that is why, therefore
Wf31f817de3b7	తియ్యండి	please take out/remove (a little); from తియ్యి/తీయు
W29716703522c	అంతవెయ్యకుడి	don't put that much (from వేయు 'to put')
W86b9e02616ca	అడ్రసు	address (n)
We7fb505278e7	డైరీలో	diary
W8d97d4146e17	రాయి	write (spoken form — vrāyi is written)
W27aa08023906	ఏదీ	which (pro.)
W8b8ea1dbc56f	డైరీ	diary
W01d3c0f3a2d4	సారుగులో	drawer of a table or box
Wb8e39e88a60e	పోలీసు	police officer
We93e181c34d0	స్టేషను	station
W69b498222f16	వీథి	street
Wcac87c4345e7	కొత్తపేట	Kottapeta (locality in Guntur), lit. 'new town'
W664f886e32b4	గీతగియ్యి	draw a line (under it), underline — imperative of గీత గియ్యు
Wf7d01fc31bf2	లక్ష్మీ	a speaker in these dialogues (name)
Wfcff32def61a	కప్పు	close; cover (v.t.)
W066088698bc4	పెట్టు	to put / place (base)
Wcdd8c20383f5	ఎక్కడున్నావు	where are you? (ఎక్కడ + ఉన్నావు)
W171b51a29b8c	తొందరగా	hurry (n); quickness
Wfc9ae2143ec8	కొయ్యకు	don't pluck (from కోయు, to cut/pluck)
Wad3259ac642d	మొక్కలకు	mokka (plant) + -la (-la — the plural -lu in its oblique form, used before anothe) + -ku (-ku — to, for (dative; goes after the noun))
W6c2780d01e09	నీళ్లు	water (plural form of నీరు)
Wabf1aea6cc6f	పాయ్యి	fire-place
We2f873b16bf2	కొయ్యి	cut; pluck (v)
W1d8b4877204e	ఆరున్నరకు	at six thirty (from ఆరున్నర, six-and-a-half)
Wa10dd789e362	బయల్దేరండి	get going, set out (imperative, polite); from బయల్దేరు
Wb13a28a394df	తొందర	hurry (n); quickness
Wbad8b18eea15	ఐదున్నరే	only five-thirty (5:30) [ఐదున్నర + emphatic -ఏ]
W890ee40ba732	గూడా	also (a variant of  )
W78931049dda8	బయల్లేరు	set out!, get going! (from బయలుదేరు)
Wcb10d351bad3	రామారావ్రగారూ	Mr. Ramarao! (vocative address)
W6ff6fcdec678	జేబులో	jēbu (pocket) + -lō (in, at (no distinction in Telugu))
W5371072c5733	వముందో	"whatever is (in it); from ఏముంది ""what is there"""
Wa2c9b6f66d34	దగ్గరకు	"daggara (near — but with a person it means ""has"") + -ku (-ku — to, for (dative; goes after the noun))"
Wb95492feaab1	నాకొక	for me a (నాకు 'to me' + ఒక 'a')
W72fcdda8dd36	సహాయం	help / assistance (Telugu)
Wc76a9d9a14fe	చెయ్యాలి	must do
W2307a4c03be8	ఏమీలేదు	nothing; it's nothing (ఏమీ + లేదు)
W37aeb9e1ce5f	గాయత్రీ	Gayatri (name of a cinema hall)
W9426462a4667	టాకీసులో	in the talkies (cinema hall); from టాకీసు
W28937601d082	సినిమా	movie, cinema
W23ba9e2dcf90	సినిమాకు	sinimā (movie, cinema) + -ku (-ku — to, for (dative; goes after the noun))
W8a73b5d9bb63	పోవాలి	must go (from పోవు, 'to go')
W8173fbca60a2	పో	go (blunter synonym of veḷḷu)
W666551c24fdb	నాతో	nā (my (before a noun)) + -tō (with (goes after the noun))
Wb93404197857	రావాలి	rā — come (base verb — becomes raṇḍi with aṇḍi)
W279d9631005f	నేనెందుకు	why should I? (నేను 'I' + ఎందుకు 'why')
W1dc955487fe8	ఎందుకేమిటి	"""What do you mean, why?"" (ఎందుకు + ఏమిటి)"
W69857074cc0f	పని	work, task (pairs with chēyi)
W44e235f2f632	మాష్టారుగారితో	with the teacher (honorific) — from మాష్టారు
W21d8287e3da6	మాట్లాడాలి	māṭlāḍu — speak, talk (māṭa + āḍu)
W39cffee55986	తీసుకోవాలి	tīsukō — take
W5c836a1c74d6	మాట్లాడు	speak, talk (māṭa + āḍu)
Wabbfa8901041	వేరే	else
W0cd288ea243f	వెళ్లాలి	must go, have to go (from వెళ్లు)
W7452a2f72552	నాన్న	"father (say ""mā nāna"" for ""my father"")"
W684a7133ecf9	గారిని	of (polite)
W43a19ac82879	చూడాలి	chūḍu — see, watch
W9ee49b99a392	ఆయనతో	āyana (he (formal — to/about an elder)) + -tō (with (goes after the noun))
W0ffee95a98af	తమ్ముణ్ణి	the younger brother (as object)
Wf3b631074c8d	వాళ్ళను	vāḷḷa (their (people)) + -nu (won't / don't (negative future))
Wbbb4464a4bfc	చెయ్యి	cake made of do (v)
Wd247457147f4	ఇవ్వేళే	this very day, today itself (ఈ + వేళ + ఏ)
W63db0f318edc	కుక్కను	kukka (dog) + -nu (won't / don't (negative future))
Web4f403c81cd	తీసుకురావాలి	must bring (from తీసుకురావడం/తీసుకురా)
Wc530fbfa0e89	డబ్బులు	money (Hyd)
W3b1325847c57	అదావిషయం	"""is that the matter?"" (అది + ఆ + విషయం)"
Wb5bf5fff4629	వీలు	let
W81c8335c292c	మెస్సుకు	mess
W4891e9f7aecd	పద	let's go
Wd32a2e0a8791	అన్నం	rice (cooked)
W5620865716d4	తినాలి	tinu — eat
W12d3c0e8eac1	నారాయణా	Narayana! (calling)
W4c485ee137b3	కంచం	plate used to eat food
Wb1f63219df59	బాగాలేదు	is not good/clean (బాగా + లేదు)
Wa91a1c43ff4c	మళ్ళీ	again
W182487139d5b	కడుగు	wash
W00c4e4507d82	చపాతీలేనా	only chapatis? (chapati + emphatic ~enā)
W802f961d00a2	నారా	Nara (personal name; speaker label)
W1318d4f80a8d	ఇవ్వాళ	today
Wb158c68ed0aa	చపాతీలు	chapātī (chapati) + -lu (-lu — the general plural suffix)
Wc5e0ea8d949c	కొంచెమే	only a little, just a few (కొంచెం + emphatic -ఏ)
W983c6275dcad	రతి	a speaker in these dialogues (name)
W5123cfa59a9b	అదినాకు	that (is) to me — from అది + నాకు
Wc69e3255ed54	అనవసరం	unnecessary, of no concern (to me)
W009cf9f87310	రోజుకు	"rōju (day (ī rōju ""today""); for ""daily"" the vowel lengthens to rōj) + -ku (-ku — to, for (dative; goes after the noun))"
W8fed9980401c	కనీసం	least
W0ddafe6c441c	మెస్సు	mess
W730d6e91ded2	సెక్రటరీని	secretary (accusative), from సెక్రటరీ
W819f6c6a0848	అడగండి	ask (polite imperative, from అడుగు 'to ask')
W5d61f50fd8a6	మెహకార్	Mehakar (personal name, with Singh)
Wf7c0f1eb914d	సింగ్	Singh (part of the name Mehakar Singh)
W3939f02abce8	నన్నుఏమీ	me anything (నేను acc. + ఏమీ 'anything')
W9d6b60496ca7	అడగకు	don't ask (negative imperative of అడుగు)
Wa36bd375d882	సెక్రెటరీ	secretary (English loanword)
Wda75e62b2587	ఆయనను	āyana (he (formal — to/about an elder)) + -nu (won't / don't (negative future))
W9075ec36314d	అడుగు	step, foot; to ask
W0a29f09c16a5	నందకుమార్	Nandakumar (speaker's name)
Wa97b8ee542ea	ఊర్కో	be quiet!, stop it! (imperative of ఊరుకొను)
Wf194bb7dd5a2	రతిరమ్	Ratiram (personal name, vocative)
W0dcdf0b8e0de	ఒకపనిచెయ్యి	do one thing! (ఒక పని + చెయ్యి, imper. of చెయ్యు)
W52eba00215a0	అకర్లేదు	is not needed (from అక్కర, need); = అక్కర్లేదు
W0d57a753caf1	సెక్రైటరీనే	the secretary (emphatic: only the secretary)
W607d9d6c46e5	తీసుకోపో	take (it) away! (imperative of తీసుకొని పోవు)
W55c6a8b30bd5	కోతిని	kōti (monkey) + -ni (-ni — marks the direct object, after stems ending -i or -u)
Wa4025d0c3942	కొమ్మ	branch of a tree
Wc4a0b8d1719f	కొమ్మమీదికి	onto the branch (కొమ్మ 'branch' + మీదికి 'onto')
W39a1a665a795	కొమ్మమీదినించి	from on this branch (కొమ్మ 'branch' + మీద 'on' + నుంచి 'from')
We18c7f103fc6	దూకుతోంది	is jumping (from దూకు, to jump)
Wbfe981878cb2	మామిడి	mango (adj.)
Wca87365039b1	మాదే	ours (emphatic) — from మాది 'ours' + -ఏ
Wc151e7bc1043	కాయలు	unripe fruit, vegetables
Wef402e10eac6	విమల	a speaker in these dialogues (name)
W002d32d56351	కాయ	fruit; here a single (unripe) fruit/piece
W7f87be54200e	ఎక్కు	climb
Weebe5a90cb5f	ఎక్కుతున్నాను	I am climbing/boarding (from ఎక్కు)
W04e93f9a8057	జాగ్రత్త	careful / caution; Be Care
W206b56378427	కొమ్మను	branch of a tree
W62e6c171bf43	ఊపు	shake/rock (it)! — imperative of ఊపు 'to shake'
W69f78fe05e16	ఊపుతున్నాను	I am rocking/shaking (it); from ఊపు 'to rock, swing'
Wcf68630cdf53	ఊపుతున్నావు	you are shaking/rocking (from ఊపు)
W4f59d3301a14	కొమ్మకు	branch of a tree
W93897448e156	సర్కే	okay, alright (variant of సరే)
W07a85605e98c	రాలుతున్నాయా	are (they) falling off? — from రాలు 'to fall/drop'
We6900bcbb829	రాలుతున్నాయి	are falling (off); from రాలు 'to fall/shed'
W129d638c795e	కాయలన్నీ	all the fruits/mangoes (from కాయ + అన్నీ)
W3c667922ebdb	ఏరుతున్నారా	are (you) picking up/gathering (from ఏరు)
W1e543ee7cefa	ఏరుతున్నాం	we are picking/gathering (from ఏరు)
W4cc95df8ee46	ఏరుతున్నారు	are picking up/gathering (from ఏరు)
W4d8f6f9ba3dc	విమలగూడా	Vimala too (Vimala + కూడా 'also')
W66f0ba4fd46d	ఏరుతోంది	is picking up/gathering (from ఏరు)
W74b907c90221	చెట్టుమీదినుంచి	from atop the tree (చెట్టు + మీది + నుంచి)
We8dc5e2d839f	దిగుతున్నాను	I am getting down/descending (from దిగు 'to descend')
W7eb1e567999d	కిందికి	down, downwards (from కింద 'below')
W75cde8ca1d28	విరుగుతోంది	is breaking/snapping (from విరుగు)
W7aca67221d4d	జాగ్రత్తగానే	carefully (indeed) — from జాగ్రత్త 'care'
W72909e77fd04	వెంకటరామయ్య	Venkataramayya (man's name, speaker)
W6682c63ebb3b	ఏమోయ్	hey! (familiar call to a man)
W4f163c1e7e6a	రామారావ్	Ramarao (man's name, vocative)
W8f912af0fb52	కుర్రాడు	boy, young lad
Wcdc03bc12636	నీలాగే	just like you (నీ + లాగా emphatic)
W166d4ec2b6ea	ఉన్నాడోయ్	he is/there is — with 'hey!' particle (from ఉండు)
W32f5aabd0f65	ఎటు	something in which direction
W94cad7df36bd	వెళ్తున్నావు	veḷḷu — go (the standard word)
W400f5aa8f326	స్టేషనుకు	station
Wd9aff9582089	వెళ్తున్నానండీ	I am going (polite, +andi); from వెళ్ళు 'to go'
W92538f9a6f27	వస్తున్నారు	rā — come (base verb — becomes raṇḍi with aṇḍi)
Waafc3cb2ee9a	అక్కయ్యను	elder sister
We39dca897c13	తీసుకొస్తున్నారు	is bringing (along); from తీసుకురా/తీసుకొచ్చు
Waa32dd36195f	వెంకట	a speaker in these dialogues (name)
W7566f1576c43	నేనుగూడా	I too, me also (నేను + కూడా)
W3be4810c1595	స్టేషనుకే	to the station (itself); from స్టేషను + dative -కు + emphatic -ఏ
W35a3fa03340f	వెళ్తున్నాను	I am going (present)
W3235d1a53202	చదువుతున్నావు	"chaduvu — read (also ""study"")"
W9b3f9dd685b9	చదువుతున్నాను	"chaduvu — read (also ""study"")"
W6ef1b9a7b729	చదువుకోసం	for (your) studies/education (చదువు + కోసం)
Wfb81a7e172e4	కష్టపడుతున్నారు	is working/striving hard (from కష్టపడు)
W7368b41f563b	కష్టపడు	disease
W8d16b440c251	బాగాచదువు	study well! (బాగా + చదువు, imperative of చదువు)
Wd432b6173175	అటు	that way
Wc13c8b735003	పరిగెత్తుతున్నాడు	is running (from పరిగెత్తు, to run)
W7a92d6308c03	దొంగలాగా	donga (Thief) + -lāgā (like, as)
W6e741a9cda38	పారిపోతున్నాడు	he is running away (from పారిపోవు)
Wb265508f011a	పోలీసుకు	pōlīsu (police officer) + -ku (-ku — to, for (dative; goes after the noun))
W27a144c96eee	అక్కర్లేదండీ	no need, sir (అక్కరలేదు + polite -అండీ)
W5478149ec896	పోలీసులుగూడా	the police too/also (పోలీసులు + కూడా)
W6f3086af28e0	వాడికోసం	for/after him (వాడు 'he' + కోసం 'for')
Wa8e5c662547d	పరిగెత్తుతున్నారండీ	they are running (polite); from పరిగెత్తు 'to run'
We56b0e41b305	దొంగ	Thief
Wce011c476483	ఇటు	this way, in this direction
W78ec05b7ce11	వస్తున్నాడు	rā — come (base verb — becomes raṇḍi with aṇḍi)
W64040f1cea51	పరిగెత్తు	run (v.i.) ter another
W719f88830c5c	పట్టుకో	
Webfeac086427	పోలీసులు	pōlīsu (police officer) + -lu (-lu — the general plural suffix)
Wb825e0417642	తీసుకుపోతున్నారు	are taking (him) away; from తీసుకుపోవు
W561374de0895	జనం	people, a crowd
Wa6a5218f910b	హడావుడిగా	in a hurry
Wbe06fcaec57e	వెళ్తున్నారు	veḷḷu — go (the standard word)
Wcaee169baf58	బండి	cart; vehicle; train
Wa38cbe56a407	వస్తోందా	is (it) coming/arriving? (from వచ్చు)
Wd098945e7cd5	మిమ్మల్ని	you (object, formal) — suppletive
Wd47118a77afd	ఏదో	something in which direction
W839219e7936f	అడుగుతున్నారు	is asking; from అడుగు 'to ask'
W162086686466	శేఖర్	Sekhar (man's personal name)
Wc689ceaca004	మీరేనా	is it you? (మీరు 'you' + emphatic -ే + question -నా)
W9fd67919addf	శేఖర్ని	am Sekhar (predicative form of the name Sekhar)
W80821335496c	కోసమే	only for
Wd9877693c0f2	వస్తున్నాను	I am coming (present)
W9e882d249d44	ఇక్కడేం	what … here (ఇక్కడ 'here' + ఏం 'what')
W7ca65763aa54	చేస్తున్నావు	chēyi — do, make — also carries any English verb; hand
Web734421d851	పళ్లు	fruits (plural of పండు)
W306f70f77eda	కోస్తున్నాను	I am plucking/picking (from కోయు, to pluck/cut)
Wdeb995d8a4d9	అందులో	in that / among
W1d47ab2dde16	ఖాళి	empty
We3f390ebfb69	పండు	fruit; Fruits
W31cb321674b6	బైటికి	outside (motion towards)
W53aae9fa4b02	వెళ్తున్నావా	are you going? (from వెళ్ళు 'to go')
W4ccc9b419dd5	అదుగోచూడు	look, there it is! (adugo + chūḍu)
W94856b03da36	ఆపండు	that fruit (ఆ 'that' + పండు 'fruit')
We38da1499426	బ్లేడుతో	with a blade (from బ్లేడు 'blade')
W275f3d704a1e	కోస్తున్నావా	are you cutting? (from కోయు, to cut)
W84d99f12df52	కత్తి	knife
W0f982050a0cc	కత్తికి	katti (knife) + -ki (to (goes after the noun))
W6b3566d85b92	పదును	sharpness, keen edge
W5bb4abc1a7a3	మీతమ్ముడు	your younger brother (మీ + తమ్ముడు)
W99be38e3c8a5	లోపల	inside
W4f357c2ba972	చేస్తున్నాడు	chēyi — do, make — also carries any English verb; hand
W05bcd3b666bd	రాస్తున్నాడు	rāyi — write (spoken form — vrāyi is written)
W5c7dce1b3f91	కొట్టు	to hit / knock
W0d9cb1959c7e	ఎదురు	opposite, facing
Wef70616b33f0	చూస్తున్నాడు	chūḍu — see, watch
W6aea6c0bad82	బాలు	a speaker in these dialogues (name)
W701d47c5715e	లోపలికి	inside (motion towards)
W172ef7fef0ab	డ్జెరీలో	in the diary (డైరీ + -లో); spelling variant
Wc5bfe207d8c4	ఇందులో	in this
Wd128d8d94c61	ఎక్కడా	where
Wf91060bb2d7b	సారి	time (as in first time two
W83e9c426e034	ఎందులో	in what
W80ae4afe8ad5	చూస్తున్నావు	chūḍu — see, watch
Wdefa21bfda1b	బైట	outside (from బయట)
W4fe8956b1d12	కొడ్తున్నారు	is/are knocking, striking (from కొట్టు, to hit)
W759f2831c47f	బాలూ	a speaker in these dialogues (name)
Wdcfabac8dde5	తీస్తున్నాను	I am opening (from తీయు 'to open/take')
W464eba71a119	గాలికి	gāli (wind; air) + -ki (to (goes after the noun))
W548d6624b083	చప్పుడు	noise; sound (n)
Wa0524a0df669	చేస్తున్నాయి	are making (of sound); from చేయు 'to do/make'
W5037bd83f974	సే	say
Wc7422a575797	కుర్చీని	kurchī (chair) + -ni (-ni — marks the direct object, after stems ending -i or -u)
W213ea7371179	దగ్గి	near, up to (variant/short form of దగ్గరికి 'toward')
W50280529a114	నెట్టు	push
W41e55719aaa0	నెడ్తున్నాను	I am pushing (from నెట్టు/నెడు 'to push')
W2f1a0405dd20	ఏవో	some (unspecified) — indefinite pl. of ఏవి/ఏమి
W69a3981737f5	కాయితాలున్నాయి	there are papers (కాయితం + ఉన్నాయి)
Wda77d3127af2	పెడుతున్నాను	I am putting (present)
W9b2744796874	పుస్తూల	of books (variant of పుస్తకాల, from పుస్తకం)
We51746507cfe	కట్టలు	bundles (plural of కట్ట)
Wd0c6bf58e94c	రైలుస్టేషనుకు	to the railway station (రైలుస్టేషను + dative)
W70e673b5e5c7	తీసుకు	carry
W6d69ef43c848	బయల్డేరు	set out! start off! (imperative of బయలుదేరు)
W7ed78e1c87ea	మనతో	mana (our — INCLUDING the listener) + -tō (with (goes after the noun))
Wc4e97320fdda	నువ్వీ	you this (నువ్వు 'you' + ఈ 'this')
Wc4183c11a5b2	కట్ట	bundle, bunch (this bundle)
W92c4c82f41e6	శర్మకు	a speaker in these dialogues (name)
W6b26a61be206	కుంటుకున్నావు	you are limping (from కుంటు, to limp)
W12f2d23f7c90	నెప్పిగా	painfully, aching
Wfa47142e30be	వెళ్లకు	don't go (negative imperative of వెళ్ళు, to go)
W9ad3ef02639d	చేతిలో	chēti (hand) + -lō (in, at (no distinction in Telugu))
W469dd822e25f	పుస్తకాలున్నాయి	there are books (పుస్తకాలు + ఉన్నాయి)
W09be850fd922	చేతులలో	in the hands (from చేయి 'hand')
W0d2b56f28cec	లేవుగదా	they aren't (in it), are they? — లేవు (neg. of ఉండు) + గదా
W9dd9c37a0bc4	ఎడమకంటికి	to/in the left eye (ఎడమ కన్ను + -కి)
W547bc476dc29	వస్తున్నాయి	are coming (from వచ్చు, to come)
W1279f3e0a8c8	కళ్ళు	eyes
W1f3da8ade380	కళ్ళూ	plural form of  to beat; to hit; to knock
Wb91622862a45	ఎడమ	left
Wa7e5d6a473cf	కన్ను	eye
W0fe758754483	కుడికన్ను	the right eye (కుడి + కన్ను)
Wf70025ca159f	కంట్లో	in the eye (locative
W7dfdd65326ea	నొప్పిగా	noppi (pain) + -gā (-gā — turns a noun into a description)
W832ebe96ba58	విపరీతంగా	severely; abundantly
Wf7fb4935f62c	కళ్ళల్లో	into the eyes (from కన్ను 'eye')
W57d735a63fc6	దుమ్ము	dust
Wd0ab2fcb0033	పడుతోంది	"paḍu — fall, drop (paḍu — cf. pāḍu ""sing"")"
Wc9879ed3f3de	కళ్ళజోడు	spectacles
Wa4d413fcf100	పెట్టుకో	to put on; to wear
Wd01925e59d66	జేబుకు	jēbu (pocket) + -ku (-ku — to, for (dative; goes after the noun))
W705e844d8a21	చిల్లి	behind; back side a hole
W793a8cc397bf	పడుతున్నాయి	are falling (from పడు, to fall)
Wc259847e064b	దోవలో	path, way
Wf3af4253d0d1	ఇన్ని	this many (answer to enni)
W7bb5ce3bb9bd	ముళ్ళు	plural form of
W63cf465f4d13	ముల్లు	thorn
W14e636e5514e	పెద్దదో	how big (it is)! — exclamatory of పెద్దది 'big one'
Wbbe178f3d00f	జాగ్రత్తగా	jāgratta (careful / caution; Be Care) + -gā (-gā — turns a noun into a description)
W7bf3e019a3c3	తీవ్రంగా	severely
Wf9bf51b77e66	కాళ్ళు	feet, legs
W8437d566454d	కాలుతున్నాయి	are burning (from కాలు, to burn)
W00d7c312685b	గిర్కి	Giri (personal name), garbled in OCR
W610393ec736a	వస్తున్నారా	are the students walking?
W1e6189f1f547	మనవెనక	behind us (మన + వెనక)
W994cf3317a1c	అన్ని	that many; all (things)
W1ab72503f773	బరువుతక్కువ	light in weight; less heavy (బరువు + తక్కువ)
W4a2fb292f6d3	రామారావ్య	Ramarao! (calling a man by name)
W1d164757143c	చెల్లెలికి	the younger sister’s
Wcafe75c5a92e	రేడియో	radio
Wfe2de30ecc33	కొంటున్నాను	am buying (from కొను, to buy)
W61fa06578b45	బజార్లో	bajār (market (Urdu)) + -lō (in, at (no distinction in Telugu))
W6a9ffdcca5c1	కొట్టుంది	there is a shop (కొట్టు 'shop' + ఉంది 'is')
W1a29ae9232e5	కొను	to buy
Wf5b8fcd82f1c	కొట్లో	in the shop
W61358fba6c49	మోడల్సు	models, designs (English loan, plural)
W8a578bafcf6d	బజారు	market (here: market shops)
Weaaa2a99a6b9	కొట్లకు	for the shops (dative pl. of కొట్టు 'shop')
W5ef126e278cc	తింటున్నావు	tinu — eat
Webadae5b486e	తింటున్నాను	I am eating (present)
W99b72f05ee32	ఏద్సీ	come on / let's see (urging particle); OCR of ఏదీ
W0a98f13b2cbf	పెట్టండి	please put on/switch on (from పెట్టు)
Wa4aa3963cd80	ఆకాశవాణి	All India Radio
W1340ca7c7a06	వింటున్నారు	vinu — hear, listen
Wafa4a725af27	ఊం	mm (yes / go on)
Wf33ea03a78bd	అను	say
Wc4a5179fcebc	బెనౌనను	nonsense syllables from a film song refrain
Wfbf22806ba70	లేదన్నయ్యా	"""is not, brother"" (లేదు 'is not' + అన్నయ్యా 'brother' voc.)"
W59de43010b91	కంపెనీదే	belonging to (this) company — కంపెనీ + genitive -ది + emphatic -ఏ
Wb640b45080db	యింకొక	another, one more (= ఇంకొక)
W999dea562f99	కొట్టువాడు	shopkeeper (speaker label)
Wada69561ad30	యిది	this (variant of ఇది)
W5f5bde0c5bc2	యివ్వండి	give! (polite imperative of ఇవ్వు)
W62e0031fd181	అలాగే	just like that / as is
W821bd698c6d6	సుబ్బరామయ్య	Subbaramayya (man's name, speaker)
Wedb552d42637	ఏవోయ్	Hey there! (familiar call to a man)
W673ddeb373ed	కొంటున్నావా	are you buying? (from కొను, to buy)
W0f3c96c76d3b	సుబ్బ	a speaker in these dialogues (name)
W3be0bd8ea33e	కొనాలయ్యా	must buy, sir! (from కొను 'buy' + obligative + vocative అయ్యా)
W1f8d7fecd5bb	నువ్విది	you (subject) + this (object); నువ్వు + ఇది
W45ea147a9af1	తీసుకుంటున్నావా	are you taking? (from తీసుకోను/తీసుకోవడం, to take)
W720663ca9c84	మోడలే	this same model (model + emphatic -ē)
We283e091993f	ఇవ్వండి	please give (formal)
W6667ac89b175	సుబ్బరామయ్యగారూ	Mr. Subbaramayya! (respectful vocative)
Weff79bb47411	సోపాలో	in/on the sofa (సోఫా + locative)
W2b8cb08ea6a7	కూర్చుంటు	"sitting — part of కూర్చుంటున్నాను ""I am sitting"" (from కూర్చొను)"
Wf391ef5c0735	ఆరోగ్యం	health
W743c0a2fcd3f	బాగాలేదా	is it not good? (bāgā lēdu + interrogative -ā)
Wd83f31664911	కొన్నిరోజులనించి	for the last few days (from some days)
Wb1a020f85159	గుండెలో	guṇḍe (heart) + -lō (in, at (no distinction in Telugu))
W043695c4ded9	వస్తోంది	rā — come (base verb — becomes raṇḍi with aṇḍi)
W690abffea8da	తీసుకుంటున్నారా	are (you) taking? (from తీసుకొను, to take)
W8781ee572e7d	రోజులనించి	since (how many) days — from రోజు 'day' + ablative
W535b56bd6972	ఉంటున్నావు	uṇḍu — be, stay, live, exist (the to-be verb)
W71bcc40e12d4	నెలలనించి	for/since (four) months; from నెల 'month' + నుండి 'since'
W8721ae83cfbc	ఉంటున్నాను	uṇḍu — be, stay, live, exist (the to-be verb)
Wdda716e6a32f	ఉండు	be, stay, live, exist (the to-be verb)
W9d54b873910e	ఇంటతని	landlord, house-owner (oblique of ఇంటతడు)
W5d71f225e608	డబ్బు	money
Wff9fab5b2463	కొంత	some, a certain amount
W45613187e9b7	బ్యాంకులో	byānku (bank) + -lō (in, at (no distinction in Telugu))
W2c62291fca36	నిద్రపోతున్నాడా	is he sleeping? (from నిద్రపోవు, to sleep)
Wde44f5f5e65e	తాగుతున్నాడు	tāgu — drink
W241bd66e4246	బాబును	child (male), a little (an
Wee3a210dd907	నిల్చుంటున్నాడా	is he standing? (from నిల్చుండు, to stand)
W0cac6b1c43f5	ఇప్పుడిప్పుడే	only just now
Wa39a1ba66020	నిల్చుంటున్నాడు	is standing (up); from నిల్చు 'to stand'
W1025fb1ae34e	నిల్పోరా	stand up! (familiar imperative of నిల్చు)
W36176807c955	సుబ్బరామయ్యిగారికి	to Mr. Subbaramayya (dative of సుబ్బరామయ్యగారు)
Wa586f634eb2f	వడ్డించు	serve (food)! — from వడ్డించు
W233520af9aaa	ఏంర్యా	"""What, you!"" — ఏం + familiar male vocative ర్యా"
W5265fadbe871	నవ్వుతున్నావే	you are laughing (from నవ్వు, to laugh)
W31f64cf32731	నవ్వరా	laugh! (imperative to a male; from నవ్వు)
W1f781a02f2f9	నవ్వు	laugh; Smile
W153fd1b576e7	మైసూరు	Mysore (city in Karnataka)
W9e223cc21110	ఆగస్టు	August (month name)
Wc37e0fee3903	ప్రియమైన	dear
W55ecf3de9ab6	నాన్నగారికి	father’s
W59e0cc06a22a	క్షేమం	safe
Wea1cab597e0c	మీరూ	you too (మీరు 'you' + emphatic -ū)
Wfdfec21dfdfe	చిరంజీవి	long living
Wd63986c40c6f	గిరిజా	a speaker in these dialogues (name)
Wf8a8a6200c11	క్షేమంగా	safe
Wf19b816045c2	మైసూరులో	in Mysore (locative of మైసూరు)
W5dcce03e7c7d	వాతావరణం	weather / atmosphere
W60162df4b407	వర్షాకాలం	rainy season
W1dde4b98f87c	క్లాసులు	class-room
W3586eee0cb26	జరుగుతున్నాయి	are going on, are taking place (from జరుగు)
W270cbe9181b1	కొత్తభాష	a new language (kotta 'new' + bhāṣa 'language')
Wcb8ff7858e94	కాబట్టి	therefore, so (after the cause)
Wec0a55577d30	ఉత్సాహంగానే	enthusiastically, with interest (from ఉత్సాహం 'enthusiasm')
Waa04e488c4b7	నేనిక్కడ	I (am) here
W83124e25467f	హాస్టల్లో	in the hostel (loc. of హాస్టల్)
W01a862fcf55c	హాస్టలు	hostel
W0b1e1b10ce88	ఇన్స్టిట్యూట్	institute
Wd7ce6d506451	మైలు	mile
W53e5bb3c1b3d	దూరంలో	dūraṁ (far) + -lō (in, at (no distinction in Telugu))
W410ab604d670	మెస్సులో	mess
W9cfbbbb675e3	ఎక్కువగా	ekkuva (a lot, excessive (of quantity)) + -gā (-gā — turns a noun into a description)
Wd8cf7c942508	పెడ్తున్నారు	they are serving (food); from పెట్టు 'put, serve'
Wfec4c06837a3	ఇక్కడి	of this place
W5914b135818c	ప్రజల	of the people (here); from ప్రజలు 'people'
W74ce3dee8f08	ఆహారం	food
W371d11dac77e	పరిస్థితికి	paristhiti (situation; condition) + -ki (to (goes after the noun))
W0f8ffd039d97	పడుతున్నాను	I am holding (present)
W78da93930342	స్ఫూలుకు	school
Wc4205e362b4e	వెళ్తోందా	is (she) going? — from వెళ్ళు 'to go'
Wbd0ac31bcf14	ప్రతి	every, each (goes before the noun)
W6926c6c85926	వస్తున్నాడా	is he coming? (interrogative)
Wb694c79e2e36	పరీక్ష	exam / test
W786be65fc4d5	సంగతి	matter / thing (casual)
Wb4823596a063	వెంటనే	immediately
W54ed3f6dfa2d	రాయండి	rāyi — write (spoken form — vrāyi is written)
Wa96cf7ae1158	వాడికి	vāḍi (his (informal — intimates only)) + -ki (to (goes after the noun))
W2ced2e00fad6	అడ్రసుకు	address (n)
Wb8ed1f85c281	రాస్తున్నాను	rāyi — write (spoken form — vrāyi is written)
W3a56fd8597f5	స్వెట్టరు	sweater
W60810e4b8652	బహుశ	perhaps
W4c9173af0570	ఉండాలి	uṇḍu — be, stay, live, exist (the to-be verb)
W374558bb0229	పోస్టులో	post; mail
Wa4fc30b22adb	పంపండి	send
Wf88fdad5b651	అమ్మగారికి	to the lady/mother (dative of అమ్మగారు)
W038ad43cf860	నమస్కారాలు	greetings, salutations (plural of నమస్కారం)
W8c60d983f6ee	ఆశీస్సులు	blessing
Wef484887e5af	ఇంతే	this much only; that's all (from ఇంత)
W36a6ca0e6ce3	సంగతులు	matters, news (plural of సంగతి)
Wdf5f3179730d	ఇట్లు	saying so
Wd5aa7f629fb8	కుమారుడు	son
W15d845a423af	కుమార్	Kumar
We9dae77d22cd	పెట్టుకుంటున్నావు	you have been wearing (from పెట్టుకొను, to wear/put on)
Wcfc460894898	నువ్యు	you (sg.); misspelling of నువ్వు
W889ab1130499	పెట్టుకోటం	the wearing (of glasses); verbal noun of పెట్టుకో-
W24cf49d7316d	ఇప్పుడే	just now, only now (ఇప్పుడు + emphatic ే)
W509a6f6c516b	చూస్తున్నాను	I am watching
W748fe936a2d9	నించే	(ever) since, from — నుంచి + emphatic -ఏ
W57d405af2fa8	పేటలో	a suburb or division
Wee87cea94a08	ఖాలీగా	vacant, empty (adverbial of ఖాలీ)
W4047e5cf622e	ఉందిగా	undi (is — observation right now (she/it)) + -gā (-gā — turns a noun into a description)
W4c5b592cb331	ఉండడం	ball, coil
Wac271365833b	కష్టంగా	kaṣṭaṁ (difficult, hard; difficulty / hardship) + -gā (-gā — turns a noun into a description)
We4694aa7f1e4	ఇల్లంతా	the whole house (illu 'house' + antā 'all')
W2e017a09898a	చీకటి	darkness
W3e162a693b86	ఎప్పుడూ	never; ever
W0a1cdee3263c	అంతే	that is all
W5f7a1ea62322	ఆఫీసుకు	āphīsu (office (English loan, said āphīsu)) + -ku (-ku — to, for (dative; goes after the noun))
W9cf70c979996	రావడం	coming (verbal noun of రా, 'to come')
W48e13415cc01	పోవడం	going (verbal noun of పోవు, 'to go')
Wd3d826b6a5d5	ఎంతో	so much; a lot
W6f61380d953e	కష్టం	difficult, hard; difficulty / hardship
W618e85afa021	ఇళ్ళ	of houses
W2cf59e0de1c9	కంటె	than (comparative marker
W37e4bef682b4	అద్దెలు	Police station
W67947c1ec377	పెద్దవి	big (ones) — plural of పెద్ద 'big'
W2b41dfc8c0ef	వాళ్ళే	they indeed (are); emphatic of వాళ్ళు 'they'
W4fe67615f3e9	చెడ్డవాళ్ళే	bad people (at all) — చెడ్డవాళ్ళు + emphatic -ే
Wdfbed0b5a75e	ఉందో	"whether (it) is/exists (in ""ఉందో లేదో""); from ఉండు"
W7136f0c71293	లేదో	whether
W5a5ac6d22ffc	సెలవే	"holiday (emphatic: ""is a holiday""); from సెలవు"
W868b36fe1d79	పక్కఇల్లు	next-door house, neighbouring house
W235001e05a3c	ఖాలీగానే	vacant, empty (adverbial + emphatic -ē)
Wc080fc6a8779	వంటయిల్లు	kitchen
W6aa46122000d	చూపించు	show! (imperative of చూపించు 'to show')
Wdaa8d91e6ff3	చేస్తోందమ్మా	is (she) doing, dear? (from చేయు 'do')
W5ab5b64fa1e4	పెద్దక్కయ్య	eldest elder sister
Wfa86a04bd3f5	వంటయింట్లో	in the kitchen (from వంటయిల్లు)
W46c59a4d3a38	వంటచేస్తోంది	is cooking (from వంట చేయు, to cook)
W59bb71d7e4b3	చిన్నక్షయ్య	younger (elder) sister [for చిన్నక్కయ్య]
Wa54a137f25a4	పక్శవాళ్ళ	of the neighbours (next-door people's); from పక్కవాళ్ళు
W5eb6f8d2c2d3	అమ్మాయితో	ammāyi (girl) + -tō (with (goes after the noun))
Wf3f188c6c0f4	ఆడుతోంది	āḍu — play a sport (not music)
We51f1b70c6cd	ఆటలేనండీ	it's nothing but games (for her), sir! (from ఆట 'game')
Wde43662d1581	ఆడు	play a sport (not music)
W4ac7b621b4dd	ఆడటం	playing (verbal noun of ఆడు, to play)
W64ad7964ad65	చక్లెట్లు	chocolates (plural of చాక్లెట్)
W46668d26fc1c	చాలండీ	is enough (polite) — from చాలు 'to suffice'
W2deb42174bc8	తినటం	eating (verbal noun of తిను, to eat)
W4c83bcbfdb11	నువ్వేం	what ... you (నువ్వు 'you' + ఏం 'what')
W8395861cbd5f	చదువు	"read (also ""study"")"
W07d3691e9db8	తున్నావు	"""(you) are ...-ing"" — present-continuous 2sg ending, split from చదువుతున్నావు"
W30f9d06ab99b	చదవటంలేదండీ	I'm not reading/studying (polite) — from చదువు
W24831e0e00ef	పుస్తనికి	to the book (typo for పుస్తకానికి, dative of పుస్తకం)
W91ca6cbaf650	అట్ట	cover, wrapper (of a book)
W452a559925ac	వేస్తున్నాను	"I am putting on (a cover); from వేయు ""to put"""
W4c8a4997970a	కాదమ్మా	"""it's not, dear"" (కాదు + అమ్మా, addressing affectionately)"
Wc3314db945d3	అంటున్నాను	I am saying (present)
W22896f66f4a5	చదువుతున్నానండీ	I am studying (respectful); from చదువు 'to study'
W2410788e1d6d	బళ్ళో	in the school (బడి + -లో, locative)
Wfbfd3546662b	చెప్తున్నారు	cheppu — tell
W565bdff3f709	పాఠాలు	lessons (plural of పాఠం)
W05b7cf2c2095	చెప్పటం	teaching, telling (verbal noun of చెప్పు 'to tell')
We5a6a46fa897	కథలు	katha (story) + -lu (-lu — the general plural suffix)
Wf7ffe313a3b1	చెబుతున్నారు	they are telling/reciting (from చెప్పు, to tell)
W1ef7946e8e71	వెయ్యటం	drawing (verbal noun of వెయ్యు 'to draw/put')
We592316f05e9	నేర్పు	teach (stem of నేర్పుతున్నారు 'they are teaching'); from నేర్పు
W5ac4b9bd9529	తున్నారు	(they) are ...-ing — continuous ending, split from నేర్పుతున్నారు
Wf57bcc357197	పసాద్	Prasad (personal name, speaker label)
W1ad11b25fe60	పాడు	"sing (long ā — paḍu means ""fall"")"
W0a78c63d9f54	పాడుతున్నాను	"pāḍu — sing (long ā — paḍu means ""fall"")"
Wa0b45dea8b55	కృష్ణమూర్తి	Krishnamurti
W1a1e3d4db9fc	మనల్ని	us (accusative of మనం, we-inclusive)
W4bd6c5625aee	అంటున్నాడు	anu — say
Web9b996fddbf	మమ్మల్ని	us (object, exclusive) — suppletive
W3299d98d9ab3	అంటున్నాడా	is he saying? (from అను, to say)
W8c3f33b99edb	నిన్ను	you (object, informal) — suppletive
W81ab4186793a	ఇద్దర్నీ	both (of them) — accusative of ఇద్దరు 'two people'
W69295d7857d6	వస్తాను	"goodbye (lit. ""I'll come back"")"
Wd9a74106a0d8	సాయంత్రమే	this very evening
Wa1f1c177cd54	వస్తాం	rā — come (base verb — becomes raṇḍi with aṇḍi)
W92b952d4f69f	నాన్నగారితో	with father
W59322bef3cdb	గదా	is it not? / surely
W4580070d7fc8	టైములో	time
W37341a2c2a26	ఉంటారు	uṇḍu — be, stay, live, exist (the to-be verb)
Wee061ad758fe	వస్తావా	will you come?
W8b17b0bc1273	అ	ah! (exclamation used here as 'yes')
Wf359b6f48a5e	వస్తుంది	he/she/it comes (3rd person)
W5fefff172f15	వెళ్ళటానికి	to go (purposive of వెళ్ళు)
Wc9dcbb916a1e	దొరుకుతుందా	will (it) be available/found? (from దొరుకు, to be obtained)
Wb4c3265af512	దొరుకుతాయి	they are available
Wad1a7c1a82d1	నిల్పోండి	stand (there); wait — polite imperative of నిలబడు/నిల్చు
W414a776c0a51	పదమూడో	thirteenth; number thirteen (ordinal of పదమూడు)
Wb57ccf6e799b	రూపాయల	of rupees
W6041b303a2a5	పైసలు	paise (coins); plural of పైసా
W317141ef07fa	తీసుకుంటాడు	tīsukō — take
Wd0ca0703745c	వెళ్తున్నాం	veḷḷu — go (the standard word)
Wac68bc883ce2	కొంచెంసేపు	for a little while (కొంచెం + సేపు 'time')
W2301919a602b	బస్సుకు	bus
W191bd9d6d930	కేరంబోర్డు	carrom board (the game carroms)
Wb1f19f063b7d	ఆడుతున్నావ్ర	you are playing (ఆడు + colloquial -రా)
Waac0d5a241ae	వెళ్తాం	veḷḷu — go (the standard word)
W84920a50de70	బస్స్ట్రాపులోనే	at the bus stop itself (bus stop + loc. + emphatic)
W70c609ef0391	నిల్చుంటాం	we will stand/wait (from నిలుచు)
W177363742f25	కోసం	for, for the sake of
W2f05cfcdcfd7	మాటలతో	with talk/chatter (మాట 'word', pl. + -తో)
W156841bc5143	వేస్ట్	waste (loanword)
W579b42af352e	చేస్తాడు	chēyi — do, make — also carries any English verb; hand
W0c47a03d7d01	ఇప్పటి	oblique form of  acc. form of
W41c700794f97	దాకా	up to, until
Wd897930f11b3	ఆడుకున్నాను	I played (from ఆడుకొను, to play)
W2f11d76e3075	పోదాం	let’s go
W11ce4de5923b	చూద్దాం	chūḍu — see, watch
W517c39f84e8e	సినిమాకే	to the movie (emphatic); from సినిమా 'movie'
Wad32b8ace20e	వెళ్ళాం	veḷḷu — go (the standard word)
W21270a7e6e68	కృష్ణమూర్తిని	Krishnamurti
Wd15939ea5613	అక్కడి	of that place
W220d6bbd7f92	నాటకానికి	to the play
W8c3ad2c907a8	వెళ్దాం	veḷḷu — go (the standard word)
W0b1aa2427b9a	ఎప్పటి	of when; until when (with దాకా = how long)
Wc6ad6b6a5d59	ఉంటుంది	is — a standing fact, in general (she/it)
Wda0425fb1a94	అప్పటి	oblique form of  acc. form of
W0817af431f41	ఉందామా	shall we stay?; from ఉండు 'to be, stay'
W62dc12375579	ఇక్యడేకూర్చుందాం	let's sit right here (ఇక్కడే + కూర్చుందాం)
Wbdbd278826b3	చదరంగం	chess (the game)
W5b8a162e9684	ఆడ్డావు	you play (chess); from ఆడు 'to play'
W3e5cb1cb012f	కాసేపు	a short while to be found
W1e96d13aeae4	ఆడ్డాం	let's play (from ఆడు, to play)
W60d598e0ee2d	తరవాత	afterwards, later
Wde0fb0e99273	రోడ్డు	road
W71c7de644dfd	తిరుగుదాం	tirugu — roam, wander
Waa3e18706d1e	దారిలో	dāri (way, road, route; lead) + -lō (in, at (no distinction in Telugu))
Wa6f84979aab1	ఆగుదాం	āgu — stop, halt (long ā — not agu)
W778271b35f1f	వస్తాడేమో	may come, perhaps he'll come (from రా/వచ్చు, come)
Wc27e4bd2cbd9	వాళ్ళింటి	their/his house (oblique) — from వాళ్ళ + ఇల్లు
W58c3aaf394ac	అడుగుదాం	let's ask (from అడుగు, to ask)
W6db0d0f2f993	ఆకలిగా	ākali (hunger) + -gā (-gā — turns a noun into a description)
W61e47873d8c7	వసంత	spring
W1b6794c81fdd	విహార్లో	in (Vasanta) Vihar — locative of విహార్
W9812754b330c	వేడివేడి	piping hot (reduplicated form of వేడి 'hot')
W4aa49d2fd12d	తిందాం	tinu — eat
W024451504cdb	సైకిలు	bicycle
W985ee1fb2f2f	తీసుకుపోదామా	shall we take (along)? — from తీసుకుపోవు
W4ef52310f8e5	పెడ్డా	I'll put/leave (it) — from పెట్టు 'to put'
W21c1e8a885f4	బయళ్దేరుదాం	let's set out/start (from బయలుదేరు)
W686fba3b88cb	రాను	rā — come (base verb — becomes raṇḍi with aṇḍi)
W94229b4dafc3	రాడు	rā — come (base verb — becomes raṇḍi with aṇḍi)
Wd94eac1fa355	మార్కెట్టుకు	to the market (market + dative -ku); from మార్కెట్టు
W18152b866b72	వెళ్ళాలి	veḷḷu — go (the standard word)
W1912a0160ad1	కొట్లు	shops (plural of కొట్టు)
W37ed8e26d80f	ఉండవు	uṇḍu — be, stay, live, exist (the to-be verb)
W8ff1329843f1	ఆరుంబావు	quarter past six (6:15)
W581571be10c9	ట్కొట్లు	tickets (garbled form of టిక్కెట్లు)
W09ab5ee6fbe6	దొరకవు	will not be available (neg. of దొరకు)
W5b048cfaabd2	బయల్లేరండి	set out, get going (polite imperative of బయలుదేరు)
W182f5989992f	సేపు	a while
W5f0568321f27	వెళాం	we'll go / let's go (from వెళ్ళు, to go)
W68e4e393b779	కూర్చోను	kūrchō — sit, sit down
Wbbb29fede29d	బయల్దేర్తావా	will you set out/start? (from బయల్దేరు)
We4eb1826ffa3	బయల్టేరవా	
W2148af833de3	అందుతుందా	will (we) catch/reach it? — from అందు 'to reach, be got'
Wd39280c69edc	అందదు	won't be caught/reached (from అందు)
W575f4db3b1fd	ఆటోలో	āṭō (auto-rickshaw) + -lō (in, at (no distinction in Telugu))
Wfd6fa6a8c144	వస్తోమో	whether they will come (from వచ్చు 'to come')
Wa626e16f447d	రారు	rā — come (base verb — becomes raṇḍi with aṇḍi)
W99d66457f6a4	సినిమానించే	from the movie (itself) — సినిమా + నుంచి 'from' + emphatic -ఏ
Wf924d04fb630	తిడ్డారు	will scold (from తిట్టు, to scold)
Wfd80314d68a2	తిట్టటం	scolding, to scold (verbal noun of తిట్టు)
W39fa6164ac02	చెప్తాను	I will tell (future)
W15951d7f8c9e	ఒకసారి	once
W29fb6d004d92	మ్యాజిక్	magic
W7ee360fd38c6	చేస్తున్నాను	I am doing (present)
W36682c3a6a6a	ఏర్పాట్లు	arrange
Wc9d591ee2f7f	చేస్తావా	will you do/help? (from చేయు 'to do')
W6e07834d2a11	బల్లను	balla (table) + -nu (won't / don't (negative future))
Wa5203779ce29	అవతలికి	to the other side, over there (from అవతల)
Wb313152455c4	నెడ్డాను	I will push (from నెట్టు, to push)
Wabd342e99328	గ్లాసు	glass, tumbler
W9237865773c9	ఇవతల	this side
W2ae0ff98b2b9	ఇవతలికి	to this side (toward here)
W5228c2220246	జరుపు	move aside (v.t.)
W66e186266e4f	కుండ	pot / vessel
W4dbc3c094bbe	బల్లల	balla (table) + -la (-la — the plural -lu in its oblique form, used before anothe)
W304a160fa443	మధ్య	between; among
W632d03ce70e8	గుడ్డ	cloth
W0ea3476ff79f	పక్కకు	pakka (for sure / definitely (Hyd)) + -ku (-ku — to, for (dative; goes after the noun))
Wf7ff33a1ec65	తిప్పు	rotate, turn
W52878c251d40	తిప్పుకున్నాను	I turned/have turned it (for myself); from తిప్పుకొను
W4a831a7d6b27	ఆగు	stop, halt (long ā — not agu)
W95854607008c	తిప్పుతాను	I will turn (it); from తిప్పు 'to turn'
Wd4d0db872fa2	అద్దం	glass, mirror
W8fbe26c5bc49	అవతల	that side
W98a94b92f026	పెడ్తన్నాను	I am putting/keeping (colloq. of పెట్టు)
W96307c374ea4	దారం	thread
W2680951dcb52	దీన్నిఆ	"run-together of దీన్ని ""this (obj.)"" + ఆ ""that"""
W78483581a611	కర్రకు	stick (n)
Wf75332994658	చుట్టాలి	must wind/wrap (around); from చుట్టు
W2b55cb01feeb	కర్రకేనా	to the stick? (from కర్ర 'stick', dative + question)
W8a827476a74d	చిన్నకర్రకు	to the small stick (చిన్నకర్ర + dative)
Wed8eee311d6b	చుట్టు	around
W19e6476acd92	పెద్దకరకు	to/around the big stick (పెద్ద కర్ర + dative)
Wdfe10ad98670	తాడు	rope
W71e0611cce0b	మనుషులతో	with (two) persons; from మనుషులు 'people'
W164a215049fa	కుర్రాళ్ళను	boys, young men (accusative pl. of కుర్రాడు)
W48a84739a961	ఏర్పాటు	arrangement
W0a009830b1d1	చేస్తాను	I will do (future)
W3d8164a058be	మనుషులు	pl. form of
W6e9ccd914754	దొరకటం	getting/finding (verbal noun of దొరుకు, to be available)
Wd285b6db9693	మనిషిని	maniṣi (person / human being; man) + -ni (-ni — marks the direct object, after stems ending -i or -u)
Wfb262598e9b8	తీసుకొస్తాను	I will bring (from తీసుకొచ్చు/తీసుకురా, to bring)
W5b737e3571eb	ఆలస్యం	delay
W67d794b6b926	చెయ్యకు	don’t do it
W648fe7199d2c	విషయం	matter / topic / thing; subject
W206bcde3af91	స్నేహితులకు	to (your) friends; from స్నేహితుడు 'friend', pl. dative
Wcef77f9f6472	వచ్చాం	rā — come (base verb — becomes raṇḍi with aṇḍi)
W1b3fbc39c372	స్కూటరూ	scooter
W8fa24057ac28	సైకిలూ	bicycle
W9efe7097259c	సేవు	while, length of time (for చాలా సేపు 'a long time')
W5f42801de85e	చూశాం	we looked/waited (from చూచు, to see/look)
We096b762f1e1	అడిగాం	we asked (from అడుగు, to ask)
W8d11d39fc18f	ఆస్పత్రికి	hospital
W1c160d4d4ac5	వెళ్ళాడు	veḷḷu — go (the standard word)
W6ee36d0bd2d6	అన్నాడు	he said (3rd person)
W6a8511b83040	వెంక	a speaker in these dialogues (name)
W8d4be4975ee2	వెళ్ళాను	I went (past)
W3bdbb4b9069b	వెళ్ళావు	veḷḷu — go (the standard word)
W16e913381c27	తీసుకున్నావా	did you take? (from తీసుకోవడం, to take)
W59831eb1e7bc	తీసుకున్నాను	I took (past)
W14d2da3f3242	తగ్గిందా	did it lessen/subside? (from తగ్గు)
Wc2944455a2a4	తగ్గుతోంది	is decreasing/subsiding (from తగ్గు)
Wc433637bcece	సాయం	evening (part of సాయంత్రానికి 'by evening')
W8f1fc13d0482	పూర్తిగా	pūrti (completed, finished; complete) + -gā (-gā — turns a noun into a description)
W6344a7e230d3	తగ్గుతుంది	will subside/go down (from తగ్గు)
W94f9d56cf3a3	అన్నారు	anu — say
W0aca3a02928c	బాగుచేశాను	I repaired, I fixed (from బాగుచేయు)
We072471f4707	తీసుకొచ్చావా	did you bring (it)? — from తీసుకురా/తీసుకొచ్చు 'bring'
Wc0d1af669c4e	తీసుకురండి	bring (it); from tīsukuravu — imperative, polite
W70a9e0f24003	అన్నది	she said / that which was said
W856167893b82	అన్నావు	anu — say
W9e951df0a768	దొరికాయా	were (they) found/available? (from దొరుకు)
W9ebfc192fae5	దొరికాయి	were found/available (from దొరుకు)
Wd28f6e9c5bc3	పూర్తిచేశాను	I completed (from పూర్తిచేయు 'to complete')
Wefecf9b33bbc	క్లాసుకు	class-room
W68ef8b383281	వచ్చారా	did you all come?
W81cbaeea7ef2	రాలేదండి	has not come, sir (రా- + negative past + polite అండి)
W1bc7b9d4273f	రాలేదు	rā — come (base verb — becomes raṇḍi with aṇḍi)
Wd14ff27b88e9	ఫాన్లు	fans (electric); plural of ఫాన్
W5de6471e5fef	తిరుగుతున్నాయి	are turning, are spinning (of తిరుగు)
W420c11ef42ef	లైట్లు	laiṭ (light (loanword)) + -lu (-lu — the general plural suffix)
W64c5fb4bebdd	వెలుగు	to glow; to burn (like a
W783a8668e613	తున్నాయి	are ...-ing (progressive aux, 3rd pl non-human)
Wd379ecbb9360	ఎవరూలేరు	there is nobody (ఎవరు + లేరు)
W560ed5047f38	విద్యుచ్భక్తిని	electricity (obj. of విద్యుచ్ఛక్తి, electric power)
Wf203e8c9cb92	వృథా	in vain, wastefully (with cheyyi: to waste)
W10b8fb4020b1	చెయ్యకూడదు	should not do (with వృథా: should not waste); from చేయు
Wcf341b4f2c9f	రావచ్చా	may (I) come? (from రా/వచ్చు: come + permission)
Wb8a9e7b33a42	కిటికీలోనించి	through/from inside the window (కిటికీ)
W88402fd25787	వైపు	toward; side
W216a148f9a45	రోడ్డుమీద	on the road (రోడ్డు + మీద)
Wc73cc238f28a	ఏమున్నది	what is there? (ఏమి + ఉన్నది)
Wd5146631961d	గుమిగూడుతున్నారు	are gathering (in a crowd); from గుమిగూడు
W12f429d24896	అకడ	there (for అక్కడ)
Wbc6fea26fb96	వింత	strangeness / wonder; strange
W07dbd9eef7e4	జరుగుతోంది	is happening (from జరుగు, 'to happen')
Wb5b787cdd031	కాయితాలతో	with papers (from కాయితం 'paper')
We9e815d677dc	రకరకాల	of various kinds, different kinds of (from రకరకం)
W1c7405f54c11	తయారు	made; make
W3aa75549f7c5	చూడ	to see/watch (infinitive of చూడు, with -వచ్చు 'may')
W275b1cc84d30	వచ్చు	an auxiliary verb denot-
W53a5fff62603	టిప్పు	Tippu (as in Tippu Sultan, film title)
W6af2c52de859	సుల్తాన్	Sultan (part of the name Tippu Sultan)
W708ba4ac4b39	చూశారా	did you (all) see? — from చూడు (to see)
W1040369c44d7	చూడలేదండి	did not see, sir (chūḍu + neg. + polite -aṇḍi)
W124f745ce49f	హోమ్వర్క్	homework
W0fc3f8d8da11	చదివారా	did (you all) read? (from చదువు, to read)
W0486fc340e54	చెయ్యలేదు	did not do (from చెయ్యు, 'to do')
W72eb05c4aa32	చదివాను	"chaduvu — read (also ""study"")"
W628265520714	చదవలేదు	"chaduvu — read (also ""study"")"
W8a9346b995fc	కొనలేదు	did not buy (negative past of కొను, to buy)
W39184d797cb0	లేదండి	"""is not, sir"" — negative lēdu + polite -aṇḍi"
Wc3cc3a287b8c	మాస్టరు	a speaker in these dialogues (name)
Wf6cf1f12a869	పెద్దబజారులో	in the main bazaar (పెద్దబజారు + లో)
W5318a6c2187b	అడిగారా	did (you) ask; from అడుగు 'to ask'
Wefeffc67a61b	అక్కడికి	of that place
W0c6e0a3ab81e	వెళ్ళలేదండి	did not go, sir (from వెళ్ళు 'to go' + polite అండి)
W9d07f28aefed	ప్రస్తకాలు	books (from పుస్తకం; misspelling of పుస్తకాలు)
W2f9a10205519	మార్కెట్టులోకి	into the market (from మార్కెట్టు)
Wcfce1a4f3988	ఇంతకు	inta (this much (answer to enta)) + -ku (-ku — to, for (dative; goes after the noun))
W899e9ee28357	శ్రీరంగపట్నం	Srirangapatnam
Wbfc956fcf31d	గురించి	about, concerning
W0d25658abd4d	చెప్పానా	did I tell? (from చెప్పు, to tell)
We5b65d6cdc4a	చెప్పలేదు	cheppu — tell
W218caa2ab60e	చరిత్ర	history
Wb97b46cdffe2	చెప్పారు	told
W8ede58358356	చూడలేదు	chūḍu — see, watch
W7b17d04a4863	వెళ్టాం	(we) will go, let's go — from వెళ్ళు
W7e5bdadabc59	ఇప్పుడా	now? (ఇప్పుడు 'now' + question marker)
W7c4bf6474031	స్కూటరు	scooter
W7e72f0c8dd5d	కడగటం	washing (verbal noun of కడుగు, to wash)
W99853d838b9f	నేనివ్వేళ	I ... today (nēnu + ivvēḷa)
W9257372750a2	అనుకుంటున్నాను	think
W98294bfe3c0e	రారాదూ	why don't you come? (from రావు/రా- 'to come')
W15c37564e84e	మీదా	on; upon
W8e29e21df7fc	అని	"quotative particle — closes quoted or named material (RRR ani sinimā, ""a movie called RRR"")"
W106cce662134	హాయిగా	comfortably / peacefully
W2b001bd655dd	ఉందాం	uṇḍu — be, stay, live, exist (the to-be verb)
W0bdc5b240202	కుంటున్నాను	(I) am thinking/feeling — from అనుకొను, part of అనుకుంటున్నాను
We24daf25449f	ఇంతవరకూ	hitherto; till this time;
W31db0f2f3294	నువ్వింతవరకూ	you, up to now (nuvvu + intavaraku)
W5dbd38e8a432	చూడలేదా	haven't (you) seen? — from చూడు 'to see'
W5c87fda3f587	వెళ్ళవద్దు	don't go (from వెళ్ళు 'to go' + prohibitive వద్దు)
Wf34931b5ed95	జూకు	zoo
Wf86568a03699	శ్రీరంగపట్నంలో	Srirangapatnam
Wcc3ac1966a73	ఉత్సవం	festivity
W4e831da2550e	మంది	people (counter word — use with larger numbers)
Wd9f567b0f283	వస్తారు	rā — come (base verb — becomes raṇḍi with aṇḍi)
W1ddeec417a70	జనంలో	people, a crowd
Wbfab02b352e3	వెళ్ళటం	going
W6a6ffa822ff0	ఇవ్వేళజూచూద్దా	today let's go see (it) — ఇవ్వేళ 'today' + చూద్దాం, hortative of చూడు
W7d1a39bc0fb9	స్తున్నది	is coming (truncated వస్తున్నది, from రావు/వచ్చు)
Wdd5e442f2a91	ఆవిడను	āviḍa (she (formal — to/about an elder)) + -nu (won't / don't (negative future))
Wb57ee29ae855	అటువెళ్ళకూడదు	must not go that way (from వెళ్ళు, 'to go')
W8c8a20e56b87	ఆది	that (is); variant of అది
W7203f6abeb7e	వన్వే	one-way (English loanword)
W1ee6e2a0dbc4	ట్రాఫిక్	traffic (loanword)
W7ae60f41f275	కాలేజీ	college
Wed7d0582b86c	పట్టుకున్నాడు	
Wb1421d0d8c3b	కూరలేమిటి	what curries (are there)? (కూర + ఏమిటి)
W883d63bfeebc	హలో	hello!
Wf962e5836b29	విజయవాడ	Vijayawada (a city)
W9f18ce770ad0	కేంద్రమేగా	station, isn't it? (కేంద్రము + emphatic -ఏ + tag -గా)
We74fa15854a3	అమ్మాయిరి	
Wee6b237131f7	భోజనానికి	for the meal; to eat (dative of భోజనం 'meal')
W99c9843ad1bc	వెళ్లమనండి	tell (her) to go — polite imperative of వెళ్లమను
W71f6537afb4f	నాయనా	term of affectionate address: 'dear', 'son'
W16d7a12e5e9c	రేడియోలో	rēḍiyō (radio) + -lō (in, at (no distinction in Telugu))
Wb0563405c2d3	తీసుకురావటం	bringing, the act of bringing (from తీసుకురావు)
W0e7d27c81aca	ఇంటివాళ్లు	the household members, family folk (ఇంటివాడు pl.)
W42c4984dba89	తీసుకుపోవటం	taking (someone/something) away; verbal noun of తీసుకుపోవు
W6c665fe181fb	నాకేమీ	to me... anything (నాకు + ఏమీ, in negatives: nothing to me)
W0e4c0c5fa5ca	నిల్ఫోడం	standing (verbal noun of నిల్చోవడం, to stand)
Wfeb564615089	వదినా	elder brother's wife;
Wf56a566047e1	వదీనగారూ	sister-in-law! (respectful address; from వదిన)
W37d5a6889bca	స్ఫ్రూలు	women (OCR variant of స్త్రీలు)
Wc8a59331c692	ఇంట్లోకీ	into the house (from ఇల్లు 'house')
W4cff91c38c30	బయటకీ	to the outside (from బయట, 'outside')
Wf711b21e64f4	మొయ్యటం	carrying (out); verbal noun of మోయు 'to carry'
Wa2209c482682	ఎండకు	eṇḍa (sun / heat) + -ku (-ku — to, for (dative; goes after the noun))
W90f020740fd6	సినిమాలు	sinimā (movie, cinema) + -lu (-lu — the general plural suffix)
W81b89048f1bc	గొడుకు	umbrella (variant of గొడుగు); here 'holding an umbrella'
W6c4090c9db23	పట్టుకోవటం	holding/catching (verbal noun of పట్టుకొను)
Wecb8444783c5	చదువుతున్న	that (you) are reading; from చదువు 'to read'
W88fd3f285ab7	వినిపెంచటంలేదా	can't you hear? (from వినిపించు, to be heard)
W2d37a98dbda7	తింటూ	while eating
Wa4a0d5956dc9	చదవటంలేదు	am not reading (from చదువు, 'to read')
Wae9b96b4c849	చదువుతూ	reading (part of 'chaduvutunnaavu' — you are reading); from చదువు
Wd8ae30bf24e9	ఒకటే	one and the same (from ఒకటి 'one' + emphatic -ఏ)
Wa13e1066edd8	అట్లా	negative aspect of the in that manner (a varient
W48446d376b34	చదవకు	"chaduvu — read (also ""study"")"
We9d1b7a0fd18	చదవటం	reading
W3acf67a7f760	సరిగ్గా	properly, correctly (from సరిగా/సరి)
W766cdba4b73d	కనిపిస్తున్నది	is visible; can be seen (from కనిపించు)
W5fb7c83e724f	నవలే	is indeed a novel (నవల + emphatic -ఏ)
W1eb821d27c45	అబద్ధమాడుతున్నావు	you are lying (from అబద్ధమాడు 'to tell a lie')
W79d768977dda	అంటున్న	that (you) are saying; from అను 'to say'
Wc2e2a625dccd	వినిపిం	"part of వినిపించటం ""being heard, audible"" (split across a hyphen)"
We5611adf0da0	గట్టిగానే	loudly (indeed), aloud; from గట్టిగా
W1c3a36f3ee48	మాట్లాడుతున్నాను	māṭlāḍu — speak, talk (māṭa + āḍu)
Wd3ccf762354d	అందరికీ	to everybody (dative of అందరు 'all')
W7ecc8aa30e70	వినిపిస్తు	are audible/being heard (from వినిపించు)
W03f945890ab2	చదువ్రతున్నావ్ర	you are reading (from చదువు, to read)
Wc2dd599d705a	వినిపించటంలేదు	is not audible (to you); you can't hear — from వినిపించు
W278665b90eb3	ఆపు	stop! (imperative of ఆపు, to stop)
Wb630693c66dd	ఆపుతున్నావా	are you stopping? (from ఆపు, to stop)
Waf405956b99d	ఆలోచిస్తున్నావు	ālōchinchu — think, consider
Wa6d7056f2eb1	ఆలోచించటంలేదు	am not thinking (from ఆలోచించు, to think)
Wc245997be328	నాకీ	to me this (నాకు 'to me' + ఈ 'this')
Wde8e76386bd4	ఎక్కడికి	to where
W72de62ac0f8e	ఎక్కడికీ	anywhere (with a negative)
Wf40343434b9c	వెళ్ళటంలేదు	am not going (negative of వెళ్ళు 'go')
Wf79d79851954	గిరిని	a speaker in these dialogues (name)
Wd184f024b34a	లోగా	lō (in, at (no distinction in Telugu)) + -gā (-gā — turns a noun into a description)
W51e54d171a02	రమ్మను	tell (him) to come — imperative of అను with రమ్ము
Wec2273d3e053	అసలు	at all, really; original
Wb8cda5ef17c5	పొద్దున	"morning, in the morning (no ""in"" needed)"
W9f660b9b883a	పంపించమను	tell (him) to send (it)
W54b8978b1329	మురళి	a speaker in these dialogues (name)
Wab6c48dd0321	రవిని	a speaker in these dialogues (name)
Wbfc8fe47b913	ఉండమను	tell (him) to stay/wait (imperative of అను + ఉండు)
W03adcc941152	నిన్నుమా	you (accusative) + our (run-together నిన్ను + మా)
Wdd33964803c5	ఉండా	ball, coil
W5a431ed4eab9	మంటున్నాడు	…is saying/asking (quotative -మని + అంటున్నాడు, from అను 'to say')
W46f4743d2bfa	వస్తున్నాడేమో	perhaps he is coming (from వచ్చు, to come)
We23172038727	మురళీ	a speaker in these dialogues (name)
W90231462502a	వస్తున్నావా	are you coming? (from వచ్చు, to come)
Wb0bddc973dbe	రావటానికి	to come/go (dative of verbal noun; from రా/రావు 'come')
W930fc990b6c6	గిరికి	a speaker in these dialogues (name)
W8a2305bbe08e	టిక్కెట్లు	tickets (plural of టిక్కెట్టు)
W066d35c6fc1d	టిక్కెట్టు	ticket (one ticket)
Wd04aca9bb195	తీసుకోమను	tell (him) to take; ask to buy — from తీసుకొను + అను
W80633571751c	ఇవ్వమను	tell (him) to give — from ఇవ్వు + అను
W2c142e9cf6d7	అట్లాగే	okay! allright (a varient false statement
Wece2c5c27508	పొమ్మను	tell (him) to go; ask (him) to go — from పో + అను
W9706897ab631	నాటకంవాళ్ళు	the drama troupe, theatre people
W69062338b52e	రైల్లో	by/on the train (rail + locative)
Wde37c025241e	మూర్తిని	a speaker in these dialogues (name)
Wb41a4279017d	వెళ్ళమన్నాను	I told (him) to go; from వెళ్ళు 'go' + అను 'say'
Waa8bce7732ea	వెళ్తాడు	veḷḷu — go (the standard word)
Waa119b679d13	కరిపెంచటం	(mis-set for 'kanipenchaTaM') seeing — as in 'I can't see'
Wa408f8b2cda1	టోపీ	hat
We3d3dfdb5100	వినిపించటం	hearing, being audible (from వినిపించు); with లేదు = can't hear
W5c65ae77feff	మాట్లాడండి	please speak (formal)
Wef30b35cec1a	డాక్టర్	doctor (loanword — the everyday choice)
W97113515592b	నేనే	I myself
Wcc96a683a862	నిల్ఫోవాలా	must (I) stand in front? — from నిలబడు 'to stand'
W17a61784eb6f	ఈవాళ	today
Wa1534df2407e	మమ్మీని	mummy (accusative of మమ్మీ)
Wec45b5989445	నిల్ఫోమను	tell (her) to stand; from నిల్చో + అను (say)
W8161bdbaf0a2	నీకొక	to you a (thing) — నీకు + ఒక
W7b1c84945dd6	వస్తే	rā — come (base verb — becomes raṇḍi with aṇḍi)
W441897f81558	చెప్తే	cheppu — tell
Wfcf4c4765884	సర్వే	all right, okay (for సరే)
W264f61d31acc	ఆఫీసులో	at the office
W662575e9b0d9	టైపిస్టు	typist
We67916e0d3d1	ఖాళీగా	khāḷī (empty (Hyd/Urdu)) + -gā (-gā — turns a noun into a description)
W03d3cbbb41e5	ఖాళీ	empty (Hyd/Urdu)
W1fc8b8f50b56	ఉంటే	if
Wc1673c1d4bab	అపై	apply (spelling variant of అప్లై)
Wac9d9ec88213	చేస్తే	chēyi — do, make — also carries any English verb; hand
W0d1aa851af8e	అంటావా	do you say/think (so)? — from అను 'to say'
Wa74055d7e0c7	ముందే	beforehand, in advance (from ముందు 'front, before')
Wb6bdff5a5293	ఎట్లా	a variant of
W9b615bea9612	అప్టె	apply (English loanword, in 'apply cheyyi')
W10b789e5b5c2	పెడ్తారు	will conduct/hold (from పెట్టు 'to put, hold')
W5c07529eb1f0	పరీక్షలో	parīkṣa (exam / test) + -lō (in, at (no distinction in Telugu))
W21d714dcd98b	వివరంగా	in detail
W712202e1cb0a	కనుక్కో	to enquire
Wb920128c8f8c	రేపునువ్వురా	"""you come tomorrow"" (రేపు + నువ్వు + రా, imperative of రా)"
W0258cec07c9f	వివరాలు	details (plural of వివరము)
W57b63c9fe680	కనుక్కుంటేనే	only if you find out/ask (from కనుక్కొను)
Wadf4d26636a6	బాగుంటుంది	it will be good
W98d3f2112735	అడిగితే	if (you) ask
Wac6c6978683f	బాగుండదు	it won't look good/proper (neg. of బాగుండు)
Wf23e28c46f74	నిర్లక్యం	negligence, neglect (with cheyyaku: don't neglect)
W8179f3a5ffe4	అవకాళం	opportunity, chance (for అవకాశం)
W307860691a25	పోతే	if (one) goes / if lost
W6f0698d4620e	రాదు	"doesn't come — used for ""I don't know [a language]"""
Wbaa3cf412656	మేనేజరుకు	manager
W56fefba1baf0	వచ్చాడు	rā — come (base verb — becomes raṇḍi with aṇḍi)
W04f2d7dcaf5f	సేపటి	of time/while — in 'ఎంత సేపటిలోగా' = within how long; from సేపు
W1dec479d33a6	వస్తాడు	rā — come (base verb — becomes raṇḍi with aṇḍi)
W75d7c8fff097	నిన్నటి	oblique form of
Wb7cb339dcce2	వాడితో	vāḍi (his (informal — intimates only)) + -tō (with (goes after the noun))
Wfb5cfddc37e7	మాట్లాడాలనుకుంటున్నాను	I am thinking of talking (to him); from మాట్లాడు 'to speak'
Waf6502f570af	మొన్నటి	oblique form of
W39d671677f80	రేపటి	oblique form of
W776313a3f3c9	పద్ధతి	method
W242fd5b3782e	అందితే	if (it/one) is within reach; from అందు 'to reach/be attained'
Wa95c11a9c73c	జొష్టు	hair (of the head) — in idiom 'grab by the hair'
Wb745e281661b	అందోపోతే	if (it) isn't reached/grasped (from అందు)
W076ca09070fa	తాళ్ళు	ropes (here in idiom: else the ropes/reins)
W97dec4a3992d	లాగా	like, as
W9d78e317ddf7	అదినా	that (thing) — with me; from అది + నా
W9d0055baf683	పనిచెయ్యదు	won't work (with me); from పనిచేయు 'to work'
Wd4ee66fe3f3d	ఎప్పటికి	by what time; when (dative of ఎప్పుడు)
W74a9eba7c001	గంటలో	gaṇṭa (hour) + -lō (in, at (no distinction in Telugu))
W9784b37441ed	ఇవ్వను	ivvu — give
W89b720ebb357	ఇవ్వనా	shall I give? (from ఇవ్వు, to give)
W73c7f0fe0236	తాగితే	if (one) drinks — conditional of తాగు 'to drink'
W53d215796148	తాగవా	don't you drink? (from తాగు, to drink)
Weaf5dacbbe93	తాగను	tāgu — drink
Wa1ecd8d1d88b	అప్పుడప్పుడు	now and then, occasionally
W599bd704c9dc	తాగుతాను	I will drink
W55441637f57b	దొరకకపోతే	if not available/obtained (from దొరకు)
W8f91f07eead0	చేస్తావు	chēyi — do, make — also carries any English verb; hand
W9265bdb0f2a9	ఊర్ముంటాను	I'll keep quiet (from ఊరుకొను, to stay silent)
W06b5b34dabd1	ముట్టుకుంటే	if (I) touch; from ముట్టుకోను (to touch)
Wb0367a846d24	డోకు	vomiting (n)
We47c05e276de	వింటే	vinu — hear, listen
W40e2af3fdb00	వెయ్యనా	shall I put/add? (from వేయు, to put)
Wc916c4cce6c5	అకక్లేదు	not necessary, no need (for అక్కర్లేదు)
W7406a29b9616	రాకపోతే	if (he) does not come
W9ae24c9b8cd8	చెయ్యను	(what) am I to do; shall I do — from చేయు 'to do'
W1ee14ff32c64	అప్పటికి	oblique form of  acc. form of
W8c51a1666571	ఇంటికే	to (their) house itself; from ఇల్లు 'house' + dative -కి + emphatic -ఏ
W5bbf401c2964	అక్కజ్ణించి	from there (akkaḍa + nuñci)
Wfba38c328a6d	చెయ్యం	(what) shall we do — from చేయు 'to do'
W286666dd3ee1	ఉండదు	uṇḍu — be, stay, live, exist (the to-be verb)
W8e6d1f630c64	చెయ్యటం	doing, applying (verbal noun of చేయు 'to do')
W76318eeeaf27	మర్చిపోకు	marchipō (to forget) + -ku (-ku — to, for (dative; goes after the noun))
Wa7d906fa0b82	ఇటువంటి	such
W15cf6d800433	విషయాలలో	in matters (locative pl. of విషయం 'matter')
W2e3947966173	నిర్లక్ష్యం	negligence
W8496d193e7ee	జుట్టు	hair
W8336e1092986	అందక	not reaching/out of reach (neg. of అందు, 'to reach')
Wab8dc65a55b7	దగ్గరపని	near/with (me) — in 'won't work with me'; from దగ్గర + పని
W344b5e909a9b	చెయ్యదు	will not do/work — from చెయ్యు 'to do'
W761d4433d457	సర్	sir
W018023c42084	కాళ్లు	feet, legs (nom. pl.)
Wd8ce1b05b8ed	అర్జంటుగా	urgently (from అర్జంటు 'urgent')
Wc21ac727be3e	యివ్వు	give (lend) — imperative of ఇచ్చు
W075896d6bbf5	హారను	horn (of a vehicle); from హారన్ (English 'horn')
Wf2edda60d4ac	ట్రబులు	trouble (English loanword)
W534cc3deda71	ఇచ్చింది	gave
Wfab714047c22	బాగుచేయడానికి	for repairing, to be fixed (from బాగుచేయడం)
W3f2fe831364f	ఇచ్చాను	I gave (past)
W2f723415011b	ఇందాక	a little while ago
W2530e0833d28	కనిపించాడు	he appeared/was seen (I met him); from కనిపించు
W188383cf4ec4	ఇస్తాను	I will give (future)
W8a170809b048	వాన	rain
We2f620a30f5b	కురుస్తున్నది	is raining (from కురియు, to rain)
W5a1089e2e88f	పంపించు	to get sent / to have sent
Wd755585e07f3	పంపిస్తాను	I will send (from పంపించు, to send)
W53c35578c17f	అమ్మను	"amma (mother (say ""mā amma"" for ""my mother"")) + -nu (won't / don't (negative future))"
W4e69fff6a627	పిలు	call!
Wee26078c04f7	పనిలో	pani (work, task (pairs with chēyi)) + -lō (in, at (no distinction in Telugu))
W8ec706f73626	అత్తయ్య	aunty / mother-in-law (address)
Wd80861e4308b	పిలిస్తే	if (one) calls; from పిలుచు (to call)
W08e5bb368387	పలకదు	will not answer/respond (from పలుకు 'to speak')
Wa2b3bd6aa7bd	పెద్దగా	big, large (as a description)
Wa3f45de935fa	పలుకుతుంది	will answer/respond (from పలుకు)
W5cfe667dcf60	పిలవండి	(you) call, invite — polite imperative of పిలువు
We4be24d82a70	అమ్మే	sell
W2a996868ab64	వచ్చింది	came; had
W68b7f7b9a35d	నన్ను	me (object) — suppletive, not from nā
Wcbd9481fc9a9	పిలచింది	called (from పిలుచు, to call)
W28dad0a85e6f	మొహం	face
Wb7f4f515ce1d	ఏడ్చాడు	ēḍuvu — cry, weep
W6e1394cb13ac	ఎందుకో	for some reason; why (unknown)
Wc6361cab019d	నిన్నబ్నించి	since yesterday (from నిన్న 'yesterday' + నుంచి)
Wb75bdfafaf95	ఊరికినే	for no reason, without cause
W0e48b2860105	ఏడుస్తున్నాడు	ēḍuvu — cry, weep
W2520864c0e55	నడుస్తున్నాడా	is he walking? (from నడవడం, to walk)
Wcec5c9ee394a	నడవటం	walking (verbal noun of నడువు 'to walk')
Wbd8ba07885fb	ఎనిమిదో	eighth (ordinal of ఎనిమిది 'eight')
W7f5bfcb4df2d	నెలలోనే	in the very month (month + in + emphatic -ē); from నెల
W07ea86c642e1	నడిచింది	ran
W34865233e816	మనుషుల	of/on people (here: on us); from మనుషులు 'people'
Wb77ba0ea1a3d	పడుతున్నది	is falling (from పడు, to fall)
Wf6e7611d97c3	నెమ్మదిగా	slow
W7c0755fa2884	ఊడు	become loose
W9b82c4fa4395	లక్ష్మి	a speaker in these dialogues (name)
Wb5817d498793	నెమ్మదిగానే	slowly indeed (నెమ్మది + -గా adverbial + emphatic -ఏ)
W2482b3a64681	ఊడుస్తున్నానండీ	I am sweeping (polite); from ఊడ్చు 'to sweep'
W5f12ff521201	ఊడవకు	don't sweep (neg. imperative of ఊడ్చు 'to sweep')
Wfec69d66739f	వరండా	varanda
W313042a7643a	ఊడ్చానమ్మగారూ	"""I've swept (it), madam"" — ఊడ్చాను (from ఊడ్చు, to sweep) + అమ్మగారూ (madam, voc.)"
W6780a6c005ef	వంట	cooking
W3b3b5320ba44	ఊడవాలి	must sweep (from ఊడ్చు, to sweep)
We8b46e9c8e8e	లే	get up, rise (takes -v- before the suffix)
W06265137bc25	కూర్చుందాం	kūrchō — sit, sit down
W7ce2351b37c1	తెరుద్దామా	shall we open? (from తెరువు, to open)
W9f98fcb10051	రావటం	coming (verbal noun of రా 'to come')
W0d866e89656c	తెరు	open! (imperative of తెరుచు 'to open')
Web7d107fee2f	తెరిచానమ్మగారూ	"""I opened (them), ma'am"" (తెరుచు + అమ్మగారూ)"
Wfea158bf1e07	లేవండి	please get up (from లేచు, 'to rise')
W8e9b1729b7f9	సోఫా	dress marker sofa
Wcabb921c4c4d	తుడుస్తాను	
W43b3ac10aee8	తుడవటం	wiping, cleaning (verbal noun of తుడువు)
W1d56f746c467	తుడిచావా	did you wipe/clean? (from తుడుచు 'to wipe')
Wf4eb9eef9a58	తుడిచానమ్మగారూ	"""I wiped (it), madam"" — తుడుచు 'to wipe' + అమ్మగారు (voc.)"
Wfd8d5eed7ef8	లేస్తాం	we will get up (from లేచు 'to rise')
Wb189830a7af2	పెందలాడే	early (emphatic of పెందలాడ 'early')
W5d8dedcb19db	పోవాలమ్మ	must go (పోవాలి, from పోవు) + amma, 'ma'am'
W9890394a4c9e	లేచాం	we got up (from లేచు 'to rise')
W87406af800f3	తుడు	wipe/clean it! (imperative of తుడుచు)
W014d880c7941	టిఫినుకు	for breakfast/tiffin (dative of టిఫిన్)
Wa996b1db14f7	టెడ్డు	toast, slice of bread (from English 'toast')
Wcaaa5fc13a4c	కాలుస్తున్నా	I am toasting/roasting (from కాల్చు)
Wc2b13452a7ba	కాలిస్తే	if (you) toast/roast; from కాల్చు
Wfb8ffd9b4a4c	ఇంకొంచెం	some more
W248eb5bc1790	కాల్చు	burn
W8aaf70c13883	మాడ్చకు	
W8bddbf147b37	మాడుతున్నది	is getting scorched/burnt (from మాడు)
Wa06d9d94c95a	పెనం	frying pan
We0fd9cd3c975	మాడ్చావో	how you burnt (it) — from మాడ్చు 'to burn'
W4062a02c5205	బ్రెడ్	bread (English loan)
W1c3766dc3dcf	కాల్చటం	toasting, roasting (verbal noun of కాల్చు 'to burn/roast')
W630da8bdb2a4	ఇట్లానా	like this? (is this how?) — from ఇట్లా 'thus' + question -నా
W432211c6f681	టెడ్	bread (misprint of బ్రెడ్)
W1914ae73c843	తే	bring
We12e3fe695e4	తెస్తాను	I will bring/get (from తెచ్చు, to bring)
Wc6273d93ca3a	డబ్బులివ్వండి	give (me) money — డబ్బులు + ఇవ్వండి (polite imperative)
Web0182f9af6c	తేవాలి	must bring/get (from తేవడం/తెచ్చు 'to bring')
W5a9448fcd930	అయిదు	five
W9fa6c1ce7c6b	రూపాయలకు	of rupees
W2f1d947e5f34	చిల్లరఉండదు	there won't be (small) change — చిల్లర + ఉండదు
W852ddfa8856d	మార్చు	change (v.t.)
Wb7458465a2a1	నోటు	note (n)
W545638692efa	ఇట్లా	like this, in this way
W0883ae5b2bed	చినిగిందేం	why did it tear? (from చినుగు, 'to tear')
W772297f8a4a7	పట్టుకుంటే	
Wffc4865294b7	చినుగుతున్నది	
Wf8b450ef4fc5	మారదు	will not be exchanged (from మారు 'change')
Wbceb977bed51	మారుతుంది	it will change / be changed (from మారు, to change)
W36b334decb90	వెళ్ళరా	go! (familiar masc. command; from వెళ్ళు)
W6d101eb0da10	మార్చటం	changing (a note), to change — from మార్చు
W4561e4906a2e	ఎందక	why?, what for? (for ఎందుకు)
We3e8af548df9	దగ	with, in one's possession (truncated దగ్గర)
Wea4e03b60481	చిల్లర	money in the form of
Waf1a97d9b337	కొట్టకనికి	to the shopkeeper (dative of కొట్టువాడు)
Wccaa282ffc31	మను	we (OCR of మనం)
W2ec3bae6e40b	రెడు	two (OCR variant of రెండు)
W75d721e0ce07	బాకీ	loan; debt
W7cd49ad922df	తీరింది	was cleared/settled (from తీరు)
W54e553a24cb5	అప్పు	debt / loan
Wa002cf042060	చేశావా	did you do/make? (from చేయు); here 'did you take (a loan)'
W66bd237a5b4b	తెచ్చాను	I brought (from తెచ్చు/తెచ్చుట, to bring)
Wc08abb9285d4	తీర్చు	clear (a loan) (v.t.)
W8803f16d231e	డబ్బుతో	ḍabbu (money) + -tō (with (goes after the noun))
We74b467addc5	స్ఫూలు	school
W55959b60a4e5	తెరుస్తారు	will open (they); from తెరుచు 'to open'
W1d99319097b9	గీతను	line
W23decfe9b44f	స్కూల్లో	skūl (school) + -lō (in, at (no distinction in Telugu))
W394a1aa1534d	చేర్చాలిగదా	must admit (her), mustn't we — from చేర్చు 'to enrol'
Wf208ec960e9a	చేరుద్దాం	let's enroll (her); we'll join — from చేరు 'join'
W4d1b5379acb8	రేపే	tomorrow itself (from రేపు 'tomorrow' + emphatic -ఏ)
Wcb8f8b67aa53	అన్నయ్యవాళ్ళ	elder brother's (and his group's); from అన్నయ్య
W76ad35a6c718	చేర్తాను	I will join/enroll (from చేరు, to join)
W2d3521478fd5	ఏడవకమ్మా	don't cry, dear (ఏడవడం + అమ్మా)
Wb321571a444e	హైస్కూలు	high school
W12e181d9e4e2	ఎలిమెంటరీ	elementary school
W2232aeb8838f	స్మూల్లోచేరు	join (in) the school — imperative of చేరు
W09c6935837ab	ఎందుకురా	why, man? (ఎందుకు + familiar male voc. -రా)
W29eb4e24ab50	హడావుడి	hurry, commotion, fuss
W4ad93dd76ce1	గాలివాన	storm; rain with gales
Wd9a061fa9bc6	పందిరి	pandal
Wd9acad786f08	కూలింది	collapsed, fell down (from కూలు)
W539343342473	తుపాకీ	gun
Wb2018d56e7e2	పేలటం	firing, going off (verbal noun of పేలు)
W86dcb1f79506	పేల్పండి	(you) please fire it; from పేల్చు 'to fire, explode'
Wa9fe12896a4d	ఇవ్వవే	give (it) to me! (familiar fem. imperative of ఇవ్వు)
W569d68077b13	పేలుస్తాను	in ancient times, long ago
W38dbad0b731e	ఇస్తానే	I will give (back), dear — from ఇవ్వు 'give'
W92dfbfaed595	ఇదేనండీ	"""this is (it), sir"" — ఇదే (this very) + polite అండీ"
W87c5650254b0	పాలం	field, farm
W23a23db5dfcb	పాత్రో	a speaker in these dialogues (name)
W7005e32490e1	ఎకరాలండీ	acres (with polite particle అండీ); from ఎకరం
Wdcb6cb1911b1	ఎకరాలు	acres (plural of ఎకరం)
Wa430bafe25af	మీదేవూరు	which village is yours? (మీది + ఏ ఊరు)
W5afd150c2da1	వూరు	village, town (variant of ఊరు)
We02544f46016	వచ్చారేం	why did you come? (from వచ్చు, to come + ఏం)
W75a322e44c55	రాష్ట్రం	a political State
W6434f1a2dbfb	చూడటానికి	watch
W12235e118da5	వచ్చాను	I came (past)
W72778db1087f	ఏయే	what kinds/sorts of
W18b0271afe51	చూశారు	(you/they) saw, have seen — from చూడు 'to see'
W6c868e4a278b	చూశాను	I saw
Wcc6f2fbbbf4d	విశాఖపట్నం	Visakhapatnam
Wce010525418f	ఒంగోలు	Ongole
W2d181f2c4c9a	చూడాల్సిన	yet to be seen; that must be seen (from చూడు, to see)
W1ec9fb43b59f	ఎద్దులు	eddu (bull) + -lu (-lu — the general plural suffix)
Wa67a8786ecf2	మీవేనా	are (they) yours? (మీవి + ఏనా question marker)
W69720abf304a	ఆవులు	āvu (cow) + -lu (-lu — the general plural suffix)
W58da4f601c51	ఆవు	cow
Wadd64cb2ce41	గేదె	buffalo
W7255ba2e8910	పాలంలో	field, farm
We06b5400e9d6	ఏమేమి	what all (things); reduplicated ఏమి 'what'
Wbaf6f5838cf7	పండుతాయి	grow, are grown/ripen (from పండు)
Wcc6770c3c01c	మెట్టపంటలన్నీ	all dry-land (upland) crops
W08d623c8d55b	పండుతాయండీ	they grow/ripen, sir (polite); from పండు
Wa95d45dacd68	ముఖ్యంగా	especially
W19dc42eefe6b	మెరప	chilli (pepper) — crop name
Weddba7278f15	కంది	red-gram
W98bbed2abd4c	పాగాకు	tobacco
W21d64fadbd2c	పండిస్తాం	we grow/cultivate (from పండించు)
W6d43f458b208	వరి	paddy
W187978f41cbb	పండదా	doesn't it grow/ripen? (from పండు)
W929db1326de6	మెట్ట	dry (unirrigated) upland
W281f0d95e4e6	భూమి	earth; land
Wcdbb89449e1a	మాగానిలో	"mā (our (before a noun — also ""my"" for close family)) + -gā (-gā — turns a noun into a description) + -ni (-ni — marks the direct object, after stems ending -i or -u) + -lō (in, at (no distinction in Telugu))"
W660ee32a0db0	పండుతుంది	grows/ripens (of crops) — from పండు
Wef83628cbe85	వూక	
W3634dec58004	పంటలకు	paṇṭa (crop) + -la (-la — the plural -lu in its oblique form, used before anothe) + -ku (-ku — to, for (dative; goes after the noun))
W2a215c36c91a	వర్షాలే	the rains (alone), emphatic of వర్షాలు 'rains'
Wb1b7db35981e	ఆధారం	support, mainstay; what one depends on
W40de311a0cde	దున్నుకారండీ	do you plough? (from దున్ను, to plough; polite question)
Wb72bf8f789cf	దున్నాలి	must plough (from దున్ను, to plough)
W964fa1219bb0	ఇప్పటిదాకా	until now, so far
W11143c8a6dc1	వుంచి	
Wcfcedf1b0821	వర్షాలు	rains (plural of వర్షం, rain)
We3e93763abe7	కురవలేదండీ	did not fall/rain (polite) — from కురియు 'to rain'
W2971c4fc0f47	వర్షం	rain
Wf58942b61828	కురవకపోతే	if it does not rain (from కురవడం, to rain/pour)
Wf4d4c821a7b9	కురాయి	fell, poured (of rains); from కురియు
W8e37f378b04a	చెరువులేవీ	
W81c100074928	ఇటువైపు	around here, in these parts (this side)
W972eb00a550b	చెరువులు	farm) lake, tank
W68b8c86776e4	వచ్చే	"next, coming (a form of rā — ""the coming week"")"
W53bf55778b95	నాగార్జునసాగర్	Nagarjuna Sagar (dam/reservoir on the Krishna river)
Wcaf6980f31a0	కాలవ	canal (Nagarjuna Sagar canal water)
W3b38b0605484	వస్తాయంటున్నారు	they say (the water) will come
W61e5419730ea	ఎకరం	acre
Wf327d707c799	మాగాని	"mā (our (before a noun — also ""my"" for close family)) + -gā (-gā — turns a noun into a description) + -ni (-ni — marks the direct object, after stems ending -i or -u)"
Wb2b96d12fa37	చేద్దాం	chēyi — do, make — also carries any English verb; hand
W94a1aff461af	చెయ్యవచ్చుకదా	can make/do, can't you? (చేయు + -వచ్చు + కదా)
Wf2e13ddab69c	చెయ్యనండీ	how can I do (it), sir? (from చేయు 'to do')
W1e070cd160fa	ఇప్పటికే	already by now
W1b5430c563f5	తీరుతుందో	will (it) ever be repaid/cleared (who knows); from తీరు
Wbd4ecd581c73	తీర్చటమే	the very act of repaying (a loan); from తీర్చు
W3e78b2c91709	పక్క	for sure / definitely (Hyd)
W976952052e9f	బావి	well / pond
W13617bdb384e	ఏతం	water-lift device (picottah) for drawing well water
We94f1029f305	అవ్రనండీ	yes (polite) — OCR of అవునండీ
Wfc572c885a93	నీళ్ళ	of the water (from నీళ్ళు, water)
Wa0d8d450256b	పొలానికి	to the field/farmland (from పొలం)
Wdefe9b7be1a0	పెట్టుకుంటాం	we put/use (for ourselves) — from పెట్టుకొను
W5035d8dd7fb5	పిలుస్తున్నారు	is calling (from పిలుచు, to call)
W001dba1be0cf	సరేనండీ	"""okay, sir!"" (polite assent; from సరే + అండీ)"
W978cbce9c40f	పోతున్నావు	you are going (from పోవు, to go)
W5d6f06abc16b	ముఖర్జీగారింటికి	to Mr. Mukherjee's house (ఇల్లు + dative)
Weba5f3c197ab	పోతున్నాను	pō (go (blunter synonym of veḷḷu)) + -tunnā (-tunnā- — right now, the continuous marker) + -nu (won't / don't (negative future))
W26e159ef9fbd	కాలేజీకి	kālējī (college) + -ki (to (goes after the noun))
Wea49a03e8918	ప్రిన్సిపాలు	principal (head of a college)
Wf3f70ed95342	అయ్యాడు	became, has become (from అగు/అవు 'to become')
W11309f961c25	తెలియదా	don't (you) know? (from తెలియు, to be known)
W401726525bee	విషయాలు	matters, things (plural of విషయం)
Wd17dd63be88c	తెలియవు	are not known
W85ecb131447b	కిందటి	previous; earlier (adj.)
W17dc9900a9b3	పోయాను	I went (from పోవు, to go)
Wdf2b41040510	చెప్పాడు	cheppu — tell
W9ab427fd8e23	తెలుసు	to be known (I know)
W00c3ce106168	వుర్చిపోయాను	I forgot (variant of మర్చిపోయాను, from మరచిపో)
Wbb5fbefb6ad0	గదూ	isn't it? / right? (tag question particle)
Wf12e5e8626a0	గోపాలరావు	a speaker in these dialogues (name)
W469093cfb7d3	వైస్	vice- (as in vice-principal); English loanword
W70a677dc4b68	ప్రిన్సిపాల్	principal (pro.)
We27bc36a18bf	అవుతాడన్నమాట	means (that) he will become; so he'll become
We087fdfa2fe6	అత్తను	atta (father's sister (any age) — also mother-in-law) + -nu (won't / don't (negative future))
W312b3fde688d	గోపాలరావ్రకు	to/for Gopalarao (dative of name Gopalarao)
W7448f3fc189d	గర్వం	pride
Wf5bdd204d0dd	తను	one's self
Wda0a3467e15d	అందరికంటే	than everyone (అందరు + కంటే, comparative)
Waf695dbb1b6a	గొప్పవాణ్డి	a great man (accusative of గొప్పవాడు)
W181929469ac2	అనుకుంటాడు	thinks, considers (from అనుకొను)
W08efce72aca2	అంతేకాదు	not only that; moreover
W4c4ece041865	తన	own (his/her own — points back to the subject)
Wd39eaa3a352e	మాటే	words alone; his word (emphatic of మాట)
Wb62382ac242e	వినాలి	vinu — hear, listen
W3614cdb3435c	ముఖర్జీగారికీ	to/for Mr. Mukherjee (dative, 'between')
W89ae1f1d29a8	గోపాలరావుకూ	and to Gopalarao (dative + 'also'); from గోపాలరావు
W1c41ba49c818	తేడా	differ
W5c1cf474a68b	వెళ్ళే	who go (to); relative participle of వెళ్ళు 'to go'
W9f4e984e7b1a	ప్రిన్సిపాల్గా	principal (pro.)
Wf985d1da749c	మాట్లాడడు	māṭlāḍu — speak, talk (māṭa + āḍu)
We3c11674a160	స్నేహితుడిగా	the friend’s (male)
Wf42c2594e1c1	మాట్లాడ్తాడు	he speaks (from మాట్లాడు, to speak)
We03211225545	ఇప్పుడెందుకు	why now? (ఇప్పుడు + ఎందుకు)
W0c2a2e6754e6	మనకు	to us (inclusive)
Wa6930a2b0edb	లేకపోతే	otherwise
Wab3f30406c2c	పోవటం	going (verbal noun of pōvu, 'to go')
Wa232a0338852	అయింది	it became, it is done
Wdf6c78edd12c	క్రితం	ago
Wca1f1ad348d2	పోయింది	went, left (from పోవు 'to go')
We110385a2e81	యింకొకటి	another one (= ఇంకొకటి)
W8871831b7761	ముఖర్జీగారి	Mr. Mukherjee's (oblique/possessive of ముఖర్జీగారు)
W9d1238b55f99	ఆయనకేరాదు	he himself doesn't know it (ఆయనకు + ఏ + రాదు)
W1c64972532d9	మోహన్కు	a speaker in these dialogues (name)
W9951e8c35d9e	బెంగాలీ	Bengali
Wa320d397dab1	పాటలురావు	"""songs don't come"" — i.e. he doesn't know (any) songs"
We6f6d006436e	ఆసలు	at all (emphatic negation); from అసలు
W2393af2076ff	అవుతున్నది	is getting (to be); from అవు 'become'
W6b895134b191	ప్రమోషను	promotion (loanword from English)
W374f73af3e54	వచ్చిందా	did it come/did you get it? (from వచ్చు, to come)
W39bf2fcd34fa	డిపార్టుమెంటల్	departmental (English loanword)
Wc645e1f7a79d	పాసు	a pass (in an exam)
W51111848faf0	వల్లీ	Valli (name of person addressed)
Wec70078ceb12	కాంపెటీషను	competition (English loanword)
We410d5e1b9ab	పెరుగుతుంది	increases, grows (from పెరుగు)
W281f9c9171d1	పాసుకా	to pass (v.intr.)
W649c5861e925	ఏమైందో	who knows what happened (from ఏమి+అవు)
Wabc753af2d33	చెడిపోయిందేమో	maybe it broke down (from చెడిపోవు, to break down)
W7c2210f55dea	ఒక్కసారే	all at once, at the same time (from ఒకసారి 'once')
W7341b3afc69f	బస్సులు	bus
Wc9fcb80d2e66	బస్సులో	bus
Wb15f17a9624e	వస్తాయి	fall
W37bf62ffb6d7	ఎవరైనా	someone / anyone
W634485dde01f	ఎవరికోసమైనా	for anyone (at all); from ఎవరు 'who' + కోసం 'for' + ఐనా
W320400ebccf7	చూస్తున్నావా	are you looking/waiting? (from చూడు, present cont. 2sg + question)
W0d8c722bb270	వేణు	a speaker in these dialogues (name)
W703fd52a29f9	ఎదురుచూస్తున్నాను	I am waiting for/expecting (from ఎదురుచూచు)
W08931aab4282	ఎప్పుడ్డెనా	ever, at any time (from ఎప్పుడైనా)
W0540181f70ff	వేణుతో	a speaker in these dialogues (name)
W35c9fd7c546a	మాట్లాడావా	did you talk? (from మాట్లాడు, to speak)
W183e7f689f3f	అతనితో	atani (his (neutral — the default form)) + -tō (with (goes after the noun))
Wdb28beac06e6	మాట్లాడలేదు	māṭlāḍu — speak, talk (māṭa + āḍu)
Wfb71a591bcd8	ఏమైనా	something, anything
Wba743105f80f	చేస్తాడా	will he do? (interrogative of చేయు, to do)
W4ce3e8d9a3d1	ఎవరినైనా	anybody (as object); from ఎవరు 'who'
Wad1a277c2800	మంచిగానే	well, favorably (only good)
W66db885a7f7e	చెప్తారు	cheppu — tell
W345b872fd37a	బజారుకు	to the market (from బజారు)
Wf3bf31f0507a	వెళ్తు	going (part of వెళ్తున్నావ్ 'you are going'); from వెళ్ళు
Wfce56e8a76b0	ఎక్కడైనా	somewhere / anywhere
Wedb97d6cad00	కనిపిస్తే	if (he) is seen/appears; from కనిపించు
Wf959f4b1e2b2	కలవమను	
Wd715cdf90cd4	స్నేహితులలో	among (his) friends; from స్నేహితుడు 'friend', plural + locative
Wa40ddb1512ec	గురించైనా	about (any of) — గురించి 'about' + ఐనా 'even/any'
Wba09df51ce75	చెడ్డగా	cheḍḍa (bad) + -gā (-gā — turns a noun into a description)
We3f5d491ed97	మాట్లాడ్తే	if (one) speaks/talks (from మాట్లాడు)
W5c29190f714e	కోపం	anger (noun)
Wa7a2d4ed94fb	గురించీ	about
Wfc9af534719d	మాటా	a word, what one says
Wb3bad423c50e	ఉంటావా	will you be/stay? (from ఉండు, to be)
W1b90731bae13	ఎక్కడికైనా	(to) anywhere; from ఎక్కడ 'where' + dative + ఐనా 'even'
Wc14f391ac125	వెళ్తావా	will you go? (from వెళ్ళు, to go)
Wa1f8e3ae805a	వెళ్లను	I will not go (from వెళ్లు, 'to go')
W4367f9fcb6a4	ఉంటాను	I will be / I will stay (future)
W228acdb2f76b	ఎవరితోనూ	with anyone (at all) — from ఎవరు 'who'
W689b12ab5ba0	చెప్పకు	cheppu — tell
W59afcd73963f	ఎవరితోనైనా	to anyone at all; from ఎవరు 'who'
Wb97633ea4a19	ఇక్కడున్నారు	are here (ఇక్కడ + ఉన్నారు, from ఉండు 'to be')
Wc79689f119ff	చూస్తున్నారా	are (you) looking/waiting? (from చూడు, with ఎదురు = await)
W2ed6d73e2f32	మురలి	Murali (speaker's name)
Wdd30138d814f	ఎదురుచూడటం	waiting/looking for (verbal noun of ఎదురుచూడు)
W6cfe5c1c1d3e	నీకోసవే	for you only (నీ + కోసమే); emphatic
Wadef0535adbb	చూస్తున్నాం	chūḍu — see, watch
Wf9fcbe086262	ఎలాగైనా	somehow, by any means at all
Wd231409b4edf	నాకా	to me that (నాకు 'to me' + ఆ 'that')
W3b3242878a7d	రాశాను	I wrote (from రాయు, to write)
W515667336bc2	అందిందా	did (it) reach/arrive? (from అందు)
W18a144e86708	ఎక్కడో	somewhere (from ఎక్కడ 'where' + -ఓ)
Wcef34aef601d	పెట్టాను	I put (past)
We4c53c3ba57f	కనిపించటంలేదు	is not visible; is missing (from కనిపించు, to appear)
W78c54bd973ed	పుస్తకంలోనైనా	in any book (whichever book)
W59715d7058f3	పెట్టావేమో	maybe you put (it) — from పెట్టు 'to put'
W3ee2b6642e15	పుస్తకంలోనూ	in any book (pustakamu 'book' + locative + emphatic -nū)
W6f565cf0f881	పెట్టలేదు	didn't put (from పెట్టు 'to put')
W5bfa6c804f3a	నాకిచ్చాడు	gave (it) to me (నాకు + ఇచ్చాడు)
Wd080f58f7e49	శర్మా	a speaker in these dialogues (name)
W3be35d4af2a2	సుబ్బారావ్ర	Subbarao (personal name; OCR for సుబ్బారావు)
W11b4e2b617b6	పన్నెండింటికి	at twelve (o'clock); dative of పన్నెండు 'twelve'
W5a95860cd3eb	వస్తా	I'll come (casual)
Wed7ca23b59fd	నన్నాడు	said (that) — from అను 'to say'; part of వస్తానన్నాడు
W23f7fe5e7e94	ఒంటిగంటకు	one o'clock
W6f54eb4a899e	వస్తానన్నాడు	said he would come (వచ్చు + అను)
Wa55f627fd05c	వచ్చాడా	did he come? (from రా/వచ్చు, to come)
W8d1346515ea9	ఏమోనండీ	who knows, sir! (ఏమో + polite అండీ)
W33c019b799ef	తెలియదు	is not known
W10fa6ad6d702	గోపాలరావుతో	a speaker in these dialogues (name)
W05e74dc49d1a	చెప్పావా	did you tell? (from చెప్పు, to tell)
W0e57aaa4d88d	రాలేదో	didn't come (in embedded question); from రావు 'to come'
Wdd9265d80928	కనుక్కున్నావా	did you find out? (from కనుక్కొను, to find out)
Wda3fc9c5c945	కనుక్కోలేదు	did not find out (from కనుక్కోను/కనుక్కోవడం)
W6640707b3f29	కనుక్కోకపోతే	if (you) don't find out (from కనుక్కొను)
Wab75b3395a01	ఏట్లాగయ్యా	how (will it be), man? — colloquial ఏట్లాగు + వ్యా (voc.)
Wcb7dd43faf8f	ఆనిక్కి	afterwards
W65ba6afefd77	అడుగోనండ్డీ	there he is, sir! (look!) — from అదుగో + అండి
W6c7999242380	ఎందుకింత	why so much (ఎందుకు + ఇంత)
W3733a4739777	ఎట్లాగయ్యా	"""how will it do, my man!"" (ఎట్లాగు 'how' + అయ్యా, familiar address)"
W2fe63a140fa7	కుర్చీమీదినించి	from off the chair (కుర్చీ + మీది + నుంచి)
Wd4c7f31b54e0	పడ్డాడండీ	he fell (polite -అండీ); from పడు 'to fall'
W74442d66a3c5	ముక్కుకు	mukku (nose) + -ku (-ku — to, for (dative; goes after the noun))
Wa3bcfbfc7546	దెబ్బ	blow
W7e5c20a66a99	తగిలింది	was struck/hit (injury occurred); from తగులు
W21b422fd8829	తగిలిందా	did (it) strike/hurt? — from తగులు 'to hit, strike'
Wcfd4b4b76123	తగలలేదు	did not hit/strike (no blow landed)
W43fa1f07193b	నెత్తురు	blood
Wc9df38eb6843	వేలికి	to the finger
W65234ce03727	కట్టు	to tie
W57dfe49b59f9	చేతి	hand
Wdcf8f7fa4dd0	వేలు	finger
W5fbd98a69be1	అట్లాగా	a variant of
W2a27b0e9ffdc	బైల్దేర్దామా	shall we set out? (from బయలుదేరు)
W04d51189d563	పడ్డాడు	"paḍu — fall, drop (paḍu — cf. pāḍu ""sing"")"
W11676d1910fd	పడ్డాను	I fell (past)
Wfd767dce8c30	పడ్డారు	"paḍu — fall, drop (paḍu — cf. pāḍu ""sing"")"
W8e0a0ae27c6c	సైన్సు	science
W902bbebb6dc9	లైబ్రరీది	the library's (one); belongs to the library
W159bd6846c80	తీసుకున్నారు	tīsukō — take
Wa325f2d1caa8	ఇచ్చానో	(to whom) I gave — from ఇవ్వు 'give'
W38a4abb3ae8d	గుర్తురావటం	remembering, coming to mind (verbal noun of గుర్తురా)
W2796792bbc91	ఇస్తావా	will you give? (from ఇవ్వు, to give)
W33a4ba7cd2c4	పూర్తి	completed, finished; complete
Wa0aa38e11fae	కాలేదు	did not become/happen (negative past of అగు/కావు)
W1d8aa92f2034	అవుతుంది	he/she/it becomes (3rd person)
Wd99b55742252	పేజీలు	pējī (page) + -lu (-lu — the general plural suffix)
W22145b044ef9	చదువుతు	reading (part of 'chaduvutunnaavu' — you are reading); from చదువు
W6c756d2cea0a	న్నావు	"""...are you (doing)"" — 2sg present ending of చదువుతున్నావు"
We8ed4a421e8a	అంతకంటే	than that; more than that (from అంతకంటె)
W39658c91f77e	కావటం	becoming
W858fab123a35	గుర్తుందా	do you remember? (from గుర్తు ఉండు, 'to be remembered')
Wf24c9186423f	గుర్తులేదు	do(es) not remember; from గుర్తు + లేదు (memory is not)
W9b5510b0dc2b	చదవాలి	"chaduvu — read (also ""study"")"
We05b38810c33	చదివితే	if (you) read — from చదువు 'to read'
Wc42e1ed5f200	పూర్తికావటం	finishing, completion (from పూర్తికావు 'to be finished')
Wb057b1dffd54	చదువుతాను	"chaduvu — read (also ""study"")"
W0fb600598639	రోజుల్లో	in (three) days; from రోజు 'day', locative plural
W9455d39e8c63	రాత్రికి	rātri (night, at night) + -ki (to (goes after the noun))
W397ab4e24ca8	కాకపోతే	if it does not happen/become (from కాకు, neg. of అగు)
W1b8d23b9ca67	మానెయ్యి	give up
Wbef6d378eb06	మానేస్తాను	I will stop/quit (from మానేయు)
W2969a574dfdc	అయితేనే	only when (this) is finished/done; from అగు/అవు 'become'
Wc41b4fca790c	పనికి	pani (work, task (pairs with chēyi)) + -ki (to (goes after the noun))
Wc2dd639d8ff1	వెళ్తాను	I will go (future)
W12a3826bda06	తమ్ముడికి	the younger brother’s
W6542ebf3bc96	చదువుతున్నాడా	is he studying? (from చదువు, to read/study)
W2e81e8abf340	అవుతాడు	will become/be (here: will pass); from అగు/అవు
W6b2384ab4f80	అనుకుంటాను	I think, I intend
Wdb6d1e171fa1	కాడు	will not become (won't be); neg. future 3sg masc of అవు/కా-
W68dfdacf4463	అలారం	alarm
We30cddac79aa	మోగుతు	"ringing (part of ""మోగుతున్నది"" is ringing); from మోగు"
Wee11512f0c59	యింకా	still, yet (variant of ఇంకా)
W0424063964aa	లేవలేదు	did not get up (from లేచు, to rise)
We64532a9ab76	రైలుకు	railu (train; rail) + -ku (-ku — to, for (dative; goes after the noun))
W6ca285eba8c0	పిలుస్తానన్నాడు	said he would call (me)
W3c5e04920e1a	పిలవలేదు	didn't call (negative past of పిలుచు 'to call')
W8b5c385d71cc	మర్చిపోయాడేమో	he might have forgotten (from మర్చిపోవు, to forget)
W4f1bfa4a5e04	పళ్ళుతోముకో	brush your teeth! (imperative of పళ్ళు తోముకొను)
We792a58ae85c	బ్రష్హు	(tooth)brush — English loanword
W87de1aad90ce	నాలికబద్ద	tongue cleaner
W60197b28b1e3	ఒకపన్ను	one tooth (ఒక + పన్ను)
W7544d1696e9f	బ్ర	brush (truncated form of బ్రష్)
W2c894c5a806d	పళ్ళపాడి	tooth-powder
W83bc7bf24bf3	టవలు	towel
W7b6d0d72b039	దండెం	hanger
Wf27d10acdc99	తడిగా	taḍi (wet) + -gā (-gā — turns a noun into a description)
W393f5ceb83eb	పొడి	dry
W2df5c4d89114	తడిసిందా	did it get wet? (from తడవు, to get wet)
W4f3b477188c8	తడవలేదు	did not get wet (from తడవడం, to become wet)
Wac7937242db6	పళ్ళపాొడి	tooth powder (పళ్ళ 'teeth' + పొడి 'powder')
Wd003f908c2a5	ఎక్కడిది	from where? (thing) — of ఎక్కడ 'where'
W00bdfb8791af	ముందుకు	forward
W8eaa3b374750	కొన్నది	"(mother) bought it; from కొను ""to buy"""
W68fa1cb66d3a	పంటి	oblique base of
W48b2d6c87588	నెప్పికి	pain, an ache
W5f317a28328a	శర్మయింకా	Sarma + still/yet (Śarma + iṅkā)
W2fb76062bf69	వస్తేగాని	only if he comes / unless he comes (from వచ్చు)
Wbd26c2feb33e	వెళ్ళవా	won't you go? (from వెళ్ళు 'to go')
Wa8c42b83f7f4	వస్తేనే	only if (he) comes; from వచ్చు 'to come'
W57faca40a9fe	జరగదు	will not happen/get done (from జరుగు)
W071ca50dc89d	వెయ్యేళ్ళ	of a thousand years (వెయ్యి + ఏళ్ళు)
Wf2d0641088fa	ఆయుష్షు	lifespan, length of life
W75101439d8df	చూసినవాడి	of the one (we have) seen; genitive of చూసినవాడు 'one who was seen'
W37a5d346d70f	ముసలివాడి	an old man (oblique, with 'lāgā' = like an old man); from ముసలివాడు
W5aa4cf9f9588	లావుగా	lāvu (fat / thick) + -gā (-gā — turns a noun into a description)
W002ed9cb0d58	సుబ్బారావేనా	is it (our) Subbarao?
W8e61539f5b4c	ఏమిటీ	what (pro.)
Wcbab4d553865	అప్పుడే	already, so soon
Wd5f37df6f211	న్నాడాయన	is he going away? (వెళ్తున్నాడు + ఆయన 'he')
Wca498212f55b	సన్నంగా	thinly, slim (from సన్నం 'thin')
Wd7b9329ab359	ఉన్నాడో	as (thin) as he is — correlative 'how much he is'
W3424b2836c4c	లావగా	stout, fat (adverbial of లావు)
W216cb935a7e8	వయస్సు	age
Wb4df63936ed5	అరవయ్యో	sixty (or so) — from అరవై 'sixty'
We1b549fe51d0	డెబ్బయ్యో	or seventy (approximate, with -o suffix); from డెబ్బై
W3baa0b83e968	ఆకాహూణి	All India Radio (garbled ఆకాశవాణి)
Wdad36e59ee27	వార్తలు	vārta (news) + -lu (-lu — the general plural suffix)
W4c2a40859a1f	ఉన్న	that is, existing
W53cc42dc25c5	ట్రాన్సిష్టరు	transistor radio
Wb6452a2da8d3	చూళారుగాని	everyone has seen (it) — from చూచు 'to see'
Wf6562fe8b071	కట్టెయ్యి	switch (it) off! (from కట్టేయు, to turn off)
W24a4283c8aad	వచ్చినవారు	the one who came (honorific); from వచ్చు 'to come'
W3d0a5ad7451c	మామగారు	māma (maternal uncle) + -gāru (honorific suffix for people (respect))
W9ebb5bcc58bc	తెచ్చిన	brought (that which you brought); from తెచ్చు 'to bring'
Wb04f8a45770f	దగ్గర్నించే	from (near) him only — దగ్గర + నుంచి + emphatic ఏ
W76d36f218fd4	మనలేదేం	didn't tell (him to) — negative of అను 'say' + -ఏం
Wadde5aa1d46f	కూర్చునే	who sits (still); sitting — from కూర్చొను 'to sit'
W6cc67e75316a	మనిషి	person / human being; man
Wa38c7f713d0e	ఉంటాడు	uṇḍu — be, stay, live, exist (the to-be verb)
Wa8910eb69106	సరాసరి	average
Wc510422efff5	చూపి	"showing (part of ""chūpistunnāḍu"", from chūpu 'to show')"
Wab9c6cd3b5c5	స్తున్నాడే	is showing (you) — from చూపించు 'to show'; continuous, with emphatic -ఏ
We8f57eae2744	మరదలు	(as in the previous/ wife's younger sister
W5abddbe44933	పెళ్లి	Marriage
We0589009f74c	పిలవటానికి	to invite/call (from పిలువు, infinitive dative)
W4e6ea18336fc	పెళ్లికి	peḷli (Marriage) + -ki (to (goes after the noun))
W1a6581b1e6c1	కొన్న	bought, purchased (from కొను, to buy)
W04d3461e0b01	ఉంగరం	ring (finger ring)
W14471e1bbaf2	చూపించాడు	showed (from చూపించు, to show)
W34775da6043a	పెళ్ళికి	peḷḷi (wedding) + -ki (to (goes after the noun))
W264008cf6a62	అల్లుడుగార్ని	the son-in-law (honorific, object)
Wdf25b3c2568c	ఆహ్వానించటానికి	in order to invite (purposive of ఆహ్వానించు)
W4fe931d2ad51	వచ్చాడన్నమాట	so he came (it means) — from వచ్చు 'to come' + అన్నమాట
W0ddd14002efb	బయలు	in 'బయలుదేరు' = to set out/depart
W96064b85aa79	దేరుతున్నావు	are setting out/leaving (from బయలుదేరు)
Wf6ed38d66f53	ఎనిమిదిం	eight (part of ఎనిమిదింటికి 'at eight o'clock')
Wde702434cf6e	హైదరాబాదు	Hyderabad
W67d1275ee9df	పోయే	that go (to); going — adj. form of పోవు 'to go'
Wd10fe86ff768	బయల్టేరేవి	ones that depart/start out (from బయల్దేరు, to set out)
W151c51007bdd	విజయవాడనించి	from Vijayawada (Vijayawada + -nunchi 'from')
W6a94766f9ffc	పోతుంది	goes (to); from పోవు 'to go'
W3407bef24a5f	త్వరలో	soon
Wd9961c0b7856	అత్తగారింటికి	to (her) mother-in-law's house (అత్తగారు + ఇంటికి)
Wb231665d7010	వెళ్ళబోతున్నావన్నమాట	so you're about to go (it means)
Wa2b9558e1eb3	అనుకున్న	(that was) thought/intended — from అనుకొను
W3b1dc5571ef6	అయ్యే	that will get done/happen (from అగు/అవు)
Weaf588029f02	అవకాశం	opportunity / holiday
Wcfa5eccf6890	దిగులు	worry, anxiety (in దిగులు పడకండి 'don't worry')
Wb9e55fed927b	పడకండి	"paḍu — fall, drop (paḍu — cf. pāḍu ""sing"")"
W6385258a3247	ఇంతలో	inta (this much (answer to enta)) + -lō (in, at (no distinction in Telugu))
We72fd72d21a2	చెప్పిన	that was said
Wa1406604b58b	వాళ్లందరితో	with all those people (వాళ్లు + అందరు + తో)
W86f4aed63127	యిచ్చిన	given (by) — rel. past participle of ఇచ్చు 'to give'
Wddecc5869cf0	అడ్రసులకు	to the addresses (from అడ్రసు 'address')
Wb9aae19d9d91	ఉత్తరాలు	letters (plural of ఉత్తరం)
W7b45366bbedf	వెళ్లేది	the place you are going (to) — from వెళ్లు 'go'
W595ae5381dfc	ఆఫీసర్ని	the officer (object) — from ఆఫీసర్
Wecbedf968367	అక్కడే	right there, in that very place (అక్కడ + emphatic -ఏ)
W32aa2ebf10a9	కలిస్తే	if (you) meet; from కలువు/కలియు 'to meet'
We9d77a9196bb	తీసుకునే	(that he) takes — relative participle of తీసుకోను 'to take'
W15151030b549	నిర్భయం	decision (text for నిర్ణయం; నిర్భయం = fearlessness)
W5861acb25773	అనుకూలంగా	favourably, in our favour (from అనుకూలం, favourable)
W25055c74f605	జరుగుతుంది	I am happening / it is going on (present)
W025faeaacfcf	పోయిన	"last, past (in ""last year""); from పోవు 'to go'"
W3920d22f50e1	హైదరాబాదులో	Hyderabad
Wfc4cb0f42139	కలుస్తాను	I will meet (from కలువు/కలుసుకొను, to meet)
Wfe522e88791b	చేసే	(that he) works (in) — relative participle of చేయు 'to do'
W53182630b054	ఆఫీసులోనే	in the very same office (office + in + emphatic)
W4e17785e81ad	బావమరిది	brother-in-law (wife's brother)
W7147a9bac32c	ఉండే	(that he) lives in — relative participle of ఉండు 'to be, live'
Wc0f6ed2692c0	యిల్లు	house (variant of ఇల్లు)
W2dc5e5866bd6	మామగారింటికి	to/at my father-in-law's house (dative of మామగారి ఇల్లు)
W8603768799eb	ఎదురుగానే	right opposite, directly facing (from ఎదురుగా + emphatic -ఏ)
W7ad6d43de9a3	జరిగే	happen
Wf5d7e5fb5451	ఉందన్నమాట	it means there is / so there's (chance) — from ఉంది + అన్నమాట
Wd48903d852df	పడ్డ	(that we) underwent, suffered — from పడు
W828d57496a95	కష్టాలన్నీ	all the troubles (kaṣṭamu + annī)
W5c1b22217bf6	తీర్తాయి	will be resolved/ended (from తీరు)
We5b6e252889a	ఆఫీసరు	officer (from English 'officer')
W0c8d31d99e0e	వింటాడంటావా	do you think he'll listen/agree? (from వినడం + అను)
Wac2851a0dca1	తినబోతూ	while about to eat (from తిను, eat)
Wc37f7d40a41c	రుచి	taste
W59664d7be6c3	అడగటం	asking (verbal noun of అడుగు 'to ask')
W02c329dd396a	ఎందు	"why (part of ""endukū"" = why)"
W0a5b1297e9ab	కు	-ku — to, for (dative; goes after the noun)
W4d234cecea2c	ప్రయత్నం	effort / attempt
Wf55b045e0e44	చెప్పింది	cheppu — tell
W4a215d6faa0a	చెయ్యండి	do (it); polite imperative of చేయు 'to do'
W5c2b9c3f0e79	నేనిక్కడపెట్టిన	that I placed here (nēnu+ikkaḍa+peṭṭina, from peṭṭu)
Wdac3bdd120b4	కోటు	coat
Wede1385549f4	ఏమైంది	what happened?; from ఏమి అగు 'to become what'
Wfd1d8d5d5f65	పెట్టిన	that (I) put/placed (rel. participle of పెట్టు)
Wa225c6f042f8	వమైంది	what happened (to it)? — from ఏమైంది; here misprinted
W831b6b4df324	కబుర్లు	chat (n.)
Wc88305b95dbe	కాలేదా	hasn't/didn't become — from అగు/కావు, negative past + question
W8925f7e95cfa	దేశంలో	dēśaṁ (country; nation) + -lō (in, at (no distinction in Telugu))
W439b7f940b79	జేబుదొంగలు	pickpocket (n.)
W22860d03bfe9	ఎక్కువయ్యారయ్యా	have increased, sir! (from ఎక్కువ అగు, to increase)
Wcc8fce4d0cba	చూస్తే	chūḍu — see, watch
W67ab33a9d405	గుర్దొచ్చింది	it came to mind, I remembered (గుర్తు రా-)
Wd88ec1f0efbe	పెరుగు	curd
Wf7b9ef6b8e62	తోడుబెట్టడం	setting curd (adding starter to milk); from తోడుపెట్టు
W616a89876a75	మరిచిపోయానండీ	I forgot (polite); from మరిచిపోవు 'to forget'
Wb23edc06ccdf	చెప్పులు	shoes / slippers
Wcf9970296711	తెమ్మన్నావ్రుగదా	you told (me) to bring, didn't you (తెమ్ము+అను)
Wafc3a86cc75b	షాపుదగ్గర	near the shop (షాపు + దగ్గర)
W48c03b066500	పైజు	size (likely OCR of సైజు) — 'a girl your size'
W340ac714589f	కనిపించింది	it appeared (past)
Wbf55859e6acf	షాపులోకి	into the shop (from షాపు 'shop')
Wf748a669c984	పిలిచాను	I called (from పిలువు, to call)
W87ec84bd4883	ఊడుస్తుంటే	while sweeping (from ఊడ్చు, to sweep)
W6a9378ca3293	పీనూ	Peenu (name, called out)
W010c7a6d181e	పడ్డాయి	fell / were lying (from పడు 'to fall')
W2c4093837f60	దనరా	flourishing, shining (nonfinite of దనరు)
W1687cb132efc	మామూలు	bhaksheesh; tips paid
W809bd2c21ce3	(్	
W5a1f4b19e202	కార్డండీ	it's the (progress) card, sir/madam (from కార్డు 'card' + polite -అండీ)
W72869fd2a3ea	పడితేగాని	unless it fits/turns out right (from పడు)
Wee9e96875820	సంతకం	signature
W8738fa7e48bc	పెట్టను	I won't put (here: won't sign); from పెట్టు
W2a2a191be29f	కషాయమే	a bitter decoction indeed (kaṣāyaṁ + emphatic -ē)
W4139f94a55f6	ఛీ	nonsense
Wdddf6663a781	జన్మలో	janma (birth) + -lō (in, at (no distinction in Telugu))
Wb1a6ddbdf665	లీకు	
Wc341ce5b4e63	కాఫీపొడి	coffee powder
W93233022ece1	మర్చిపోకండి	don't forget (from మర్చిపోవు, to forget)
W38aa4ce77c52	కషాయంలాగా	a medicated decoction
W24a40b540247	తెచ్చానో	(see) what a ... I brought; from తెచ్చు 'to bring'
Wcedd92ab68d7	కానుకః	gift, present (birthday gift)
Wbbbed6d4d628	ఒకసరి	once, one time (var. of ఒకసారి)
Waec18a388832	సిరా	ink
Wd350d27f94ac	పోస్తే	if (one) pours/fills (ink); from పోయు
W90de405bc2d5	పూర్తిచెయ్యవబ్చు	can be completed / one may finish (from పూర్తిచేయు)
W8b0e2503a74e	నుబ్బారావు	Subbarao (man's name; OCR of సుబ్బారావు)
W90bc5995282b	పాసయ్యాడా	did (he) pass? — from పాసవడం 'to pass'
W9c3c5953292a	నన్నడ్రుగుతావేం	why ask me? (nannu + aḍugu, 'to ask')
W665ed6cc2612	తలమీద	on the head (తల 'head' + మీద 'on')
W28ff9b8726db	కనిపెంచటంలేదా	isn't (she) raising/nurturing? (from కనిపెంచు)
W1908c17ec910	పన్ను	tooth
W2c61858ca3ee	నైప్పిగా	painful, aching (adverbial of నొప్పి 'pain')
W4e6b6746c878	మమ్మీ	Mummy (address to mother)
W50c814f0fc13	పంటినెప్పి	toothache (పంటి + నెప్పి)
Wce5926f5b473	౧	the numeral 1 (Telugu digit)
W9353615e3fce	రామూకు	to Ramu (dative of the name Rāmū)
W369e85ce3a86	ఏమిటో	"what (it) is; from ఏమిటి ""what"" + dubitative -ఓ"
Wc6d113f5bf8b	అసలే	at all, in the first place (from అసలు)
Wfccf0cda30d2	కారణం	reason; cause
W655ef5798ca0	అనలు	at all (misprint of అసలు)
W5db656c592cc	పళ్లే	teeth (at all) — పళ్లు 'teeth' + emphatic -ఏ
W4a3cb013843a	సుగుణా	a speaker in these dialogues (name)
Wf5ea88681619	వస్తున్నది	is coming (anger is arising); from వచ్చు
W5c5d39f7b114	టట్లున్నది	(from వచ్చే-టట్లున్నది) 'looks as though it will come/rain'
W382f19efacfa	ఆకాశం	sky
Wdb7c9131d0d3	అంతా	everyone, all
Wf80c6b01f3bc	మబ్బులు	cloud (n.)
W19811b32ab53	పట్టాయి	have gathered/covered (of clouds); from పట్టు
W13b6df53e215	స్టాండుకు	to/from the (bus) stand (స్టాండు + dative -కు)
W727e3de4bb7d	దగ్గరికే	right up close (to it); dative of దగ్గర 'near' + emphatic -ే
W188c46e55928	యింతమంది	this many, so many (of ఇంతమంది)
W404d19b4fe6a	ఆగుతుంది	āgu — stop, halt (long ā — not agu)
W0ff7e81ec7f4	యిక్కడే	right here (here + emphatic -ē)
Wf87c986e0c70	స్నేహితురాళ్ళల్లో	among (your) female friends; from స్నేహితురాలు
Wcb73d8f92148	వస్తున్న	coming (to) — relative participle of వచ్చు 'to come'
W1fc4ab28dbab	వాళ్ళివరు	who are the ones (coming)? [వాళ్ళు + ఎవరు]
W9717edfdd7fc	రాని	rā (come (base verb — becomes raṇḍi with aṇḍi)) + -ni (-ni — marks the direct object, after stems ending -i or -u)
W0aef06d9ae74	వాళ్ళెవరు	who are they (which ones)? — వాళ్ళు + ఎవరు
Wabeb1ec89b80	సువూరు	approximately, about (OCR of సుమారు)
W46b5cef297a3	వందవుంది	a hundred people (misprint of వందమంది)
W70e521a346e3	చూస్తున్నట్లున్నారు	seem to be waiting (for) — from ఎదురు చూడు
W2a662d16af68	అంతవుందికి	for that many people (dative of అంతమంది; text shows OCR-garbled అంతమందికి)
Wbd6f555ee2ed	చోటు	space (n.)
Wde2037608a48	ఉంటుందా	will there be?
W97924c65bd40	ఏమను	"""what"" + say/think; part of ఏమనుకుంటున్నావు 'what do you think'"
Wae79b88f46a2	కుంటున్నావు	you think (from అనుకొను, split across hyphen)
Wd5f4799117b5	పుష్పకవిమానం	the Pushpaka — mythic flying chariot of endless capacity
Wa457f03f62b7	నిల్చుంటే	if (we) stand; from నిల్చు (to stand)
W0c03da2fdb14	పేటకు	a suburb or division
Wdd7e331f7483	బస్సులేవో	which buses (buses + interrogative ఏవో); from బస్సు
We9a7f3b2cec1	వెళ్ళని	not going (to) — neg. rel. participle of వెళ్ళు
Wbf806e65b553	కనుక్కోవటవం	finding out, identifying (verbal noun of కనుక్కోను)
W95e3c4f8d5f0	గుర్తు	remember
W41bf080c9329	ఆగిన	that stopped (adj. participle of ఆగు, to stop)
W3bc4f22c6d73	మనది	ours, belongs to us (from మన 'our')
W7f0b9bee5b88	ఆగని	not stopping (negative adjectival form of ఆగు)
We5e56bd50bc7	నిల్బోవా	have to stand (from నిలబడు, 'to stand')
W6b4fa8e318cc	లన్న	
W15628d0f11c7	చేసిన	having done
W2670b89bd498	కొద్దీ	a particle which can
W76b3f9587d32	అవతారు	will become (colloq. for అవుతారు; from అగు/అవు)
W0c0247cdebc2	వచ్చినట్లు	as (it) came/did — from వచ్చు 'to come'
W4fb880d42564	టైముకు	time
W2a4a68466dd6	అరగంటలో	in half an hour (from అరగంట, half-hour)
W35becd761b77	అనుకున్నట్లే	just as (we) planned — from అనుకొను
W7f4affddc72a	తాయా	will they happen? (ending of జరుగుతాయా, from జరుగు)
We6c20ade633b	అయినకొద్దీ	as it becomes/passes (more and more); from అగు/అవు 'to become'
W03f061033f8e	అవుతున్నారు	are becoming (more); from అవు 'to become'
W44224a67a39a	కొంతమంది	some (people)
W1c6d207a507d	ఆటో	auto-rickshaw
W7cfa0c2f90f1	వెళ్తున్నట్లు	as (they) are going; like (they) go — from వెళ్ళు 'to go'
Wb97d9db50130	వెళ్ళామా	shall we go? (from వెళ్ళు 'to go')
Wa402b0d6da1d	అవసరం	need / necessity; necessary
We9e099254bd6	దొరుకుతుంది	will be available, we'll get (from దొరుకు)
W09f130ede0d3	అయినట్లుంది	it seems (time) has come/happened
Wbe1dd34b1f99	రాత్రి	night, at night
Wec9077384a59	ఫుట్బాల్	foot-ball
W9e2eb59ae165	ఆడినట్టు	as if playing (from ఆడు 'to play')
Wb2406f4a8010	కలవచ్చిందోయ్	a dream came (to me) — I dreamt; from కల వచ్చు
W965701aa4153	బిల్లింగ్లో	in (your) building — from బిల్డింగ్ 'building'
W03c4a511f0e1	అద్దెకిచ్ళే	for rent, to let (from అద్దెకివ్వు 'to rent out')
W33aa49eab711	వోర్షన్లు	portions, units (of the building) for rent
W3766d55de543	ఉన్నట్లున్నాయ్ర	there seem to be (many)
We6219e43a5fe	బోర్డులు	bōrḍu (board) + -lu (-lu — the general plural suffix)
W183ed8506db6	పేపరు	newspaper (English loan 'paper')
W142e855066b1	చదువ్రతు	
Wc6d07093b4d7	ఒకబుట్ట	a basket (ఒక 'one/a' + బుట్ట 'basket')
We954784628e6	అల్లుతావా	will you weave/knit? (from అల్లు, to weave)
Wf06665c4d43e	ఎటువంటి	what kind of
W4a1749012a53	బుట్ట	basket
Wde5083fed963	పూసల	bead
W1b650f15d19b	అటువంటిది	one like that, that type
W7abaacc04783	ఇదేనా	is it this (one)? — from ఇది 'this' + emphatic -ఏ + question -ఆ
W6d4c9dda7099	బుట్టే	basket (emphatic: exactly this basket); from బుట్ట
W33e0bd04a7ff	అల్లు	knit (v.)
W3a4fecfba378	పూసలు	bead
Wb02a9391a16e	వైరు	wire (n.)
Wae9bacc2c376	కొంటాను	I will buy (from కొను, to buy)
Wa787d892fda0	అల్లటం	knitting/weaving (act of); from అల్లు 'to knit'
W8b594415ee83	నేర్చుకో	learn (for yourself — the -kō reflexive)
W9a8d7a363cb6	అల్లితే	if (you) weave/knit (from అల్లు)
Wda61b0a03487	అల్లినన్ని	as many as (I) knitted; from అల్లు 'to weave/knit'
Wfc5dbba9ca22	బుట్టలు	buṭṭa (basket) + -lu (-lu — the general plural suffix)
W5a6088386453	వాళ్ళల్లో	among them/our people (from వాళ్ళు 'they')
Wdaa6abd14daf	అల్లలేదనుకుంటాను	I think (no one) has knitted — from అల్లు 'weave/knit' + అనుకొను 'think'
Wefc715905507	నేర్చు	to learn
Wfc0e1be3be1f	నేర్చుకుంటాను	I will learn (future)
W7de2930a9ad3	నేర్పటానికి	to teach (dative infinitive of నేర్పడం 'teaching')
W19f07e2e90d2	అల్లుతున్నప్పుడు	while (I am) knitting; from అల్లు 'to knit/weave'
W19667129997f	తున్నది	is reading — from చదువు 'to read'
Wcd9dd5e152bb	రాళ్ళపల్లి	Rallapalli (surname of the newsreader)
W4456ba620d66	చక్రధరరావు	Chakradhararao (personal name)
W39083f9d27a3	కావాలో	(how much) is needed — from కావాలి 'to be wanted'
Wc33167958b3b	ఉండలు	ball, coil
Wd8e6c47acce2	కొనేటప్పుడు	while buying (from కొను, to buy)
We4126d1fb791	కిందటిసారి	last time, on the previous occasion
W8463077d3125	సరళకు	a speaker in these dialogues (name)
Wd00b9b6dd346	అల్లి	knitted (from అల్లు, to knit/weave)
W2cba92f9f64c	నప్పుడు	"""when"" — suffix of అల్లినప్పుడు, 'when (I) knitted'"
W24064d1e23f7	తేలేదు	did not bring (from తేవు/తెచ్చు, to bring)
Wcbac32fe764f	పైగా	over
W2303b75a1536	తక్కువ	less / few; low
Wd8f5f7017669	తెచ్చింది	she brought (from తేవు/తెచ్చు, to bring)
Wae24f9f87f4a	అడిగినంత	as much as (she) asked for; from అడుగు 'to ask'
Wc2c06ae1e9ad	ఇచ్చినట్లులేదు	seems not to have given; from ఇచ్చు 'to give'
W0e3a955621bf	మోసం	cheating
W06873b3b5370	చేశాడు	did (he); from చేయు 'to do' — here 'deceived'
Wd0ad08abb0ee	గూడారా	you too, come! (కూడా 'also' + రా 'come', imperative)
W1f78603f5f9a	కొందాం	let's buy (from కొను, to buy)
W95dd86ca0d9c	గాని	either
W9524b5ce275a	నీలం	blue
Wf3231aaa94c0	వైర్లు	vair (wire) + -lu (-lu — the general plural suffix)
W03485539dbb3	దరుకుతు	being available/obtainable (from దొరుకు)
W9e03eea17a5e	నలుపు	black
W3b02dc009cf4	నల్లవైరు	black wire (నలుపు + వైరు)
Wef3c934be130	చౌక	cheap
W0a3faa1121cd	తీసుకుందాం	tīsukō — take
W31a4940cd1fb	దీన్ని	this (object form) — from ఇది
W89b00077d21f	కొలు	measure (it)! — imperative of కొలవడం
W44ca37af93d4	కొలిచేలోగా	by the time (you) measure; from కొలుచు 'to measure'
W969d915f8e6f	ఇందాకా	a little while ago
W75ea626c4340	కరెంటు	electricity
Waf5ffac62150	పోయినప్పుడు	when (it) went off/away; from పోవు 'to go'
W97ea59916259	కరీం	Karim (name, addressed here)
W3cb0a00ec51e	అరబిపండు	banana (a variety)
W664e00d60e6e	లడ్డూ	(a kind of sweet
W152c3e1455b8	కాజేసారురా	stole/swiped (it) — from కాజేయు, + ra addressee particle
W1f8081bc0711	నమస్తే	Hello
We6201d865b1f	ఆఫీసుకే	to the office (dative + emphatic -ē)
W67d8c83aa4e6	బయల్దేరాను	I set out / started (from bayaludēru, to set out)
W4b5d07bfb118	బయటీకొచ్చేసరికి	by the time (I) came out
Wcccdea37d08f	నల్లపిల్లి	black cat (bad omen crossing one's path)
W2d27169a19be	ఎదురైంది	crossed my path, came in front (from ఎదురుకావడం)
Wd9e501e0172d	అందుచేతీ	therefore, so, for that reason
W8091808009cf	ఒకగంట	one hour (ఒక + గంట)
Wd16109d73e2a	పర్మిషన్	permission (English loanword)
W1c0f3f3ea5e2	కోరుతున్నారు	am requesting (from కోరు, to request)
W2f58e010245b	తప్ప	except
Wef45fce34af4	వచ్చామండీ	we came, sir (from రావు 'to come')
W4ca9cfe492ec	ఇన్స్టిట్యూట్కు	institute
W4bd7f7d87cf9	వచ్చాడండీ	he came (polite/respectful) — from వచ్చు, 'to come'
Wdde652aca138	లీవులెటరు	leave letter (English borrowing)
Wf7cbf10f8b28	ఇచ్చి	having given, submitted (from ఇచ్చు 'to give')
W901a1ff5ceee	వెళ్లాడు	he went/left (from వెళ్లు, to go)
W86bf11b5aa55	వచ్చి	having come
Wde653d298be8	రాలేదా	did (he) not come?
W375b626a157f	ఒంట్లో	"in the body; ""ఒంట్లో బాగా లేదు"" = is unwell (from ఒళ్లు/ఒంటి, body)"
W153248d06547	వెళ్ళి	having gone
We9c73d3323c8	తీసుకుని	bring
We07a5b06e929	వెళ్తానన్నాడు	said he would go (వెళ్తాను + అన్నాడు)
W9e35e1b13fa7	ఒంటికి	to (his) body/constitution; from ఒంటి/ఒడలు 'body'
W0414de534a8e	పడలేదు	"paḍu — fall, drop (paḍu — cf. pāḍu ""sing"")"
W9b55c8cf0ba1	ఒళ్లు	body; here: health (from ఒళ్ళు)
W5a02156708f4	వాతావరణంలో	vātāvaraṇaṁ (weather / atmosphere) + -lō (in, at (no distinction in Telugu))
W361184921d1f	మార్పు	change
Wafd05401c79d	మీతో	mī (your (formal / plural — the safe default)) + -tō (with (goes after the noun))
W6f587ba150b8	చెప్పి	having said
W07b365b758aa	చెప్పకుండా	without telling
Wc273f82490cd	వెళ్ళాడేమో	perhaps he went/left (from వెళ్ళు, to go)
W06df56c89ecf	వీథిలో	street
W1e9f15d1f22d	యింటికి	to the house (from ఇల్లు 'house')
Wa58b4d3b8962	చూపిద్దాం	let's show (him to the doctor); from చూపు 'to show'
Wbcbdeb763484	రవికీ	to/for Ravi (dative of name రవి)
W155274400410	గోపీకీ	and to Gopi (dative of Gopi + -కీ 'and')
Wf6565f0d9bde	పడటం	getting along (verbal noun of పడు, 'to fall/suit')
W2188e28660a9	అదేం	"""what's that"" — here: nothing of the sort (అది + ఏమి)"
W01f327b2d3b5	తీస్ఫోస్తాను	I will bring (him) (from తీసుకొచ్చు/తీసుకురా)
W04188da93eba	భోజనం	full meal, lunch (pairs with chēyi)
W74b43afbf3ad	చేసి	having done
Wdaafe512c567	వాజ్ణి	him (accusative of వాడు, 'he')
W1775f5908f04	కున్నాడు	
W5c7f301685a4	మూలగటం	groaning, moaning (verbal noun of మూలుగు)
Wa40b8d49a310	ఏడుస్తూ	weeping (while crying); from ఏడ్చు
W4f25e9e7aa15	పడుకుంటాడు	paḍukō — sleep, lie down
W5c1f377c1fb7	ఏడవకుండా	"without weeping (from ""ఏడవటం"", to cry)"
Wd8792316aaca	పడుకోమంటే	if told to lie down (from పడుకోమను, tell to lie down)
Wa9f3eae84798	వినడు	vinu — hear, listen
Wdfcc7659eb19	పోయి	having gone, go (and) — from పోవు
Wf3710ad02994	చూసి	having seen
W1b0354ab8ddc	వద్దాం	let's go (and come back); we shall
W6dc3a96e83c1	అలవాటుంది	has the habit (habit + is there)
W835621d3e5e5	చూడకుండానే	without even looking (from చూడు 'to see')
Wcbd389e8950b	ఖాళీలు	khāḷī (empty (Hyd/Urdu)) + -lu (-lu — the general plural suffix)
W172d94819838	లేవంటే	if/that (one) says 'there are none'; from లేవు + అంటే
W4d509109b075	ఎక్కడి	where...to (in 'where did he go?')
W34fdc0287497	కెళ్ళాడయ్యా	where has he gone, man! (వెళ్ళు 'to go' + అయ్యా)
W29e5c82e36ad	చాలాసేపైందా	has it been a long while?
Wc5f1dd063d5c	అరగంటైంది	
W7d05399de3ee	అరె	oh! (exclamation of surprise)
W334181e3ac5e	నెలలైంది	it has been (two) months; from నెలలు + అయింది
W936c298c58f4	యింట్లో	in (the) house (from ఇల్లు, locative)
W557f9f036872	తనం	"-ness/-hood; here part of దొంగతనం ""theft"""
Wed040d8dbb7e	జరిగిన	that happened, occurred (from జరుగు)
W935ca08f78ab	వెళ్ళలేదు	veḷḷu — go (the standard word)
We71bde6cb246	మనస్సు	mind, heart (here: mood/spirits)
Wc3b6f7180407	బాగలేదు	not good / not well
W74214e002b39	ప్రభాకర్	Prabhakar (a man's name)
Wfa8d13e216ee	కనిపించలేదా	didn't (he) appear / wasn't seen? (from కనిపించు)
Wbabdd7d8ffa6	చెయ్యమంటావు	do you want me to do; from cheyyamanu (< cheyyu + anu)
W619309a16e49	వట్టి	only (an emphasiser)
W1f66bf41351d	పిరికదానివి	you are a coward (fem.); from పిరికిది 'coward'
W03e64651c26b	పిరికితనం	cowardice, timidity
W769d48b1212a	ధైర్యంగా	dhairyaṁ (courage) + -gā (-gā — turns a noun into a description)
W192066874596	సేను	sē (say) + -nu (won't / don't (negative future))
W75311c7a1eec	మాట్లాడ్తాను	I will speak (from మాట్లాడు, to speak)
W584b4f30ef58	నేనొక	I ... a (నేను 'I' + ఒక 'a/one')
Wb276abc656b1	చెయ్యదల	"fragment of చెయ్యదలచుకున్నాను ""I intend to do"""
W6c2c33978ebf	చుకున్నాను	
Wfe9f9b74141c	వెళ్ళం	veḷḷu — go (the standard word)
W13bee92a0dd1	అనుకంటున్నాను	I am thinking (of); from అనుకొను 'to think/intend'
Wba7579d90132	బిచ్చం	begging, alms
W69365b3c6be4	పోతావా	will you go? (from పోవు, 'to go')
W515d40499ced	వంటి	like
W5041b1bf85f4	పిచ్చి	Mad
W4b893cf47234	చేయాలో	what should be done (from చేయు, 'to do')
W6b02fe1033c8	వాళ్ళిం	to their house (part of వాళ్ళింటికి, split across a line)
W2d653e550197	బిచ్చగత్తెలా	like a beggar-woman (from బిచ్చగత్తె)
W072cfb555019	వెళ్తక్కర్రేదు	need not go (from వెళ్ళు 'to go' + అక్కరలేదు 'no need')
W798ef0abddb8	కోడలుగానే	only as a daughter-in-law (from కోడలు)
W6c0fe11cdf42	వెళ్తావు	veḷḷu — go (the standard word)
Wa1ddb0ec4f63	అతనింత	he (was) such a ... — అతను + ఇంత
Wb4ecae9fc72d	మోసగాడు	cheat, deceiver, swindler
Wa843ff3feb1e	అనుకోలేదు	did not think (from అనుకొను, to think)
W4ac654794b1e	వస్తూ	coming (while ~) — from వచ్చు 'to come'
Wedee7f266ad5	ఉండగా	ball, coil
W25b930a3d95b	ఊళ్లోనే	
Weedea14d63da	ఉన్నాడన్నమాట	means (that) he is here; so he's around
W5ed7c7a33066	నాకో	to me (dative of నేను 'I')
Wefbec490ef63	ఎవరితో	evari (whose) + -tō (with (goes after the noun))
W550fccf25bfa	నమ్మాలి	should believe (from నమ్ము, to believe)
W55ab5370de10	నమ్మటానికి	to believe (dative infinitive of nammu, 'believe')
Wdf30ce57b9c3	చెయ్యడు	he will not do (from చేయు 'to do')
W7e21582e96e9	చేసేది	what he does; that which (he) does — from చేయు 'to do'
We060937e7020	చెప్పడు	cheppu — tell
W4e4e4b13829c	రాజుతో	rāju (king) + -tō (with (goes after the noun))
We091a18c05dd	అన్నాన	
W733d6b8356ea	రాముతో	a speaker in these dialogues (name)
W11e9bf9a3b25	విజయతో	a speaker in these dialogues (name)
Wef5a7bbd7467	వచ్చావేం	why did you come? (from వచ్చు 'to come' + ఏం)
Waa11c4211088	ఇవేళరాను	"""I won't come today"" (ఈవేళ today + రాను I won't come)"
We6a7c0959c3f	అనలేదు	anu — say
W6410cd0d6c23	గదండీ	"""...did I, sir?"" — polite tag question (గదా + అండీ)"
W562ace154bc4	మూటలు	bundles; here fig. tall tales, claims (pl. of మూట)
W3601c5e0f2ef	నమ్ముతారా	will (they) believe? (from నమ్ము, to believe)
W5600de60dc97	ఇష్టమండీ	it's their wish/liking (ఇష్టం + polite ండీ)
W71900b06dc0b	చేసినట్లు	as (you) did; like doing — from చేయు 'to do'
Wc9c54e74067c	వెళ్ళిన	having gone
W77969c41260a	కాకుండా	rather
Wd812a047fcd0	వచ్చేసరికి	by the time (I) come/return; from వచ్చు
W2f9d4ae90a4e	కావచ్చు	it may be
Wc654f388282a	అరుస్తున్నాడు	he is shouting/barking (from అరుచు)
Wce4ad15ec83f	అరవటమ్	shouting, yelling (verbal noun of అరవు 'to shout')
Wa5e2caa94429	సుబ్బరఒ	Subbarao (personal name; OCR-garbled సుబ్బారావు)
W45b87f9ea686	గోదావరి	Godavari (district name)
Wbaf5601e51f1	మొాఖపట్నం	Visakhapatnam (garbled OCR of విశాఖపట్నం)
We4290a369e43	జిల్లాలలో	in the districts (జిల్లా, plural locative)
Wa9aff8ed5ae2	మాటలకు	"to these words (dative of ""māṭa—word"")"
Wee88e2967ee3	మొరగటం	barking (verbal noun of మొరగు 'to bark')
W0fcd55019008	తక్షిన	the remaining, other (OCR of తక్కిన)
W85c5d3e51fa8	మాట్లాడటం	speak
W88c126153ccc	అర్థ	meaning (from అర్థం)
Wedf6defd07ce	గమ్మత్తుగా	funny
W30cabd86d4bf	కన్గారు	panic, flurry, fluster (variant of కంగారు)
W888ea80f718c	రెండర్జాలున్నాయా	"""are there two meanings?"" (రెండు అర్థాలు ఉన్నాయా)"
W50947e74109c	వూటలు	words (plural of మాట, spelled వూట here)
Wc36a1a690d9a	వున్నాయి	there are (from ఉండు 'to be')
W55009884d66e	రాస్తున్నప్పుడు	while writing (the exam); from రాయు 'to write'
W0f0ee2ee3040	కంగారు	confusion
W4678daf08bfb	సరీగ్గా	properly, correctly (variant of సరిగ్గా)
W62327223d055	రాసినట్లులేడు	seems not to have written (exam); from రాయు 'write'
W206cf7fbc4f8	మస్తున్నట్లు	as if/seems to be coming (OCR of వస్తున్నట్లు, from వచ్చు)
Wb0e80f308780	ఇకనేను	now I (ఇక 'now/anymore' + నేను 'I')
W452f3d87d16d	హ్ళోల్సినపని	the need to go (వెళ్ళాల్సిన పని, OCR-garbled)
W4a355f624fc8	నవ్వెంత	however much you (నువ్వు + ఎంత); here 'as much as you'
W70016380f6ec	ఎక్కవ	much, a lot (variant of ఎక్కువ)
W70ebb101eea2	మాట్రావో	however much you talk (colloq. of మాట్లాడతావో, from మాట్లాడు)
W334fecd4f6de	చేస్తావ్రరా	you do/work — from చేయు (with -రా address particle)
W844d25786205	బయల్దేరి	having set out, having started (from బయల్దేరు)
W6590d6569269	చాలాసేపు	for a long time, long ago
Wd78504a3032f	అయిం	"(part of అయింది) ""it has been/become""; from అగు"
W9285dacfa5e6	వీడితో	oblique base of
W6b8a3c9e8f99	మాట్లాడ్తూ	
W7a351731eefc	ఆగాను	āgu — stop, halt (long ā — not agu)
Wf9dbd3877a60	చెయ్యవు	(you) don't do; from చేయు 'to do'
W8e77746c5362	వచ్చేటట్లు	so as to come; that (you) would come; from వచ్చు 'to come'
W2354378007d3	అనుకొని	having thought (from అనుకొను, to think)
W9c06e726759f	వేణును	a speaker in these dialogues (name)
W653db26857d5	పిలిచి	having called (from పిలుచు, to call)
W246e5281b2de	వచ్చావా	did you come? (from వచ్చు 'to come')
W422fd1b00566	వెళ్లేలోగా	by the time (I) went/arrived; from వెళ్ళు
W48810477e52f	ఎక్కడికో	to somewhere (unspecified); from ఎక్కడ 'where'
W224d60e115c7	పోయాడు	went (away); from పోవు 'to go'
Wcf47b7e9c82b	తీసుకురాకుండా	without bringing (him); from తీసుకురావు 'to bring'
Wf79d142342c3	ఒక్కడివే	you alone (masc.); from ఒక్కడు 'one/single person'
Wa86cdf348c6e	చెప్పని	(that were) not taught — negative relative form of చెప్పు 'tell, teach'
W2f99b36d3596	లెక్కలు	mathematics
Wf87544ec02d5	నేర్చుకున్న	(that I have) learned — from నేర్చుకొను 'to learn'
We97f0ecabae2	నేర్చుకోని	nērchukō (learn (for yourself — the -kō reflexive)) + -ni (-ni — marks the direct object, after stems ending -i or -u)
W45a49094407d	రేపటినించీ	from tomorrow (onwards); from రేపు 'tomorrow' + నుంచి
Wd98cf40c41a4	వేణూ	a speaker in these dialogues (name)
W895126985927	యిక్కడికి	to here, hither (from ఇక్కడ 'here')
Wd85adebb64a2	రాదలచుకున్నాం	we have decided to come (rā + talachukonu, 1pl past)
W0db9e2aed8cf	నిద్ర	sleep
W468a6268ef1c	పోతూ	"going; here part of ""nidra pōtū"" = sleeping (from pōvu)"
Wcb194f4a8a1a	నిద్రపోతూ	sleeping (from నిద్రపోవు, to sleep)
Wd884d7fce936	రేపటినించి	from tomorrow (రేపు + -టి + నించి)
W34d902993692	విమలతో	a speaker in these dialogues (name)
W952251ab1791	వస్తానన్నది	she said she would come (వస్తాను + అన్నది, from అను 'to say')
Wa8207ad5701a	గుంటూ	"first part of ""గుంటూరులో"" (in Guntur), split by line break"
W7561383059cb	రులో	
W43940b34014d	పాటకచేరి	music concert
W67b7a7b9183c	సంగీతం	music
Wfe9b4b60ac83	శాస్త్రీయ	classical (music); adj. from శాస్త్రము
We793c5d4da7e	యిష్టమా	is (it) liked? — ఇష్టం 'liking' + question particle -ఆ
W62f0a42b417e	లలిత	"light (music); as in ""light music"""
Wfff14915a235	యిష్టమే	(is) liked too — ఇష్టం + emphatic -ఏ
We58ba9691ccd	పాడుతుందా	does (she) sing? — from పాడు 'to sing'
W857c48e3e727	వీణ	veena
Wbc89d5606e3b	వాయిస్తుంది	vāyinchu — play music, play an instrument
W6f66560ebab3	క్రితమే	ago (just two days ago); from క్రితం + emphatic ఏ
W4cc201f21a2d	వాళ్ళిద్దరికీ	"for both of them (dative of ""vāḷḷiddaru"", those two)"
Wdeb2460911d9	చెరి	each
Wbbe4367b8ae2	కొని	having bought
W7b0234757b8d	యిచ్చారు	gave (bought and gave); from ఇచ్చు 'to give'
W492384e191a2	ఇల్లుంది	there is a house (ఇల్లు + ఉంది)
W4fb99fe50c3c	అల్లుడు	son-in-law
W94ebcb0ae4a3	వెళ్తున్నాడు	veḷḷu — go (the standard word)
Wacd40da91fae	బయల్దేర్తాడో	(when) he will set out — from bayaludēru, to set off
W68ff38d7b4e8	కనుక్కుని	having found out, after asking (from కనుక్కొను)
Waae0ec547526	వెళ్ళిరండి	you go (and come back) — imperative of వెళ్ళిరా
Wa041343e8fbb	వెళ్తూ	going (continuously) — from వెళ్ళు 'to go'
W50dab5543e8e	వుంటాను	"I will be (auxiliary: ""will be going""), from ఉండు"
Wd44b3cacbef6	వెళ్ళవచ్చా	may (I) go? (from వెళ్ళు 'to go')
W3c448c2d0b64	వెళ్ళకూడదు	veḷḷu — go (the standard word)
W66ceab0eb775	న	on
W9e3652e0ecc3	చెప్తున్నాను	I am telling (present)
Wf9cfc0686da6	కలిసి	together
W0884bb571a9d	వెళ్ళాంరండి	let's go — come on! (వెళ్ళు 'go' + రండి 'come')
W46b2b7eb1276	తెగాయి	broke/tore (from తెగు, of చెప్పులు: snapped)
W933690033f34	వాటిని	might; them
W0d1b1dded644	కుట్టటానికి	for stitching/mending (from కుట్టు)
W065063321d5b	యిక్కడ	here (variant of ఇక్కడ)
W9b1e3397f059	యిస్తాను	I shall give (from ఇచ్చు 'to give')
W13239aa7791b	చెయ్యవద్దు	don't do (prohibitive of చేయు 'to do')
W67095e7015c0	పదండి	pada (let's go) + -ṇḍi (-aṇḍi — politeness suffix, also the plural)
W391142893240	అయిన	finished, done (from అగు/అవు 'to become')
Wd9eaae474948	కలిసే	together, jointly (from కలియు/కలవు 'to join')
W8118e199c33e	ఢిల్లీకి	Delhi
W0581fbda8e42	ఒకే	single
Wf9ce81dc87df	వెళ్తున్నారా	are (you/they) going? (from వెళ్ళు 'to go')
Wc0d56c8bcc83	అల్లుడి	son-in-law's (from అల్లుడు)
W44c088d967fd	వేరు	different
Wd3740d54db33	లతా	a speaker in these dialogues (name)
Wfa91dfb3dabd	ఏడింటికి	at seven (o'clock); from ఏడు 'seven'
We873d295768e	బయల్దేర్తారు	will set out/leave (from బయల్దేరు, honorific 3rd person future)
Wcc8500a23f65	ఇక్కడికే	to here itself (emphatic) — from ఇక్కడ 'here'
W82fc02a3bcf6	రమ్మనండి	tell (him) to come; ask to come (polite imperative)
W915af585cde9	వెళ్తారు	veḷḷu — go (the standard word)
Wd25d57113873	చాముండి	Chamundi (name of a hill in Mysore)
Wfbae6f32c5f8	కొండ	hill / mountain
W4141fb240587	ఇటీవల	recently
Wc45d222f24ca	క్లాసువాళ్ళం	we classmates (class-folk, 1st person plural)
We74531d7f80e	కొండకు	koṇḍa (hill / mountain) + -ku (-ku — to, for (dative; goes after the noun))
Wd023aa8cbe58	నడిచి	walk
Wab41864b381d	నడవలేం	naḍavu — walk
W1b885bdd91c4	సరదాగా	fun
W42df4c4f0ff1	వేళ్లే	that go/lead (rel. participle of వెళ్ళు 'to go')
Wffa86fa4eba0	మెట్లు	steps, stairs (plural of మెట్టు)
W81d16dac6352	ఎక్కటం	climbing (verbal noun of ఎక్కు, to climb)
Wbda4ad68c6da	సులభంగానే	quite easily (from సులభం 'easy')
W7e04c2cf6c95	ఎక్కగలం	we can climb; from ఎక్కు 'to climb'
W56ff6e3e81ef	అనుకున్నాం	we thought (from అనుకొను, to think)
W87d7777586af	తలా	each
W747c36416ebc	ఆరిటిపళ్ళు	bananas (plural of అరటిపండు)
We851878cb7bd	తిని	having eaten (from తిను, 'to eat')
Wd79225c35825	బయలేరాం	we set out (from బయలుదేరు, to set off)
Wa642c0c4759e	మెట్లకు	to the steps/stairs (dative pl. of మెట్టు)
W556e8d0a8941	అటూ	that way
Wf726766dfdb2	ఇటూ	"this way, hither (in ""అటూ ఇటూ"" = here and there)"
W782f895a8ce1	పొదలూ	and bushes (pl. of పొద 'bush')
Wd3b7e9a6be9f	పెద్దపెద్ద	very big, huge (reduplicated form of పెద్ద)
W0fa4b40b48af	రాళ్లూ	stones
We38738588e70	నాలుగైదు	four or five (నాలుగు + ఐదు)
Wcc8255fe0995	ఎక్కామో	(whether) we climbed — 'hardly had we climbed'; from ఎక్కు 'to climb'
W6625b393e2d8	కుమార్కూ	and to Kumar (Kumar + dative -కు + also -ఊ)
W0d7377cbd5f1	పోటీ	competition
W2810809fbc77	రాతిని	obl. base of
W369fb9dec52a	ఎత్తగలను	I can lift (from ఎత్తు, 'to lift')
Wf981970f5273	ఎత్తలేవు	you cannot lift (from ఎత్తు, to lift)
Wdc79df9a00a7	పందెం	experience (n.)
W61b61c89e71e	కట్టమన్నాడు	told (someone) to place a bet; from కట్టు 'tie/bet'
Wd33bb4916a79	అరిటిపళ్ళు	bananas (plural of అరటిపండు)
W4d0009b2aa45	తినగలవో	how many you can eat (from తిను, 'to eat')
Wdf61d38a1432	ఎత్తటానికి	in order to lift (from ఎత్తు 'to lift')
W24d73378eafb	ప్రయత్నించాడు	he tried (from ప్రయత్నించు, to try)
Wbe08085fea31	చివరికి	finally
W5c60204f072c	లేచింది	rose/lifted up a little (from లేచు, to rise)
W31033d6b2bbb	రాతి	obl. base of
Waa4b643cff81	ఉన్నతేలు	the scorpion that was (below) — ఉన్న + తేలు
W337d4bade6d4	కుట్టింది	stung (him) — from కుట్టు, to sting/bite
Wcc3c917b76f6	వదిలాడు	he let go, released (from వదులు)
Wbeaee01d3715	నేల	ground / floor
W2be86a8c9a1e	ఏటవాలుగా	slope
Wb9828ea20c40	ఉండటం	being, the fact of being (verbal noun of ఉండు)
Wee0c4a4515f5	వల్ల	due to, because of
W3b82885eef59	పాదం	foot
W92905fae93c5	మీదికి	onto
Wfd16b8d3efb4	దొర్లింది	rolled, slipped down (from దొర్లు)
W315f9e135f46	వెట్టు	tree (variant/OCR of చెట్టు); here 'on the tree'
W3b64edcba65a	కూలబడ్డారు	collapsed, sank down (from కూలబడు)
Wa6eceb57226f	ఇంక	hereafter
Wcff166a531bb	ఎక్కలేరు	cannot climb (from ఎక్కు, to climb)
W937bc07d3b25	నిర్ణయించి	having decided (from నిర్ణయించు, to decide)
W2ff73759c551	కొండమీదికి	onto the hill (కొండ + మీదికి)
W34a817664ac6	మానుకున్నాం	we gave up / stopped (from మానుకొను)
Wfc6dbac550fd	కుమార్ల	Kumar
W4ef226e1b10c	అనుభవాలను	experiences (object form); from అనుభవం
W089259d840f1	విషయాలను	matters, things (accusative pl. of విషయం)
W89853bf142f3	పరిగెత్తి	having run; run (and) — from పరిగెత్తు 'to run'
W945562e1370e	పట్టుకోవయ్యా	catch (it), man! — imperative of పట్టుకొను 'to catch/hold' + అయ్యా
Wbf2d5be3432a	పర్పు	purse (n.)
W7b112e899c9f	తీసుకొని	having taken; took (from తీసుకొను)
We99e1518ff8e	స్పీడుగా	speed
W13a46a55d654	పీరిగెత్తగలగ్రా	can I run (that fast)? — from పరిగెత్తు 'to run' (text garbled)
Wbe0376038577	పచ్ఫరంగు	green colour (OCR for పచ్చరంగు)
W2bd7da965c6c	పైకి	upward / above
W93023ca1c087	కట్టాలా	should (one) bet/tie? — from కట్టు 'to tie, bet'
W4748969ef2a4	ఎర	bait, lure
W63c45b07f531	మాథ్రం	only, merely (emphatic particle); var. of మాత్రం
W63ef54ad0ea5	చేప్పగలనయ్యా	how can I tell, sir? (I am able to tell); from చెప్పు
Wa53df87d7ea3	ఇవన్నీ	all these (things)
W8b9a482c0982	చూసుకోవాలి	must see to / look after (oneself); from చూసుకొను
W9119f438a421	విమలా	a speaker in these dialogues (name)
W24763dfa4c4d	పోవాలనుకుంటాను	I think we should go (from పోవు, 'to go')
W2d9a648cdaef	రవీంద్రభారతి	Ravindra Bharati (Hyderabad auditorium)
W685d864fcd3d	లో	in, at (no distinction in Telugu)
W692220795891	ప్రోగ్రాం	programme, performance (English loanword)
W00c1926cb61e	చేశారని	that (they) arranged/did — from చేయు (do)
Wb95bbac2236b	మొదలవు	begin, start (from మొదలవు; here మొదలవుతాయి 'they start')
W916af5e2fb00	తాయి	(part of మొదలవుతాయి) they begin/start — future 3pl
W4a7c930f711d	కార్యక్రమాలు	programmes, events (pl. of కార్యక్రమం)
W10bf6e85d54e	నిరుడు	last year
Wed1709ffd4d7	ఆలస్యంగా	delay
W17d29e316f7a	మొదలుపెట్టారు	(they) started, began — from మొదలుపెట్టు
W439380989aaf	సరళతో	a speaker in these dialogues (name)
W22599a59ad73	చెయ్యవచ్చు	can
Wedb712890b4e	ఉండక	not being/staying (neg. of ఉండు, in ఉండకపోవచ్చు 'may not be')
W3d8eef2dba92	పోవచ్చు	may not be — potential auxiliary 'may (happen)', from పోవు
We36485e283bf	ట్రాన్స్ఫర్	a transfer (n.)
Wbc5efd09a57d	రాసింది	rāyi — write (spoken form — vrāyi is written)
W8ea977f3133e	రాసిందా	did she write? (from రాయు, to write)
W8ea9cf0181a7	చెప్పలేం	cheppu — tell
W7cb2327c3c6c	కాకపోవచ్చు	may not be (from కాకపోవు, negative of అగు 'to be')
W93a80e351de7	అనుకోవచ్చు	can/may think, may suppose (from అనుకొను)
Wc00502ed615e	అనుకుందాం	let's assume/take it (so); from అనుకొను
W42f99f5c014b	హైద	"first part of ""Hyderabad"" (హైదరాబాదుకు, split across a line)"
Wdd374ff0a300	రాబాదుకు	to Hyderabad (second half of split హైద-రాబాదుకు)
W231244d2c887	రాద్దాం	rāyi — write (spoken form — vrāyi is written)
Wca38c697be52	బెంగుళూరు	Bangalore (here: our Bangalore trip)
W2d4faf72360b	ప్రయాణానికి	for the journey/trip (from ప్రయాణం, dative)
W5d466cd2a851	రిజర్వేషన్లు	reservation
Wef772fa0e720	ఉండకపోవచ్చు	might not have (been); from ఉండు 'to be'
W1147ac6d1832	గుటలకే	
W96b7d58e798d	ఇక్సడికి	to here, to this place (from ఇక్కడ)
W32055d192edb	వస్తానని	vastā (I'll come (casual)) + -na (on) + -ni (-ni — marks the direct object, after stems ending -i or -u)
W95bd3ad0a80a	ఉండవచ్చు	may/might be (auxiliary of possibility); from ఉండు
W1648f198e091	మాటలలొనే	even as we spoke (in the midst of talk)
W3cf922c419ca	తెల్లవారుజామునే	in the very early morning (dawn) itself
W4c5f180a4025	చేయించాను	I got (it) done, had (it) made — causative past 1sg of చేయు 'do'
Wb2fd034c7567	పెట్టుకొని	having set (for oneself); from పెట్టుకొను
Wfd2d23dcd607	తెల్లవారుజామున	in the early morning
W7aec1c49a076	నాలుగింటికి	at four (o'clock); dative of నాలుగు 'four'
W4e17aee06d87	లేవాలి	must get up; from లేవడం/లేచు 'to rise'
W0cbf3d03fb0e	ఐదున్నరకు	at five-thirty (from ఐదున్నర 'five and a half')
W424007a4e854	బసవయ్య	Basavayya (man's name, speaker)
W7e3ba4bb9288	నరసింహారావుగారూ	Mr. Narasimharao! (vocative, with honorific -gāru)
W334685eaaa8e	కొనాలి	must/should buy; want to buy (from కొను, 'to buy')
W1e21292e97d9	నరసింహారావు	Narasimha Rao (personal name; speaker's name)
Waa0167dc621d	నాలుగింటికే	at four o'clock itself (from నాలుగు 'four')
W895718c99187	డ్యూటీ	duty
W266fd558307a	కెళ్ళాలట	"has to go (so I'm told); from వెళ్ళు ""go"""
Waaf973740404	పెన్నిగారూ	O Penni! (respectful address to Penni)
Wa0c55474d4e8	బస	a speaker in these dialogues (name)
Wecf9a6eb7001	ఎవరిదో	whose it is (someone's, unknown) — from ఎవరు 'who'
W2e3e98ffb927	నర	a speaker in these dialogues (name)
W071956156240	ఎంతకు	enta (how much (uncountable)) + -ku (-ku — to, for (dative; goes after the noun))
Wdcaf82cd40c8	అమ్ముతారట	they will sell, it seems (from అమ్ము 'to sell')
W988b75c2cfa6	లక్షల	lakṣa (lakh — 100,000 (written 1,00,000)) + -la (-la — the plural -lu in its oblique form, used before anothe)
W1a2b08dd880d	ఇరవైఐదువేలు	twenty-five thousand
Wfcaf3d70e96d	మీరొక	you (all) ... a — from మీరు + ఒక
W66a7b63ac71d	కొన్నారట	(they say) you bought — from కొను 'to buy'
W7750a4ea1e76	ఇల్లుకాదు	not a house (illu 'house' + kādu 'is not')
Wb8c37b636ddf	స్థలం	place
W1f52adceff24	ఎనభైఎనిమిది	eighty-eight (with వేలు: 88,000)
Wb4b12cd090d5	పైఖర్చులకు	for additional/incidental expenses (from పైఖర్చు)
W3cf9bb6cce35	తిరగా	for going around (part of తిరగడానికి, from తిరుగు)
W157a77eaeb34	టానికి	"fragment of తిరగటానికి ""for going around"" (dative verbal noun -టానికి)"
W81e76416a0cb	ఖర్చు	expense; spend
W9f09fc728fd7	లక్ష	lakh — 100,000 (written 1,00,000)
W62e9462b0ab9	దాటింది	exceeded, crossed (from దాటు)
W941fb567ecc5	మరొక	another, one more
W87e41b60c640	లక్షా	a lakh
W24b8aeba9432	చేస్తుందంటారా	do you say it's worth (it)? — from చేయు + అను
W3966fda02144	చెయ్యకపోవచ్చు	may not do/work — from చెయ్యు (to do)
W6ddd50df3e3c	పైపైన	pai (on, upon) + -pai (on, upon) + -na (on)
W6ac0bae6cee6	రిపేర్లకు	for repairs (from రిపేరు, English 'repair')
W542fb6c56892	ఖర్చుపెట్టాల్సొస్తుంది	(one) will have to spend (money); from ఖర్చుపెట్టు
W7b1e9655a595	ఐదున్నర	five and a half (ఐదు + అన్నర)
Wa96e3d219d13	లక్షలకు	lakṣa (lakh — 100,000 (written 1,00,000)) + -la (-la — the plural -lu in its oblique form, used before anothe) + -ku (-ku — to, for (dative; goes after the noun))
Wd236f8ce2181	ఇవ్వకపోవచ్చు	may not give (from ఇవ్వు, to give)
W704f4f4b97d7	ఇరవయ్యైదువేలకు	for twenty-five thousand (dative of ఇరవయ్యైదు వేలు)
W6cbd406473a5	పైస	paisa (smallest coin); a penny
W39f2024b3d00	తగ్గడట	won't come down/reduce (hearsay: they say)
W6da5e623934a	వదిలెయ్యండి	leave it, drop it (from వదిలివేయు)
W161552f2265e	కొనవద్దు	don't buy (from కొను, to buy)
W0fd91450c2cb	ధరకు	dhara (price; cost) + -ku (-ku — to, for (dative; goes after the noun))
W4930057c8c26	ఇళ్ళే	houses (indeed) — ఇల్లు, plural + emphatic ఏ
W6378b531cd89	ప్లాట్ఫారమ్	platform
W025ab45fb19d	వెళ్ళా	to go (part of 'వెళ్ళాలంటే' = if one wants to go)
Wc1acd820f5c4	లంటే	"(part of వెళ్ళాలంటే) ""if one wants to (go)"""
W2882c4fdef61	చెయ్యాలో	"what (one) should do; from చేయు ""to do"""
W208f889ffdab	తెలుసా	do you know?
W706b64d9cc89	వెళ్ళాలంటే	if one wants to go (to), in order to go
W536623edaf03	ట్యొట్టు	ticket (OCR-garbled టికెట్టు)
W8965f8dd4b19	చూపించక	without showing (in చూపించకపోతే 'if not shown')
Wcb4d4d616d74	రానిస్తారా	will they let (us) come in? (from రానివ్వు, to allow in)
W19d8cf2158d3	రానివ్వటం	allowing (someone) to come; from రానివ్వు
W8c8f9d24efd3	రానివ్వకపోవటం	not allowing (in); verbal noun of రానివ్వకపోవు
Wa9895aed62c9	అక్ష్లోదు	not needed, of no concern (OCR of అక్కర్లేదు)
We39d562dca32	అక్కయ్యతో	elder sister
W2bc46aa4dc8f	వెళ్ళినప్పుడు	when (I) went; from వెళ్ళు 'to go'
W6b53291d9c5c	పోనిచ్చారు	let (us) go/pass, allowed in (from పోనిచ్చు)
Wd228a85fb814	అడగలేదు	did not ask (from అడుగు, to ask)
W487af135ce0f	కొన్నారనుకొని	thinking that (you) had bought
Wfede8974446c	అడిగి	having asked (from అడుగు 'to ask')
W5a00943b184f	వుండరు	would not have (been) — from ఉండు
W55e773e30180	వస్తాడట	they say he'll come too (from వచ్చు, 'to come')
Wf13c797d27f6	రానీ	let (him) come; fine, let it be (from రానివ్వు/రా)
W2f02e1197be6	దాటేటప్పుడు	when crossing (from దాటు, to cross)
Wab6aa8ebcf3c	దాటండి	cross (it)! — polite imperative of దాటు 'to cross'
W6b8d319f1d67	విడిచి	leaving (you); apart from — from విడువు/విడిచు 'to leave'
W0540cec2c69b	పోనివ్వకు	don't let (him) go; from పోనివ్వు 'to let go'
W20c6037a250a	అలాగేనండీ	"""Very well, sir/ma'am!"" — polite agreement"
W7a5d8051e684	వెళ్ళువుగాని	"""go on, then"" — permissive: you may go (from వెళ్ళు)"
W78e004dd0b58	అన్నయ్యను	annayya (elder brother (shortens to anna)) + -nu (won't / don't (negative future))
We7c2c944b8fa	తిందురుగాని	you may eat, let's eat (from తిను 'to eat')
Wd6eae57264e5	నీతో	nī (your (informal — close friends, younger people)) + -tō (with (goes after the noun))
Wa56d8750ce4c	రైలును	railu (train; rail) + -nu (won't / don't (negative future))
W40b68437dfa9	చూస్తాను	I will see
Wdee6a09ef98e	చూద్దువుగాని	(we'll) see it later — from చూడు 'to see'
W4763a6dd19af	పిలుస్తున్నది	is calling (us); from పిలుచు 'to call'
W05de213f5b0d	దాచు	to keep in a secret
W9b9240dedfbb	తీసుకుంటాను	I will take (future)
W6efe29f93837	వచ్చిందటగా	came, I hear — didn't it? (from వచ్చు, to come)
Wa2ca16730889	తెలిసింది	I knew / it was known (past)
W770fe743bcf0	నోరు	mouth
W1a7c06826901	కాలింది	got burnt (from కాలు, to burn)
Wd525109bb94a	వచ్చినా	even though (fever) came — from వచ్చు 'come'
W66fdcb5aff71	తోచదు	doesn't feel right; I get bored (from తోచు, negative)
W32668b7352eb	రిజల్టు	result
Wf585437e7ddc	తెలిసిందా	is it known?
W85aecebfcfe6	ఇంకాతెలియలేదు	not known yet (ఇంకా + తెలియలేదు, from తెలియు)
W601fc7574486	తెలుస్తుంది	I will know / it will be known (future)
W460d1d594422	తెలిసిన	known, having become known (from తెలియు)
W34ea90e47104	రాశాడా	did he write? (from రాయు, to write)
W1d015faf009e	రాడో	
Wcbc5c7269127	అయినా	still / nevertheless
W051471c4005f	పాసవుతాడని	that he will pass (from పాసవు, to pass)
Wf590cd0c0127	నమ్మకం	trust / belief; believe
W788830312828	పరీక్షలలో	parīkṣa (exam / test) + -la (-la — the plural -lu in its oblique form, used before anothe) + -lō (in, at (no distinction in Telugu))
W7a59ecc277b9	చదవటానికి	for studying/reading (from చదువు, to read/study)
W358e54f568ae	చాల	enough, sufficient (with లేదు: 'was not enough'); from చాలు
W746c05d6180f	వాడికెన్నో	he has so many (things) — వాడికి + ఎన్నో
W09f2105da840	తిరగ	to wander/roam about (stem of తిరుగు, in తిరగటానికి 'for roaming')
Wa0317752c426	టానికే	"(part of తిరగటానికే) ""just for wandering about"" — dative of verbal noun + emphatic ఏ"
Wedf74cc3dcf0	చాలటం	being enough/sufficient (verbal noun of చాలు)
Wba51ef9cc5f8	చాలుతుంది	will be enough, will suffice (from చాలు)
W1ce564c030de	బయటికి	outside, out (dative of బయటు 'outside')
Wdcfb167faf46	కదల	to move/budge (with నివ్వటంలేదు: not let go out); from కదలు
W4cf9893415dc	నివ్వటంలేదు	is not allowing (to move); from ఇవ్వు/నివ్వు 'let, allow'
W2d10c960e351	తోచటంలేదు	doesn't feel like doing anything; is bored (from తోచు)
W44fa6c05b413	చదవనివ్వడు	he doesn't let (me) study; from చదవనివ్వు (allow to read)
W38b10a7a40ae	దాచాడు	hid (them); from దాచు 'to hide'
We0e3f126888b	ఇవ్వరా	"""give (them) back!"" — imperative of ఇవ్వు, with familiar రా"
W81636484380a	ఇవ్వడు	ivvu — give
W5097d29382fd	కట్టావు	you tied/put on (from కట్టు, to tie)
W75362fafc18f	తరుగుతు	cutting, chopping (from తరుగు; part of తరుగుతున్నప్పుడు 'while cutting')
Wb716fffdb9b1	న్నప్పుడు	"""while (doing)"" — suffix split from తరుగుతున్నప్పుడు, from -ఉన్నప్పుడు"
W60a36fdb736b	తెగింది	got cut (from తెగు, to be cut/severed)
Wa5788c1ad5af	ఉఊళ్ళో	in the village/town (locative of ఊరు)
W59eeaaf41f9a	ఉన్నా	that is, existing
W7c1267a0ad63	లేకపోయినా	"even if (she) is not there; from లేకపోవు ""to not be"""
W35c6821986c2	కూరలు	kūra (vegetable dish / curry) + -lu (-lu — the general plural suffix)
Wc1b2e79ad7a5	తరుగుతాను	I cut/chop (from తరుగు, to chop)
W209d90ac004e	వండే	cooking (that which cooks) — adjectival form of వండు 'to cook'
Wfcce216adc72	మాత్రం	only
Wc6477fe78542	అమ్మది	mother's (belongs to my mother); from అమ్మ
W6b89f3709ba3	నిన్నకొత్త	"yesterday — from నిన్న; here fused with కొత్త ""new"""
Wfd8f290fbfa0	సార్లు	sir
Wba2631857822	చదివినా	even though (I) read; from చదువు 'to read'
W1509fa45eff6	అర్థం	meaning; mean
W1e155d1bae0b	చదువుదాం	"chaduvu — read (also ""study"")"
W0fd36d6eefcc	అర్ధం	meaning; here 'aరthaం avutundi' = it makes sense/is understood
W48157b8cc4e1	అవ్రతుంది	it becomes (here: 'you understand'); from అవుతుంది/అవు
Wc4bb4227599a	చదవకపోయినా	even if (you) don't read (from చదువు, to read)
Wce94413169da	పరూ	worry/concern (OCR of పరవా; పరవా లేదు = it's fine)
W8d5244323775	పద్యాలు	poems (plural of పద్యం, verse/poem)
W6c083dcbab2f	నోటికి	to the mouth; in 'నోటికి రావు' = to be known by heart (నోరు)
W5a9a694cec7b	వచ్చాయా	did they come (to mouth)? = memorized?; from వచ్చు
W034534d24ad0	పద్యం	poem
Wfdcbaeb8eec2	తక్కినవి	the rest, the others (from తక్కిన 'remaining')
Wb0d90c883aa3	దాస్తావు	you hide/conceal (from దాచు, to hide)
Wab82412411a2	దాచటం	hiding, concealing (verbal noun of దాచు 'to hide')
Wadb85fb8d47d	దేనికి	Whose (neut.)
Wdac0cbb953dd	తెల్లవార	to dawn, daybreak (from తెల్లవారు)
W367dc6878445	పొద్దుగూకటం	sunset, the sun going down (verbal noun)
W0b0b6ef76f05	సూర్యుడు	sun
W5f4e8b785cf8	ఉదయిస్తున్నప్పుడు	while (it) is rising (from ఉదయించు, to rise)
W23100b389345	తెల్లవారుతున్నది	it is dawning (from తెల్లవారు, to dawn)
W4474b20d8471	అంటాం	anu — say
W4f08e89d1a6e	ఉదయించిన	having risen (of the sun); from ఉదయించు 'to rise'
W09bd4dd520ef	తెల్లవారింది	day has broken; it became morning (from తెల్లవారు)
Wb180e1d4bd9c	పగలు	day-time
W6df339e0143b	పొద్దు	the sun
W88cedc278149	గూకటం	setting (of the sun); verbal noun of గూకు 'to set'
Wd04b59911e26	గూకింది	set, went to roost (of the sun); from గూకు
W32afd70161ab	పొడిచింది	rose, dawned (of the sun); from పొడుచు
W6de5f29217dc	వాలింది	declined, sank (of sun); from వాలు
Wa6eb2aa12837	అర్థమైంది	(it) became clear, I understood — from అర్థమవు
Wc3ec5f11036d	చెప్పగలను	cheppu — tell
W65d2f72254e3	తక్కినవాళ్ళు	the others, the rest (of the people)
W475760b1c849	చెప్పలేరు	cheppu — tell
W7bd553636884	ఇవన్నీమీరు	all these things + you (ఇవి అన్నీ + మీరు run together)
W909208d7bd5e	వుధ్యాహ్నం	afternoon (variant spelling of మధ్యాహ్నం)
W465937e2a667	తెల్లవారుజాము	early morning
W9da1078e58de	అయి	"having become; part of ""అయి ఉంటుంది"" = must be"
Wc290d79b806b	వుంటుందట	it will be, they say (hearsay -aṭa; from ఉండు)
W4c9dd0e8d759	రావచ్చట	
Wb3b28030ec84	కష్టమైన	difficult, hard (adjectival form of కష్టం)
W8f2ec9404d56	అడగకపోవచ్చు	may not ask (from అడుగు, 'to ask')
Wc36639fd7090	తెలుసుకోటం	knowing, learning (verbal noun of తెలుసుకోవడం)
W28af1161823f	జ్ఞానం	knowledge
Wb0f8d5a2b565	అర్థమవుతుంది	will be understood; (I) understand — from అర్థమవు
Wad166f0845c0	చదవక్ట్లేదు	need not read (from చదవడం, to read + negative necessity)
W2f9c09a93ee7	తిందువుగాని	you may/shall eat (from తిను, 'to eat')
Wccc6c196dd0d	లేదమ్మా	"""(it) is not, mother"" — లేదు + అమ్మా (address)"
Wf19f290d791f	తింటాను	I will eat (future)
W5afb09b9eca6	వేళకు	time
W6ad2d37b1ae1	తిన్న	having eaten (from తినడం, to eat)
Wa70921440e47	మేకను	mēka (goat) + -nu (won't / don't (negative future))
Wc16d7fd3f258	పట్టుకున్న	that was caught
W4a43ac9eae45	కొండచిలువ	a python
Wd7a13d81c277	గ్వాలియర్	Gwalior (city in Madhya Pradesh)
Wd07c29ae2e3b	సెప్టెంబర్	September
Wd5b2fbcae52f	కోట	fort (Gwalior fort)
Wa622a9df6ce3	ఆవరణలో	campus
W2b479e141868	పట్టుకుని	paṭṭu (to hold / catch (base)) + -ku (-ku — to, for (dative; goes after the noun)) + -ni (-ni — marks the direct object, after stems ending -i or -u)
Wac9ebf42255f	మింగుతూ	while swallowing (from మింగు 'to swallow')
W23c7463b9575	పట్టుకున్నారు	
We0834b1b2eab	వక	a, one (variant of ఒక)
W41189f633618	శరీరంలో	śarīraṁ (body) + -lō (in, at (no distinction in Telugu))
W5563ae138b0d	సగానికి	to/than half (dative of సగం 'half')
Wf0351c73bff4	నోటిలోనికి	into the mouth (from నోరు)
W739098d679c6	వెళ్ళిపోయింది	went (in), disappeared into — from వెళ్ళిపోవు
Wa87dfddfd875	మేక	goat
W0b0fe4e64dc4	వెనక	behind
W54a4e0edce1c	కనిపిస్తున్నాయి	are visible, can be seen (from కనిపించు)
W49b5a2996526	పట్టుకొని	holding/grabbing (having caught); from పట్టుకొను
Wd592b07403f1	లాగారు	(they) pulled, dragged; from లాగు
W2beb77ff4ea7	బతికి	having lived/survived; in బతికి ఉంది = is still alive (from బతుకు)
W2c487878fc39	కొద్ది	little
W6dac650b92c1	సేపటికి	by (after) a while; dative of సేపు 'while'
W64655f8f04da	చచ్చిపోయింది	it died (from చచ్చిపోవు, to die)
W58a9fa0c1c49	కొండచిలువను	a python
W0f1beb498023	స్థానిక	local
W48f582749d6b	జంతుప్రదర్శనౌాలకు	to the zoo (dative of జంతుప్రదర్శనశాల)
W9d4621884441	అప్పగించారు	handed over (from అప్పగించు)
Wfccde16f340a	కిలోగ్రాముల	of kilograms (oblique plural of కిలోగ్రాము)
W9c8797017378	బరువు	heavy; weight
W3bcf9478bfc2	సంవత్సరాలు	years (plural of సంవత్సరం)
Wcf9af66e129d	కిలోగ్రాములు	kilograms (plural of కిలోగ్రాము)
Wbc4e24aef31a	ఆంధ్రప్రభ	Andhra Prabha (Telugu newspaper)
W2edaa98f44fe	పాపం	poor (expressing pity); alas
W4e68c9fdb54a	బడికి	school
W232b3681a80c	జామ	guava (adj.)
W221911905581	చెట్టును	cheṭṭu (tree) + -nu (won't / don't (negative future))
W09eaf39d1e19	చూశాడు	he saw (from చూడు, to see)
W28c47fc81a1e	చెట్టుకు	cheṭṭu (tree) + -ku (-ku — to, for (dative; goes after the noun))
W9c6cbcd3b59c	జామకాయలున్నాయి	there are guavas (jāmakāya + unnāyi)
W8688fda58a58	నోరూరింది	his mouth watered (from నోరూరు)
Wb291f37f1065	కాయను	the fruit (object) — from కాయ
W8183a61ac74c	కొట్టాడు	koṭṭu — to hit / knock
W80c4ecf3453c	ఉన్నకాకికి	to the crow that was (there); ఉన్న + కాకి-కి (dative)
Wee56e0acbae6	తగలటం	striking, landing (verbal noun of తగులు, to hit)
Wd960b73191a5	చచ్చింది	died (it); from చచ్చు/చావు 'to die'
Wf13079698646	విసిరేటప్పుడు	when throwing (from విసురు, to throw)
Wb150ab1614d8	కాకికి	kāki (crow) + -ki (to (goes after the noun))
W6ed4bbce58bf	తగులుతుందని	that it would hit/strike (from తగులు)
Wc0becdbf07a6	కాకి	crow
W644790cd8855	చస్తుందని	that (it) would die (from చచ్చు 'to die')
We436d6a89b91	చావటం	dying (verbal noun of చచ్చు, 'to die')
W433e150756c6	తిడ్డారేమోనని	fearing that they might scold; from తిట్టు 'to scold'
W3e3862cad0fa	భయపడ్డాడు	he was afraid (from భయపడు, to fear)
W276fbe91ec4f	రాళ్ళు	stones (plural of రాయి)
W2974d4a5e69d	వెయ్యకుండా	without throwing (from వేయు, to throw)
W231a56047ca7	ఎక్కి	having climbed (from ఎక్కు, to climb)
W12cc6337e7c3	జామకాయలు	jāmakāya (guava) + -lu (-lu — the general plural suffix)
W023ca6bf4dbc	కోద్దాం	let's pluck/pick (from కోయు, to pluck)
W092949ddf25f	అనుకున్నాడు	he thought (decided); from అనుకొను
W92009165a6ea	ఎక్కుతూండగా	while climbing up (from ఎక్కు, to climb)
W5505e7474a0e	జారి	having slipped (from జారు, to slip)
W93c56fa27dae	పడిపోయాడు	he fell down (from పడిపోవు)
W07f65f30dfa4	విరిగిపోయింది	broke (off); from విరిగిపోవు 'to break'
W401a52d2d612	నీళ్ళున్నాయి	there was water (నీళ్ళు + ఉన్నాయి)
W59fb3ca5b1e6	నీళ్ళల్లో	in the water
Wfc126411fa2a	తడిసిపోయాయి	got soaked, became wet (of them); from తడిసిపోవు
W394c9c75a36d	పెట్టుకుని	peṭṭu (to put / place (base)) + -ku (-ku — to, for (dative; goes after the noun)) + -ni (-ni — marks the direct object, after stems ending -i or -u)
Wee15908d147b	వచ్చిన	come
W58b4907c70ee	తడిసిపోయింది	got thoroughly wet (from తడిసిపోవు)
W1114a7702d2b	తగలగానే	as soon as (it) touched/came in contact (from తగులు)
W4004ecfa1cf8	ఆగిపోయింది	it stopped/came to a halt (from ఆగిపోవు)
Wf52746d54e76	కోప్పడ	scold/be angry — cut-off stem of కోప్పడు (line-break fragment)
W91c52fbd95d9	తారేమోనని	
W8d9298841e35	భయపడిపోయాడు	he became frightened (from భయపడు, to fear)
Wd9b5cba63777	అయిపోయింది	was over, finished (from అయిపోవు)
W95897d870ef1	వెళ్ళిపోయి	having gone away/left (from వెళ్ళిపోవు)
Wad90670bbb73	అనుకుని	anu (say) + -ku (-ku — to, for (dative; goes after the noun)) + -ni (-ni — marks the direct object, after stems ending -i or -u)
Wf38443acc29d	ఇంటిక్	to (the) home; dative of ఇల్లు (house)
Wb2ac064904f4	వెళ్ళేసరికి	by the time (he) went/reached
W0d563a586c71	వరండాలో	varanda
Wa6cb49cbe122	కూర్చుని	sit
Wc6ca065e01f9	వున్నారు	are (here: is sitting) — aux. from ఉండు, honorific pl.
W15f26ea057d1	ఉయ్యాల	a swing
W7ee22e023df0	ఆగటం	stopping, coming to a stop (verbal noun of ఆగు)
W4e77b626cb3e	ఆపండి	Stop
W59faef466daa	విశ్వనాథం	Viswanatham (a man's name; speaker label)
W80ffa871db8f	ఊగుతున్నావా	are you swinging? (from ఊగు, to swing)
Wae7653cb6305	చేసేను	(I) did it, have finished it
Wf24392e1bf3f	చదివేశాను	I've finished reading/studying (from చదివేయు)
Wbcee552057df	ఊగుతున్నానో	how I am swinging (from ఊగు, to swing)
We9f9d8c83c82	విశ్వ	a speaker in these dialogues (name)
Wef0dbac9c729	ఊగు	swing (imperative of ఊగు, to swing/sway)
Wdfde867c3a92	ఊపండి	(you) swing/push (it) — polite imperative of ఊపు 'to swing'
Waf936724bd95	చాలమ్మా	that's enough, dear! (chālu + ammā)
W099468da5b69	దిగు	get down! (imperative of దిగు, to descend)
W7ccf536bff15	ఉగుతుంది	will swing (from ఊగు 'to swing')
W3596b749db8d	దిగటం	getting down, descending (verbal noun of దిగు)
Wfd6875544842	చేతకావటంలేదు	am not able to (do it); can't manage — from చేతకావు
W805e721f6e38	దింపండి	please lift/set (me) down; from దింపు
Wc99498da629d	ఊపవద్దు	don't swing/rock (it) — prohibitive of ఊపు
Wc80520279810	చించుతుంది	tears (up); from చించు 'to tear'
W3fe73989076e	చినిగాయో	how they got torn (from చినుగు, to tear)
We359efa44ff0	చినుగుతాయి	(they) will get torn — from చినుగు
W0cd5e1290d5b	వినదు	vinu — hear, listen
W17897cf0e9bf	పుస్తాలే	only (my) books; from పుస్తకము 'book', pl. + emphatic -ఏ
W652b38bb3d93	తెలియదుగా	is not known
Wdcfc49e688e0	నువ్వునీ	you — your (books); from నువ్వు + నీ
Wf42cd5568e53	చూపించకు	don't show (from చూపించు, to show)
W8ee9809e2f5e	ఊగనివ్వు	let (her) swing; from ఊగు 'to swing' + ఇవ్వు 'let'
W39e062b069fe	గాలిపటం	a kite
W0b6655115e9e	తెంపింది	(she) broke/snapped (it); from తెంపు 'to snap'
W386370517ed8	తెగుతుంది	it will break/snap (from తెగు)
W9bce7ed42f29	వినకుండా	without listening (to me); from విను 'to hear'
W98b503d5a1cc	లాగేసింది	pulled (it) away; from లాగు 'pull' (+వేయు, completive)
W54495351a0ac	ఇంకో	another, one more (variant of ఇంకొక)
W03acafbc1b65	స్విచ్చి	a switch
W4787bd2f6ee0	వేసినా	even though (I) switched/put on; from వేయు 'to put'
W098242e25798	వెలగటంలేదు	is not lighting up (from వెలుగు/వెలగు, to glow)
W8d80adf194ea	వెలిగించండి	(you) light it, switch it on — polite imperative of వెలిగించు
W70724e3495cb	స్విచ్చిని	a switch
Wb2b7ba89d9d0	కదిలించు	to move (v.tr.)
Wc15a5a094d2a	కదలటంలేదు	is not moving (from కదులు, to move)
W823e1db0d590	తడిసిందో	how it got wet (from తడియు/తడిసి 'to get wet')
W71607fa51f8f	తడిసింది	got wet (from తడియు/తడవడం, to get wet)
We5217d89132d	తడిపింది	made (it) wet; from తడుపు (to wet)
W88a423f5832a	ముంచి	having dipped/immersed (from ముంచు)
Wd38a36809ea3	ముంచలేదు	didn't dip/immerse (from ముంచు)
W4dec8376225d	పడి	
W5001e6b8158f	మునిగింది	it sank/got soaked (from మునుగు)
W584ca7a0fdfe	మీదినించి	from off (the swing)
We3b1858a7c55	లేపండి	lift/take (her) up — imperative polite, from లేపు
Wb57e9f6fcf4a	బలపం	slate-pencil
Weadb771c31f3	తుంచింది	broke/snapped off (from తుంచు, to snap)
W394a015f5888	పెన్సిలు	a pencil
W9ff9fe744704	విరిచింది	broke (it); from విరుచు 'to break'
W29d392be9174	తునిగింది	broke, snapped (of తునగు/తునియు, to break)
W0a349e665f66	పట్టుకుంటేనే	just on holding/grasping it (from పట్టుకొను)
W1adadcd10151	విరిగింది	broke
Wa61df7066c5b	విరవలేదు	did not break (it); from విరవడం/విరుచు 'to break'
Wea5f33762fa4	పోట్లాడ్తాడు	quarrels, fights (from పోట్లాడు)
W85863eb3652d	తాగు	drink
W8d5c138f06e8	చిక్కగా	thickly (adv.)
Wff38423f7dfa	కలిపావు	you mixed (in); from కలుపు 'to mix'
W80500e810f6e	పాలవాడు	milkman (pālu 'milk' + -vāḍu 'man')
W3c1abe7bb4b8	వచ్చేశాడా	did he come (already)? — from వచ్చేయు 'to come'
Wbc08272ee9e4	చిక్కటి	thick (adj.)
W6207ab21f007	దొరక	to be available, to be obtained (from దొరకు)
W3f00c86e039e	లేదట	apparently did not (hearsay) — from లేదు + అట
Wacdb387c9f4a	నీళ్ళపాలు	watery/diluted milk (water + milk)
W8f4cebf6d82f	పోశాడు	he poured (from పోయు, to pour)
W76326597797a	దిగెయ్యమ్మా	get down, dear! (imperative of దిగు 'descend' + అమ్మా)
Wb3818679132d	ఏడుస్తున్నది	is crying (from ఏడ్వు, to cry)
W5803ecc2f3d4	ఎక్కితే	if/when (I) get on (a swing); from ఎక్కు 'to climb, mount'
W03281be1267e	దిగమని	telling (me) to get down; from దిగు 'descend'
Wfcb817bb0954	చంపుతుంది	pesters/nags me to death (from చంపు 'to kill')
W5f52cb11f5cf	రాధా	a speaker in these dialogues (name)
Wa411416c76d5	మల్లెపూలు	jasmine flowers (plural of మల్లెపువ్వు)
Wd8fe644deebd	కోసిస్తావా	will you pluck (and give) me? — from కోసివ్వు
W99dac41237c4	రాధ	a speaker in these dialogues (name)
Wb518e860ce6f	చేత	by
Wd7e93af4d619	కోయించి	having had (it) cut
Wd88508954a63	కొన్నావు	you bought (from కొను, to buy)
W6d3d229a7180	నిన్నమా	yesterday (emphatic form of నిన్న)
W90c312fc32a1	బలవంతం	compulsion
Wacbddf3e4478	కొనిపించాను	I got (it) bought (from కొను, causative past 1sg)
W491e45630524	కొన్నప్పటినించీ	ever since (it was) bought; from కొను (to buy)
Wb046b53b5f3f	పోట్లాట	a quarrel
W5f92f8c199ef	మాల	garland
W3ea262992836	కట్టించి	having (someone) tie/make (a garland); from కట్టించు (causative of కట్టు)
W046150c2bf72	పంపిస్తావా	will you send? (from పంపించు, to send)
Wda26a1502bfe	కడ్డుంది	ties/makes (garlands) — from కట్టు 'to tie'
Wf207ded85f38	కట్టిస్తాను	I will have (it) made/tied — causative of కట్టు
W5df62ba9d649	కోస్తానులే	I'll pluck (them), don't worry — from కోయు
Wca0e3f29b054	అడ్డంగా	obstruction; hindrance
Wf6b02208d397	నిల్పొని	standing (having stood)
W6b23028b5464	కొయ్యటం	plucking, to pluck (verbal noun of కోయు 'cut/pluck')
W2d555d5dadf7	జరగటంలేదు	is not moving (జరుగు 'to move' + లేదు)
We063d0073b46	రాయిని	rāyi (write (spoken form — vrāyi is written)) + -ni (-ni — marks the direct object, after stems ending -i or -u)
W9bacbaee9d25	జరిపించి	having had (it) moved/shifted (from జరిపించు, causative of జరుపు)
W43652653451b	పక్కింటికి	to the neighbour's house (పక్కిల్లు, dative)
Wf998874fb46b	పంపించి	having sent (from పంపించు, to send)
Wc34b85d10eae	పిలిపించు	have (him) summoned/called
Wae2407b167da	పిలుస్తాను	I will call (from పిలువు/పిలుచు, to call)
Wf90ea2528a78	సుశీల	Susila (woman's name)
W83463e420fa1	అనిపించాను	I made (her) say
W5876e3b02860	చెప్పాను	I told (past)
Wdf65db956bc4	తీసుకుపోయి	having taken (someone) along; from తీసుకుపోవు
W831977dc1b81	తీసుకొస్తాం	we will bring (back); from తీసుకొచ్చు
Wf445c9e50067	లేండి	lē (get up, rise (takes -v- before the suffix)) + -ṇḍi (-aṇḍi — politeness suffix, also the plural)
W22b61d3a3194	అడ్డం	obstruction; hindrance
Wa316151bbffe	కొయ్యటానికి	for plucking (from కోయు, to pluck/cut)
Wc9db6a89b861	మెట్రిక్	Metric (matriculation exam)
W782c3bfe07b7	టెన్ట్	Tenth (class/grade exam)
Wa0092e2ba189	ఇంటర్	Intermediate (pre-university course)
Wf911a2a79b7f	అక్క	elder sister
W013f1417cb1e	ఫెయిల్	fail (loanword)
We7c4c68aef98	అవస్టలు	difficulty
W6cb353069ba4	పడీ	having endured (hardships); from పడు
Wfc3d9e950453	బదివిస్తున్న	enduring/bearing (hardships) — pres. participle, likely for బాధిస్తున్న/భరిస్తున్న
Webad66198027	గాన్న	father (dialectal for నాన్న)
Wbf3cda350a8c	కనిపించటం	"being seen; (with ""lēdu"") is missing — from కనిపించు"
Wf6b42444be03	ఆబూకి	whereabouts/clue (dative; from ఆచూకీ)
W14916a95d869	ఇచ్చిన	who give(s)/provide — past participle of ఇచ్చు 'to give'
W76fe39b36536	తగిన	suitable
Wd17acd8ccdcc	బహుమతి	a prize; a reward (n)
Wa485c911e132	రాజూ	king
W4b578cdd3bc7	పళ్ళేలు	plates (plural of పళ్ళెం)
W51efd2ca2dd3	గిన్నెలు	(something) a pan/bowl/vessel
Wb76079f06de5	చెంచాలు	a spoon
W016932eadab0	కొన్నాను	I bought (from కొను, to buy)
W2a79f63e471c	ఇరవైమూడు	twenty-three
Wa825a4922b4f	పళ్ళేనికి	for each plate (from పళ్ళెం 'plate')
W350d7525deec	చెంచా	a spoon
W89bf15ff2811	ఊరికెనే	free of cost; without any
W1a62254973b0	ఇచ్చాడు	ivvu — give
W8669d3c775e5	చేసుకుంటావు	do/make (for yourself) — from చేసుకొను, 2sg present-future
Wa9f47a51d5e4	తెచ్చావు	you brought/bought (from తెచ్చు, to bring)
W6d759f56047b	తెచ్చుకున్నాను	I brought/got (for myself) — from తెచ్చుకొను
Wcde52a60d004	కోటానికి	
W519bb954660d	ఇన్నింటిని	all these (many things), accusative — from ఇన్ని
W04913de9780d	వాడ్డారా	do (you) use? (from వాడు 'to use')
Wda7b5e3f2a07	దానిదేముంది	"""what of it?"" — dāni (that) + ēmuṇdi (what is there)"
Wf8eb7846dd87	వాడ్తాం	we (will) use — from వాడు (to use)
W270af7ea8f87	అన్నింటికీ	for all (of them); dative of అన్నీ 'all'
Wdf9a413771ec	ఇవ్వలేదు	ivvu — give
W1bbd9ff395c9	కొన్నింటికే	only for a few (of them); from కొన్ని
Wcc8d38e5063e	ఎన్నింటికి	for how many (rupees)? — dative of ఎన్ని 'how many'
Wb99a684c84e4	ఇచ్చావు	ivvu — give
W847fe8d0a981	పళ్ళేలకు	for (four) plates — dative pl. of పళ్ళెం 'plate'
W9bded6dc8010	గిన్నెలకు	for (three) bowls/pans; dative pl. of గిన్నె
Wd46df2adebeb	వాటికి	vāṭi (their (objects / non-human)) + -ki (to (goes after the noun))
Wbd4afc0305b2	ఇస్తా	I will give/pay (from ఇచ్చు, 'to give')
W0c6b6e858058	నన్నాను	"""..."" I said (sandhi of -nu + annānu; from anu)"
W2dd272ec06d9	వీటిని	of these
Wd1148a23045c	ఆవిడెకు	a variant of
Wa02e9ce8fdb8	నచ్చితే	if (she) likes them (from నచ్చు, to please/appeal)
W50912fe14678	ఉంచుతాను	I will keep/retain (them); from ఉంచు
Wc31eff799de9	నచ్చకపోతే	if (she) doesn't like (it); from నచ్చు 'to please, be liked'
W99ff819e73ab	తిరిగి	back
Wd7abe40e5d42	ఇచ్చేస్తాను	I will give back/return (from ఇచ్చేయు, completive of ఇచ్చు)
W54e123057f43	ఇవ్వటం	giving (back), returning — verbal noun of ఇవ్వు 'to give'
Wcba4f14ca745	ఉంచుకో	keep (it) for yourself; from ఉంచుకొను
W527888967f5e	తున్నట్లుంది	seems to be (…-ing); from -తున్నట్లు ఉంది (here: 'seems to be singing')
Wd43b2b2affca	ఒకతే	One (fem.
W0b94688431e7	పాడుకుంటున్నది	is singing (to herself); from పాడుకొను
Wc8931ea0fc96	పాడటం	singing (verbal noun of పాడు 'to sing')
Wc0a919a56a04	మొదలుపెట్టింది	began, started (from మొదలుపెట్టు 'to begin')
Wd28864c06d18	లోకంలో	the world
W415b7bd64b46	కొట్టుకుంటున్నాయి	are banging (against each other); from కొట్టుకొను
W0f7555672c3a	రక్తం	blood
Wb350d7e4f5d2	చెక్కుతుంటే	while sharpening (from చెక్కు, to carve/whittle)
Wf27efacc4caa	కోసుకున్నది	got cut (finger); from కోసుకొను, to cut oneself
Wf04d3c3f47d3	దెందుకు	why? (colloquial for దేనికి/ఎందుకు)
Wd4c8f8a7e0e7	పోట్లాడుకున్నారు	quarrelled with each other (from పోట్లాడు, fight)
W544b4b74bcba	ఇద్దరికీ	to both (of them); from ఇద్దరు 'two people'
Weff5c24a901c	ఒకర్నొకరు	each other, one another
W0be9bd5ee015	ఒకరిని	one (person), accusative — part of 'each other'; from ఒకరు
Wcfa7680a941f	తిట్టుకుంటారు	scold each other (from తిట్టు, to scold)
W2ca8f25fb222	తెనాలి	Tenali (the town, and Tenali Ramakrishna)
W42c8d7a998b7	రామకృష్ణుడు	Ramakrishna
W3ac6a8e48980	పూర్వం	long ago
W06d2dc029508	విజయనగర	Vijayanagara (empire name), attributive
W95b0708576cf	సామ్రాజ్యాన్ని	the empire (object); from సామ్రాజ్యం
W30c523e2aa17	కృష్ణదేవరాయలు	Krishnadevaraya (the emperor)
W82fb098d408c	అనే	named, called (relative participle of అను 'to say')
Wc21a6edfa75b	పరిపాలిస్తూ	while ruling (from పరిపాలించు, to rule)
W4aea6559dd4b	ఉండేవాడు	he used to be
Wa562d74bc353	ఆస్థానంలో	in (his) royal court; from ఆస్థానం 'court'
Waf7ac74c1f96	ఉండేవాళ్ళు	used to be/stay; those who were (from ఉండు)
W224c41c7b504	అష్టదిగ్గజాలు	the eight mythological
Wbc6e368b2b73	అనేవాళ్ళు	those who say/call (them); from అను 'to say'
Wcf98c06663da	గొప్ప	great
Wa7e3212d9180	తరచుగా	often
Wd8dab6fda45c	కవులను	poets (accusative pl.) — from కవి 'poet'
W3df6e8445366	చిక్కు	chik (chick) + -ku (-ku — to, for (dative; goes after the noun))
Wf778f44a8d11	అడుగుతూ	asking (continuously); from అడుగు 'to ask'
Wfba76b8b24a4	రామకృష్ణుడే	Ramakrishna himself (emphatic); from రామకృష్ణుడు
W1c40d74f621a	సమాధానాలు	answers (plural of సమాధానం)
Wb9ef93e92449	చెప్తూ	while telling, giving (answers); from చెప్పు 'to say'
Wf33346e708d5	సభలో	royal court
W51487917aff1	విషయాన్ని	matter, topic (accusative of విషయం)
We671b5fbff41	అనిపించ	to make (one) say; cause to say — stem of అనిపించు
W4d9cdaa51480	గల్సినవారికి	to those who were able (from గల్గు, to be able)
Wec2524640bbf	బహుమానం	a reward; a prize
W2e153235c8da	ఇవ్వబడుతుంది	will be given (passive of ఇవ్వు, 'to give')
W15221652a5c2	లేచి	having risen, got up (from లేచు)
Wd016fae2cfc9	రాజా	O King! (vocative address)
W9fb08b330108	అవున	"""yes"" (colloquial for అవును)"
Wb239662edb88	గల్గుతాను	I will be able (to); from గలుగు 'to be able'
W24b4b5f91aa2	ఇప్పించండి	have (it) given; grant — imperative polite, from ఇప్పించు
W2fc9867b08b2	అనిపించగల్లటం	being able to make (it) seem/feel; from అనిపించు
We773a3d25f9c	అనిపించి	having made (someone) feel/seem; from అనిపించు
W0396a120c07a	తీరాలి	must be settled/fulfilled; from తీరు
Waa5c84f190d8	శిక్ష	punishment
W7c3ed9a5811a	విధించబడుతుంది	will be imposed (passive of విధించు, 'impose')
W87fc8ca8648b	ఒప్పుకున్నాడు	he agreed (from ఒప్పుకొను, to agree/accept)
W8931f4969585	వాక్యాలు	sentences (plural of వాక్యం)
W51415a08e1a3	అనిపించు	"""have (him) called/summoned"" — imperative causative of అను (to say)"
W095def13880f	రాయలు	Raya (the king Krishnadevaraya); honorific form of రాయ
W71e21c2fdcae	మహారాజా	O great king! (vocative of మహారాజు, emperor)
We666ec6073ad	తమరు	you (most honorific)
W1d6e7fe1c4a7	సామ్రాజ్యానికి	to/of the empire (dative of సామ్రాజ్యం)
Wbd0b0a0b84bb	సార్వభౌములు	sovereign, supreme ruler (honorific pl.)
W44593ffeb03b	అనలేకపోయాడు	was unable to say (from అను, 'to say')
W46af77e5f5b0	అనవలసి	having to say (from అను, 'to say'); in అనవలసి వచ్చింది = 'had to say'
W7c2ee52490ce	వాక్యం	sentence
W7ddeac6a5aa7	తమ	your (most honorific))
W60beee68fa67	గొడ్రాలు	a barren woman
W58dac682524a	అనకుండా	without saying (from అను, to say)
W2a652b2f0fe6	ఉండలేక	unable to remain/stay (from ఉండు)
W0c7de00260b5	మూడో	third
W0449c63a253a	కృష్ణ	dark
Wbf3e4e545ed0	దేవరాయలు	Devaraya (king's name)
We051bc645353	పతివ్రత	woman loyal to her hus-
Wd3057745c17a	తాను	himself, herself
W13f6280f2a4a	ప్రకారం	according to
W71c8323435c6	విలువైన	valuable
W9979a9804ef0	హారం	necklace
W325531a9e9bc	తెప్పించి	having sent for/had brought (from తెప్పించు, caus. of తెచ్చు)
W6a9e4701eebb	రామకృష్ణుడికి	to Ramakrishna (proper name, dative)
W581d2f41fd29	బహూకరించాడు	he presented/gifted (from బహూకరించు, to gift)
Wa45f3b6b0a1c	ఎప్పుడడిగానా	whenever asked (ఎప్పుడు + అడిగినా, from అడుగు 'to ask')
Wef5824a7f52a	వయసు	age (asked with enta, not ēmiṭi)
W8262a0346626	దానివి	
W0881d924cbe8	అంటున్నావు	anu — say
We26b57f23809	పత్రికలో	patrika (newspaper / magazine) + -lō (in, at (no distinction in Telugu))
W01a47ade4439	వారపాటున	by mistake, inadvertently (for పొరపాటున)
W2427a69b4cd0	వేశారు	(they) put/wrote down; from వేయు 'to put'
W82f8d1621a36	వివాహం	marriage
W860d8a39451f	చేసుకోకపోవటానికి	for not doing/getting (oneself); from చేసుకొను
W7d99623ac55e	రాపైన	rā (come (base verb — becomes raṇḍi with aṇḍi)) + -pai (on, upon) + -na (on)
W34de158db8ba	దేనికీ	"of/to anything (in negation); from ఏది ""what"""
W49c2934bee08	అనువాదమూ	a translation (neither ... nor); from అనువాదం
W9a9ab7cc6c06	అనుకరణా	nor an imitation (అనుకరణ + -ā 'and/or')
Wea9e6233369b	కాదని	that (it) is not — from కాదు + అని (quotative)
W3f2551bb304d	హామీ	promise / guarantee
Wd16b3548bad1	పత్రం	a document
W6c015a9fee2f	నమ్మకపోతే	if you don't believe (from నమ్ము, to believe)
W2c42b4e116f2	ఎలాగండీ	how can that be, sir? (polite ఎలాగు + అండి)
W2596a9dee43d	గడెయారానికి	to the clock (dative of గడియారం)
W3d3c4c8e24e8	ఇవ్వాలి	ivvu — give
W32b59f822153	వాచికి	a wrist-watch
W472a6be6fed6	రాత్రిపూట	at night, during the night
Wc88ea5e04f3b	కీ	key (winding); here: to wind up at night
W753ffc481c24	మీరింత	you + this much (in 'ఇంత వరకూ' = until now); from మీరు + ఇంత
W14cd31ece7bc	వరకూ	up to, until (in ఇంత వరకూ 'until now')
Wd6b427ae49f9	చేసుకోక	without marrying (neg. participle of చేసుకొను)
W0ee67de96522	పోవటొనికి	for going/becoming; from పోవు (to go)
W5e0fb8e828fa	నట	acting, actor's (in నట జీవితం 'acting career')
W2007383e3488	జీవితంలో	jīvitaṁ (life) + -lō (in, at (no distinction in Telugu))
Wc8cf70722192	రెండొందల	two hundred (of); from రెండు వందలు
Wbb7ba7d79209	చిత్రాలలో	in (the) films; loc. pl. of చిత్రం 'film, picture'
W8b4a0d67815a	నటించి	having acted (in films); from నటించు 'to act'
W526445a3230f	మొత్తింది	(she/it) struck, beat — from మొత్తు 'to hit'
W11ef1db348aa	ఓమంచి	
W587f784015b8	ఐడియా	idea (loanword)
Wd42ef2060636	పయసు	payasam, sweet milk pudding (var. of పాయసం)
Wfbee8cc6198d	చేతనే	by (Jyoti) herself — instrumental చేత + emphatic -ఏ
W05123618fae5	చెప్పెద్దాం	let's tell/say (hortative of చెప్పు)
W2db368a2d045	మిస్స్	Miss (English title of address)
W7678cd6ed4d7	రహస్యం	secret
W1706cd6e59e7	ఎపరికీ	to anyone (dative of ఎవరు, with -ీ 'even')
Wd2cba81875d8	రహస్యంలా	like a secret (రహస్యం 'secret' + లా 'like')
W8673803e77e9	రోజులన్రుంచీ	"(garbled) రోజులనుంచి — ""for days now, since days"""
We2f8f7b8fafe	చాచి	having stretched/held out (from చాచు)
Wae60a8439ae3	వళ్లన్నమాట	years, that is (ఏళ్లు + అన్నమాట; OCR of ఏళ్లన్నమాట)
Wc8671321ac3e	వళ్ల	
Wad7da7ba83d4	కాస్తుకూ	for every landholding (from కాస్తు 'holding')
W025c5962c026	ఒకరిద్దరు	one or two (people); a couple of persons
W03451f0ecffe	ఎక్కువైపోయి	having become too many/excessive (ఎక్కువైపోవు)
Wc0a74dbe5a5c	ఫీట్లు	stunts, antics (pl. of ఫీట్ < English 'feat')
W6d5baf009466	లేకపోవటం	not being (there); absence — verbal noun of లేకపోవు
Wa2ab245ed90b	పెల్లలచేత	by/through the children (instrumental of పిల్లలు)
Wd4a2204d1b0e	గోడకుర్సీ	wall-sit, the 'wall chair' punishment posture
We0af306c18ef	వేయిస్తున్నాం	we are having (it) put up/built (caus. of వేయు)
Wbd182eda7190	ఇంటర్వ్యూలో	in the interview (ఇంటర్వ్యూ + locative)
W703d68234380	సైలక్టు	selected (English loan 'select')
Wc953d0062b5b	ఇవాల్చినించే	from today itself (ఇవాళ + నుంచి + ఏ)
W154b718c8951	ఉద్యోగంలో	udyōgaṁ (job / employment) + -lō (in, at (no distinction in Telugu))
Wbfe384697b5a	చేరదామనుకుంటున్నార్టు	they apparently intend to join (from చేరు, to join)
W4e7c954b78ae	కొరియర్లో	by courier (courier + locative -లో)
W3a34a63f99ac	అన్నాను	I said (past)
W922f25d646ef	సైలక్ట్	"""select"" (as in selected, chosen)"
Wc892222f97e3	చేసేశారు	did/completed (it) — from చేయు 'to do', past 3rd person honorific with ఏయు completive
Wccf9a9ba75c4	రథం	chariot (here: a chariot design in rangoli)
Wb5ad55b86ffd	ముగ్గు	rangoli / floor art
We24f6712bbe4	మొదలు	beginning; (here) starting with, and such
Wdeb4d8113f90	పూటకు	a part of the day
W62a1ae75c926	వంపే	
Wafcf77ce76bf	చేస్కోండి	go ahead and do (it) yourself — polite imperative of చేసుకోను 'to do for oneself'
Waf07cf34c9e3	నువ్వెక్కడున్నావ్రు	"""where are you?"" (nuvvu + ekkaḍa + unnāvu)"
W5518967f2d7f	రాణీ	queen; here vocative term of endearment/name (from రాణి)
W78bd94635aa7	మాట్లాడరు	māṭlāḍu — speak, talk (māṭa + āḍu)
Wb6b63ae65971	నాలిక	tongue (on the tongue)
Wf3da9e4bd992	వేయింబుకున్నారు	had (medicine) applied to themselves; from వేయించుకొను
Wc3fd441972de	వమండోయ్	Hey! I say! (OCR for ఏమండోయ్, calling out)
Wf5a42f1d1f4f	కరిపెట్టారా	
Wfcb2c649a657	నిలువుటద్దం	full-length (standing) mirror
Wcffa2d748ea9	రోజురోజుకూ	day by day, with each passing day (from రోజు 'day')
We0b6cfefdaae	చిన్వదైవోతున్నట్లు	as if becoming smaller (చిన్నదైపోవు); OCR-garbled
W2ee21534987b	అనుమానంగా	
Wabfcfbe679f9	పెళ్లేయిన	"married (having-been); in ""newly married"" — from పెళ్లి+అగు"
Wd85f7dccdfc8	కొత్తలో	kotta (new (bare: kotta kāru)) + -lō (in, at (no distinction in Telugu))
Wf44070b4de15	రతిబంబం	reflection (OCR of ప్రతిబింబం)
W9c28da56cedc	కరిపించేది	used to appear/be visible (OCR of కనిపించేది, from కనిపించు)
We068b38a6482	నవలలన్లీ	all the novels (from నవల 'novel' + అన్నీ 'all')
W67388b4f86c9	పెళ్లెం	wife (colloquial; from పెళ్లాం)
W542ff990eac4	పేరుతో	pēru (name (long ē — not like the country Peru)) + -tō (with (goes after the noun))
W038d4b5a0cba	రాయటం	writing (verbal noun of రాయు 'to write')
W73c659d9194a	నీకొచ్చే	that comes to you (నీకు + వచ్చే, from వచ్చు)
W8d4c76fb32bf	లాభం	profit
W81ec0356e6d0	వమిటిరా	what? (colloq. ఏమిటి + రా, familiar address to a male)
Wade215cfd37d	ఆల	that; those
W0f858e991d5d	వీముందీ	what is there? what use? (misprint of ఏముంది)
W4ad465d93785	నాకే	to me only (dative of నేను + emphatic -ఏ)
W6b1126f1366d	అంకితమిబ్చుకోవచ్చు	can dedicate (a book) — to me; from అంకితమిచ్చుకొను
Wa0277e77c965	వీడికి	oblique base of
W89dcc79a4a91	ఆపరేష్ట్	operation, surgery (Eng. loanword; garbled ఆపరేషన్)
We6fa28487dd2	చేయ్యటొనికి	in order to do/perform (from చేయు)
Wa3955179da10	మత్తుమందు	anaesthetic; sedative drug
W2d8e2a0093f7	ఇచ్చినప్పుడే	right when (they) gave (from ఇవ్వు/ఇచ్చు, to give)
W53a78238a856	డ్రాపుగూడా	
Wa95913121f32	చేయించేశాం	we had (it) done; got it done (caus. of చేయు)
W89ffeeff9d9a	చిత్రగుప్తా	O Chitragupta! (Yama's record-keeper; vocative)
Wc0b04af8a9f5	టగ్గ్ఆఫవార్	"""tug of war"" (English loanword)"
We8f034f3814d	రణాళ్లికలో	in the plan (ప్రణాళిక + లో)
Wb045ab1bb35e	పెళ్లిళ్లు	weddings, marriages (plural of పెళ్లి)
W8133170c3592	ఛాంపియనట	"""a champion, they say"" (champion + hearsay -aṭa)"
W2e02f5e83b6e	వేసిన	that (I) threw/laid; from వేయు 'to put, throw'
W7bd7fb6a35db	ఆపుచేయింప	to have (something) stopped; from ఆపుచేయు 'to stop'
W6cdabdaf8db6	గలిగితే	if (one) is able to; from గలుగు 'to be able'
Wfe184784b24f	లాగేసుకున్నాడు	snatched/pulled it away (for himself)
W8517717896af	అభివృద్దిని	development, progress (object form of అభివృద్ధి)
W82e8cf3845b5	అరికష్టవబ్చునని	that (it) can be curbed/checked (from అరికట్టు)
W3f4b5b550e5a	అభిప్రాయం	opinion
Wb56339df65ae	అప్పులివ్వటంలో	in giving loans (అప్పు + ఇచ్చు, verbal noun + locative)
Wf8a3052379f7	అపూర్వ	unforeseen; novel (adj.)
W5b770f7ae5a9	ప్రయోగం	experiment
W56e9136e167b	స్వయం	self (adj.)
Wf7bdeaa72247	ఉపాధి	employment; livelihood
W274e1809814c	కల్పనకై	for the creation/provision of (కల్పన + కై)
W1263cb5d82ff	బుణాలు	loans (plural of ఋణం, spelled బుణాలు)
W21473eb07a98	ఇవ్వడంలో	in giving/providing (from ఇవ్వు 'to give')
Wbcbdbbe3eee7	కెనరా	Canara (as in Canara Bank)
W06e5885736f2	బ్యాంకు	bank
Wae8bf30d39db	చేసింది	did
W02f85952a48e	హాసన్	Hassan (district in Karnataka)
Wdb4bf243f996	జిల్లా	district
W9b3d339140f6	లోని	lō (in, at (no distinction in Telugu)) + -ni (-ni — marks the direct object, after stems ending -i or -u)
W9e4580d99515	కరెహళ్ళిలో	in Karehalli (village name)
W119f85d19412	బ్రాంచి	branch (n)
We6f0c4e6216c	రంగాసెట్టి	Rangasetti (a man's name)
Wbb3d127d4a7d	వ్యక్తికి	vyakti (person) + -ki (to (goes after the noun))
W534fc5679a4a	గాడిదలు	gāḍida (donkey) + -lu (-lu — the general plural suffix)
W1198e6169bd5	కొనుక్కోడానికి	in order to buy (for oneself); from కొనుక్కొను
W5858a677ab9b	కొన్నాడు	bought (from కొను, 'to buy')
We9e9c4d17f2e	కట్టేచోట	at the place where (houses) are built
Wf915d444415d	ఇటుకలు	a brick
W05fc43018620	ఇసుక	sand
W4652575e0a87	మోసేం	we carried (from మోయు, to carry)
Web3e50356872	కొబ్బరి	"coconut (in ""coconut groves"")"
W5e75f36472ab	తోపులలో	in the groves/plantations (తోపు, pl. locative)
W7e32e1fb046e	కొబ్బరికాయలు	coconuts (plural of కొబ్బరికాయ)
W40233fc04ae9	మోసేందుకు	in order to carry (from మోయు, to carry)
W1fc654bea131	ఇతర	other
W6ddfba4c4ff5	ఆవసరాలకు	for (other) needs; dative pl. of అవసరం 'need'
W4dd8375d499e	గాడిదలను	gāḍida (donkey) + -la (-la — the plural -lu in its oblique form, used before anothe) + -nu (won't / don't (negative future))
We8014974b3fe	కిరాయికి	kirāyi (rent) + -ki (to (goes after the noun))
W1fc6e3763b6c	ఇచ్చేవాడు	one who gives/hires out (from ఇవ్వు, to give)
W221fcc7bc8de	గాడిదల	gāḍida (donkey) + -la (-la — the plural -lu in its oblique form, used before anothe)
W560331d2057e	మల	feces, excrement (in cmpd 'మల మూత్రాలు' excreta)
W01346c40a714	మూత్రాలు	urine (pl.); from మూత్రం, here in మల మూత్రాలు 'excreta'
W08c134e16780	తోపులకు	to the groves (dative of తోపు, grove/plantation)
W71944657f064	ఎరువుగా	manure (n)
W9385cfbb028e	పనికొస్తాయి	are useful, serve (as); from పనికివచ్చు
W180e2800ed0a	అందుచేత	because
W85d07367ba70	తోటల	tōṭa (garden) + -la (-la — the plural -lu in its oblique form, used before anothe)
W18d3eba3ea8a	యజమానులు	owners, masters (pl. of యజమాని)
Wcc304ceed6b9	తోటల్లో	in the gardens/orchards (from తోట)
W30fe87928531	పూట	a part of the day
W811e77811e36	కట్టివేయించుకుని	having had (them) tied up for oneself; from కట్టివేయు 'tie up'
W8618828effc1	ఉచితంగా	free of cost;
W09f5478a1dae	మేత	fodder
Web366a8eb7b1	వేసేవారు	used to put (fodder); from వేయు
Wa396f471d869	గాడిదకు	gāḍida (donkey) + -ku (-ku — to, for (dative; goes after the noun))
Wc94506b90ab1	పైసల	paise (oblique plural of పైసా, coin/money)
W6d3c4e4a4e92	చొప్పున	at the rate of
Wdd048026b1a8	చెల్లించేవారు	used to pay (habitual past of చెల్లించు, to pay)
W1872f6818621	విధంగా	manner
Wf12b522ab5fb	రంగాశెట్టి	Rangashetti (a personal name)
W9776c6a45c9d	లేకుండా	without, in the absence of (from లేకుండు)
Wc1dc7f6c0590	సంపాదించి	having earned (from సంపాదించు, to earn)
W8a8f4bb4807a	గ్రామంలో	grāmaṁ (village) + -lō (in, at (no distinction in Telugu))
Wf218bdfaa059	వైద్య	medical (as in medical facilities)
Wb30dbd9284b4	సౌకర్యాలు	facilities, amenities (pl. of సౌకర్యం)
W533fbb6cfb46	అంతగా	anta (that much) + -gā (-gā — turns a noun into a description)
W782832a8321e	అక్కడివారు	the people there; locals (అక్కడి + వారు)
W2ac1808c78e1	ఇబ్బంది	Trouble
Wce5f30243e31	పడుతూ	undergoing, suffering (from పడు)
W4d0bf8a81237	ఉండేవారు	used to be/remain (habitual past, hon./pl.); from ఉండు
W840a85f16a12	సన్యాసి	a monk; a
W1107f6dca92e	గ్రామానికి	to the village (grāmamu + dative -ki)
W4ed40559a275	అక్కడివారి	of the people there (gen. of అక్కడివారు)
W90f3f05ae84e	పరిస్టితి	situation, condition (var. of పరిస్థితి)
W3909f7ecf1c0	బాధపడి	having felt sad (from బాధపడు, to suffer/grieve)
Wa15b1463acc2	వైద్యశాల	hospital;
W5a1abbb48bca	కట్టించాడు	had (it) built; caused to build (from కట్టు)
W8d0669b2b28d	బీదలకు	to the poor (dative pl. of బీద 'poor person')
W983690a9083f	సాయపడే	that helps, helping (from సాయపడు, to help)
W741d5f4a4cfd	ఉద్దేశంతో	uddēśaṁ (purpose / aim) + -tō (with (goes after the noun))
W124a2d09ab7c	శిష్యులను	(his) disciples/students — accusative pl. of శిష్యుడు
W90edaadb5ee4	ఉంచి	having placed/stationed (from ఉంచు)
Wd20441861f30	వైద్యం	medical treatment
W3bf707c80355	వెళ్ళిపోయాడు	he left / went away (from వెళ్ళిపోవు)
W754e46ca59a4	గ్రామస్థులకే	to the villagers alone (గ్రామస్థుడు + dative + emphatic -ఏ)
Wedf15ba6d12c	కాక	not only (for); negative participle of కాదు 'is not'
W7888ddd6bedf	ఇరుగు	neighboring (in ఇరుగు-పొరుగు 'neighborhood')
Wcf439a0a45ba	పారుగు	neighboring (in pair 'ఇరుగు-పొరుగు' = neighborhood)
W4a4d9834eb6a	ఉపయోగపడ	to be useful (stem with సాగింది: began to be useful)
W73e8b775bfa9	సాగింది	began to (auxiliary); from సాగు 'proceed'
W3f61f7ab8b44	ఉన్నవారు	those who have (money); the well-off
W5e531c1556be	వ్యాధులకు	for (their) diseases/ailments
W2e3e85ec2f83	ఉచిత	free
Wd7aa2c26359b	రావటంతో	because of (their) coming; with the coming (of)
Wf53a44765a0d	వైద్యణాలను	clinics/dispensaries (obj.); garbled వైద్యశాలలను
Weba43cb7702e	నడుపుతున్న	running, operating (from నడుపు 'to run')
W45b3d0d800f1	శిష్యులకు	to/for the disciples (dative pl. of శిష్యుడు)
W34f605e3688e	తోచలేదు	did not occur (to them); couldn't think what to do — from తోచు
W98e31d8b07d1	కొన్నాళ్ళకు	after some days (కొన్ని + నాళ్ళు, dative)
Wb6ceee2bc9d8	శిష్యులు	disciples, students (pl. of శిష్యుడు)
Wce9336716503	ధనవంతులు	rich people
W33a3eebf223c	ఎగబడుతున్నారని	that (they) are thronging/rushing (for); from ఎగబడు
Wb87fcc156b7c	తాము	themselves
W77b8f829a5f5	చెయ్యాలని	that (they) should do; what to do — from చేయు
W811787b92fbe	అడిగారు	asked (from అడుగు 'to ask')
We24b2e632bf3	నవ్వి	having laughed; laughed and (from నవ్వు)
Wdf8a0cd7c4f9	సాయపడాలని	that (we) should help — from సాయపడు 'to help'
W8db3bf44eb9d	ఉద్దేశం	purpose / aim
Wb8d63b63264f	తెలిసి	knowing (having known); from తెలియు
W10a74019aeea	వారికీ	to them too (vāru 'they', dative + emphatic)
W00122d8737ba	చెయ్యాల్సిందే	must certainly do (emphatic obligation); from చేయు
W7dfa99ce87f4	యాచించేవాడు	one who begs, beggar (from యాచించు, to beg)
W5396705f372b	ఎవడైనా	whoever, anyone (masc.); from ఎవడు + ఐనా
W05c13d0a418f	పేదవాడే	a poor man indeed (emphatic of పేదవాడు)
Wc7174a894ab4	పి	"""P."" — initial in a name"
W59c955047a5f	గోపాలకృష్ణ	Gopalakrishna (personal name)
W20ec63a0cbcf	ప్రపంచంలోని	prapanchaṁ (world) + -lō (in, at (no distinction in Telugu)) + -ni (-ni — marks the direct object, after stems ending -i or -u)
W2ef21c36ff10	వింతలు	vinta (strangeness / wonder; strange) + -lu (-lu — the general plural suffix)
W43562ca76bce	పొయ్యిలు	poyyi (stove / hearth) + -lu (-lu — the general plural suffix)
W4ed71560121e	జపానుకు	to/of Japan (dative of జపాన్)
W513236655cc2	చెందిన	belonging to
W5590df94848a	గంకై	Gankai (Japanese coastal place name)
W23218f9cfbea	సముద్ర	sea (combining form of సముద్రం); as in seashore
W4a2717d4ecf7	తీరాన	on the shore/coast (of the sea); loc. of తీరం
W6714ebe32ac6	కొండల	koṇḍa (hill / mountain) + -la (-la — the plural -lu in its oblique form, used before anothe)
W17c97e1c4fe7	శ్రేణిలో	in the range/row (of hills); from శ్రేణి
W6d581fbcb747	సముద్రం	sea / ocean
W00ee81fb3c74	తొలిచిన	carved out, hollowed (rel. participle of తొలుచు)
W69c4325494a7	గుహలు	cave
Wbb775228eb6c	ననత్సుగమి	"name given to the seven caves (""seven hearths"")"
Wce5e84e9895c	వీటికి	of these
Waebe1ced7443	పాయ్యిలు	fire-place
W0a1ea0cf321a	పోటులో	high tide; swell of the sea
Waa570f725d2e	ఉన్నప్పుడు	when
W1d2f55716cd6	పడవల	paḍava (boat) + -la (-la — the plural -lu in its oblique form, used before anothe)
We514b179428f	యాత్రికులను	pilgrims, travellers (object); from యాత్రికుడు
W110d9d6dc66b	గుహల	cave
Wcd80b893cdb3	తీసుకుపోతారు	they take (you) in/away; from తీసుకుపోవు 'to take along'
Wb92c6aa58a61	సహజ	natural
W843e95e9e9e8	సృృతి	"memory; here in ""smṛti cihnālu"" = monuments (OCR of స్మృతి)"
W438257af1bf1	చిహ్నాల	monuments/marks (oblique pl. of చిహ్నం)
W859324e55aa3	హోదా	status
W4b17bc423566	ఇవ్వబడింది	was given (passive of ఇవ్వు 'to give')
W30d8d6debc44	ప్రాంతానికి	to the region/area (dative of ప్రాంతం)
Wb29d276af8d9	రావాలంటే	if one wants to come (from రా, to come)
W30ba15a31c50	కరత్సు	"Karatsu (place name), here ""from Karatsu"""
W43988d519afb	నుంచి	from (after the noun)
W11e515f31e0d	మార్గాన	by way of, via (loc. of మార్గము 'road, way')
Wa5fc3e7b739c	పడ్తుందట	apparently it will fall/take (hearsay; from పడు)
W7948971dcabd	చందమామ	Chandamama (children's magazine); lit. 'moon'
W9524b4aaea32	మే	may
W35a4d17ca239	తొలి	first
W817ec1e098c0	వైమానికుల	of the aviators/pilots (from వైమానికుడు)
Wdd17f8d2bb19	గౌరవచిహ్నం	symbol of honour
Wfb8124090f16	ఉత్తర	north
W442511e81b09	కారొలైనా	Carolina (as in North Carolina)
Wadeff10c8cbe	రాష్ట్రంలోని	in the state (of) — రాష్ట్రం + locative adjectival
Wea1af7d73273	ప్రాంతం	region; area
W7cd2df64bd9a	విల్చర్	Wilbur (Wright); spelling of విల్బర్
W910e6bb383a2	రైట్స్	the Wrights (Wright brothers' surname, plural)
Wa11eba0f90bd	ఆర్విల్	Orville (as in Orville Wright)
W7437ad30b732	రైట్	Wright (surname of the Wright brothers)
W8ba3ec2fc870	సోదరులు	brothers (plural of సోదరుడు)
W7d2c3ea7dc02	మొట్టమొదట	at first
W59adc5fb5be0	విమానంలో	vimānaṁ (plane) + -lō (in, at (no distinction in Telugu))
W6f4d81c7cfbd	ఎగిరారు	
Wa805b024d431	గౌరవార్థం	in honour of (from గౌరవార్థం, 'for the sake of honour')
W424862596aab	శిల్పం	sculputre; sculptured fig-
W9c8c238b6536	చెయ్యబడింది	was done/made (passive); from చేయు 'to do'
Wf86ec679e5d3	సరికొత్త	brand new
W6ba0c3b0c63f	అగ్ని	fire
W9d3891516ac6	పర్వతాలు	mountains
W2b1938c68fb6	కళ్ళ	"of the eyes (in ""కళ్ళ ఎదట"" = before one's eyes); from కళ్ళు"
Wf4a41aac4ba9	ఎదట	in front of
W556996c7d54c	పుట్టటం	arising, being born (verbal noun of పుట్టు)
W3f82fece7a24	అరుదు	rareness; rarity
W112d37bd216f	శతాబ్దంలో	śatābdaṁ (century) + -lō (in, at (no distinction in Telugu))
W835508d72ad3	అలాంటి	such, of that kind (from అలా)
W280d69521593	పర్వతం	mountain (here in అగ్ని పర్వతం, 'volcano')
W2abc94b79d9e	మెక్సికోలో	in Mexico (Mexico + locative -lo)
W8724415fed88	పుట్టింది	was born, arose (from పుట్టు 'to be born')
W0f9856ebb0e1	రష్యాలోని	(the one) in Russia; Russia's
W1ae73d60d271	కామ్బాత్సా	Kamchatka (peninsula name)
W5aff8179c174	ద్వీపకల్పంలో	peninsula
Wb76e8057a781	అనేక	several; many
W2a5a48915596	పుట్టాయి	arose, were formed (from పుట్టు 'to be born')
W068d2ed7fe1b	విశేషం	special feature; notable thing
W3cd1aac85404	ఏమంటే	because; that is to say (ఏమి + అంటే)
W2f63eb1c9193	శాస్త్రవేత్తలు	scientist
W389e06e7ceee	పుడ్తాయో	where/when they will arise (from పుట్టు, 'be born')
Wc289b9382714	వారాలు	weeks (plural of వారం)
W9814ec3e7bd5	ముందుగా	mundu (in front of, before) + -gā (-gā — turns a noun into a description)
Wc2b7c63cf758	తెలుసుకుని	telusu (to be known (I know)) + -ku (-ku — to, for (dative; goes after the noun)) + -ni (-ni — marks the direct object, after stems ending -i or -u)
W64cc46f11d30	పుట్టుక	birth
W4189b57d767e	గమనించటానికి	in order to observe (from గమనించు, to notice)
W4b14fa4efa80	కెమేరాలతో	with cameras (కెమేరా, instrumental pl.)
Wcd39ace1f076	సహా	along with, including (with cameras)
Wcba723f573d8	సిద్ధంగా	ready
W5b9ed132d537	బందా	Banda (place/person name, in a dateline)
Wc47a56291a79	ఏప్రిల్	April (month name)
W81f787d8a413	నేటి	of today, present-day (from నేడు 'today')
W881de91a5e12	అంగారక	Mars (in compounds)
Wd4f6c419b75e	గ్రహ	planet (in compound: planetary)
Wc58ede013e6e	రెట్లు	times (as in
W4c9bb26fb07c	పలచగా	thinly
W5fc4fd5dfbe8	బొగ్గుపులుసు	carbon dioxide (lit. 'coal acid')
W0e44034d9a33	వాయువు	gas, air (here: gas)
Wbdb047af9bc3	కార్బన్	"carbon (in ""carbon monoxide"")"
Wa5b7eafe2109	మోనాక్రైడ్	"monoxide (in ""carbon monoxide"")"
We8f2cb5a31ce	నీటి	water
Wcd6fd8565743	ఆవిరి	steam
W7d7a4d96ec67	బహుళ	probably (var. of బహుశా; lit. abundant, many)
W1f466cc73f38	ప్రాణవాయువు	oxygen
Wad4c2fb12e05	సోవియట్	Soviet (loanword, attributive)
W6a9304b99b30	రోదసీ	space, outer space (in 'spacecraft')
Wb3d64f6e7616	నౌక	ship, craft; here spacecraft (రోదసీ నౌక)
W119f9be5c4c8	సేకరించిన	collected (relative participle of సేకరించు)
W43567a54f22f	కొలతల	measurement
W96138beb03bc	గ్రహంలో	grahaṁ (planet) + -lō (in, at (no distinction in Telugu))
W7ffce0c308a0	ఆర్గాన్	argon (the noble gas)
Wace2f3e62c72	ఉన్నట్లు	that (it) exists/is present; from ఉండు
W21d6a8069f0d	విదితమయింది	it became known/evident (from విదితం + అగు)
W075a75fe3c1e	ప్రాణుల	of living beings (from ప్రాణి)
Wf5b9daeffdc1	ఏర్పడే	that is formed/arises (from ఏర్పడు)
Wf058bb2aaba1	నత్రజని	nitrogen
W2131abbe83c0	ఉన్నదో	whether (it) exists/is there (from ఉండు)
We23af3c9b28e	కనుగొనవలసి	needing to be found out (from కనుగొను, 'to find out')
Wac59b2ea8be2	ఉపరితలం	the outer surface
Wc6f92a930665	సంభవించే	that occurs/happens (from సంభవించు)
W4771358607c8	ప్రతిబింబిస్తుంటుంది	keeps reflecting (from ప్రతిబింబించు 'to reflect')
W2e980bb8286b	కనుక	because;
W1db6ddf6bff3	సూచనలు	indication
W5da2d984efa3	జీవి	living being
W68734058c6be	మనుగడకు	living; life
W8135efd7e7d9	అనుకూలమైనవి	favorable/suitable ones (from అనుకూలము)
We8acfd4882e8	కావు	are not (negative of 'to be'; from కాదు)
W6433455d9cb5	ప్రమాదకరమైన	dangerous/ harmful
W759bc04a9eaa	అల్ర్రావయలెట్	ultraviolet (English loanword)
W7c8bf03d9db6	వికిరణం	radiation (from ultraviolet radiation)
W696605f80a04	రక్షణ	protection
Wbafbf3418109	తక్కువగా	takkuva (less / few; low) + -gā (-gā — turns a noun into a description)
Wa58b5f27b33c	అయినప్పటికీ	even so, nevertheless (from అగు 'to be')
W49b853eb9f66	సూక్ష్మజీవులు	micro-organisms;
Wbd106688cd36	తమను	your (most honorific))
W85995c04e835	రక్షించుకో	protect themselves (imperative/inf. of రక్షించుకొను)
Wc625df3709fe	గలవని	that (they) can/are able — గలవు + అని (quotative)
We5e6c19eb7c1	జీవశాస్త్రజ్ఞులు	biologists (pl. of జీవశాస్త్రజ్ఞుడు)
Wd0c25ddbb965	భావిస్తున్నారు	(they) believe/consider; from భావించు
W93bb2513a650	గ్రహం	planet
Wa68079dee684	సజీవమవుతున్నదా	is it coming alive? (from సజీవమవు, to become alive)
W0684e6f17e44	మరణ	death (combining form of మరణం)
W44b62d2154fd	యాతన	agony, suffering, torment
W2e0a44b5ae95	అనుభవిస్తున్నదా	is (she/it) experiencing? — from అనుభవించు, to undergo
W5ee9f11ab12c	కాలమే	time itself (కాలము + emphatic -ఏ)
Wfada58c4f403	నిర్ణయించాలి	must decide (from నిర్ణయించు 'to decide')
