id	telugu	roman	english	pronunciation	pos	island	lemma	example	rank	source	raw_rom	flags	notes
W0001	నేను	nēnu	I	NAY-noo	pronoun	Pronouns & Demonstratives		nēnu vidyārthini.	1	site,anki,book1000,top1000	nēnu		
W0002	నువ్వు	nuvvu	you (informal — close friends/family only)	NOOV-voo	pronoun	Pronouns & Demonstratives		nuvvu vidyārthivi.	2	site,anki,book1000	nuvvu	merged-misprint multi-gloss	also: you (informal) · book1000 prints this as నువ్వ (nuvva) — treated as a misprint
W0003	మీరు	mīru	you (formal / plural — the safe default)	MAY-roo	pronoun	Pronouns & Demonstratives		mīru ṭīcharu.	3	site,anki,book1000,top1000	mīru	multi-gloss	also: you (formal/plural); You (Respect); you
W0004	తన	tana	own (his/her own — points back to the subject)		grammar			vāḍu tana nānna lāgā māṭlāḍtāḍu	3	site,top1000	tana	multi-gloss override	"Contrast atani ""his"" = someone else's. Ravi tana pustakaṁ = his own book; Ravi atani pustakaṁ = someone else's."
W0005	అతను	atanu	he (neutral — the default form)	UH-tuh-noo	pronoun	Pronouns & Demonstratives		atanu vidyārthi.	4	site,anki,top1000	atanu	multi-gloss	also: he (informal); he
W0006	ఆయన	āyana	he (formal — to/about an elder)	AA-yuh-nuh	pronoun	Pronouns & Demonstratives		āyana ṭīcharu.	5	site,anki	āyana	multi-gloss	also: he (respectful)
W0007	ఆమె	āme	she (neutral — the default form)	AA-may	pronoun	Pronouns & Demonstratives		āme vidyārthi.	6	site,anki,book1000,top1000	āme	multi-gloss	also: she (informal); She
W0008	ఆవిడ	āviḍa	she (formal — to/about an elder)	AA-vih-duh	pronoun	Pronouns & Demonstratives		āviḍa ṭīcharu.	7	site,anki	āviḍa	multi-gloss	also: she (respectful)
W0009	మేము	mēmu	we (exclusive — not the listener)	MAY-moo	pronoun	Pronouns & Demonstratives		mēmu vidyārthulamu.	8	site,anki,book1000,top1000	mēmu	multi-gloss	also: we (exclusive); We
W0010	మనము	manamu	we (inclusive — includes the listener)	MUH-nuh-moo	pronoun	Pronouns & Demonstratives		manam vidyārthulamu.	9	site,anki	manamu	multi-gloss	also: we (inclusive)
W0011	వాళ్ళు	vāḷḷu	they (people)	VAHL-loo	pronoun	Pronouns & Demonstratives		vāḷḷu vidyārthulu.	10	site,anki	vāḷḷu	merged-misprint multi-gloss	also: they · site prints this as వీళ్ళు (vīḷḷu) — treated as a misprint
W0012	ఇది	idi	this / it — the near form of adi; which	IH-dih	pronoun-demonstrative	Pronouns & Demonstratives		idi kāru.	11	site,anki,book1000,top1000	idi	multi-gloss	also: this; It
W0013	అది	adi	it / she (informal) — that one	UH-dih	pronoun-demonstrative	Pronouns & Demonstratives		adi kāru.	12	site,anki	adi	multi-gloss	also: that
W0014	ఇవి	ivi	these (objects / non-human — near form of avi)	IH-vih	pronoun-demonstrative	Pronouns & Demonstratives		ivi kārlu.	13	site,anki	ivi	multi-gloss	also: these
W0015	అవి	avi	they (things / non-human)	UH-vih	pronoun-demonstrative	Pronouns & Demonstratives		avi kārlu.	14	site,anki	avi	multi-gloss	also: those
W0016	నా	nā	my (before a noun)	NAA	possessive	Pronouns & Demonstratives		nā pēru Raj.	18	site,anki,top1000	nā	multi-gloss	also: my
W0017	మీ	mī	your (formal / plural — the safe default)	MAY	possessive	Pronouns & Demonstratives		mī pēru ēmiṭi?	19	site,anki,top1000	mī	multi-gloss	also: your (formal); your
W0018	వాళ్ళ	vāḷḷa	their (people)	VAHL-luh	possessive	Pronouns & Demonstratives		vāḷḷa pērlu.	20	site,anki	vāḷḷa	multi-gloss	also: their
W0019	ఏమి	ēmi	what	AY-mih	grammar	Question Words		ēmi jarigindi?	21	site,anki,top1000	ēmi		
W0020	ఎవరు	evaru	who	AY-vuh-roo	grammar	Question Words		evaru vastunnāru?	23	site,anki,top1000,book1000	evaru	merged-misprint	book1000 prints this as ఎవరు? (evaru?) — treated as a misprint
W0021	ఎంత	enta	how much	EN-tuh	question-word	Question Words		idi enta?	30	site,anki,book1000	enta	merged-misprint	book1000 prints this as ఎంత? (enta?) — treated as a misprint
W0022	లేదు	lēdu	no — it doesn't exist / isn't there / I don't have it	LAY-doo	negation	Essential Verbs Existence & State	ఉండు	lēdandi.	38	site,anki	lēdu	multi-gloss verbform	negPast of ఉండు · also: no / not / doesn't exist; no
W0023	కాదు	kādu	no — it is not (negating a statement)	KAA-doo	negation	Essential Verbs Existence & State		idi kāru kādu.	40	site,anki,book1000	kādu	multi-gloss	also: is not / no (emphatic); No
W0024	అన్నయ్య	annayya	elder brother (shortens to anna)		noun-family			mā annayya ḍākṭar.	40	site,book1000	annayya	multi-gloss	also: Elder brother
W0025	అవును	avunu	yes	UH-voo-noo	response	Essential Verbs Existence & State		avunandi.	41	site,anki,book1000,top1000	avunu		
W0026	వద్దు	vaddu	no — I don't want it (declining)	VUHD-doo	negation	Essential Verbs Existence & State		vaddandi, thanks aṇḍi.	43	site,anki	vaddu	multi-gloss	also: don't want
W0027	చేసాను	chēsānu	I did	CHASE-aa-noo	other	Essential Verbs Existence & State	చేయి	block — chālā pani chēsānu	46	site,anki	chēsānu	inflected multi-gloss verbform	past of చేయి · also: I did (past)
W0028	రా	rā	come (base verb — becomes raṇḍi with aṇḍi)	RAA	verb	Core Motion Verbs	రా	rā + aṇḍi → raṇḍi	56	site,anki	rā	multi-gloss verbform	impFam of రా · also: to come; dude / hey (casual male); to come (base)
W0029	వస్తాను	vastānu	"goodbye (lit. ""I'll come back"")"	VUHS-taa-noo	formula	Core Motion Verbs	రా	vastānandi.	57	site,anki	vastānu	inflected multi-gloss verbform	future of రా · also: I will come; I will come (future)
W0030	రండి	raṇḍi	please come in / welcome (colloquial)	RUHN-dih	formula	Core Motion Verbs	రా	raṇḍi, raṇḍi.	60	site,anki	raṇḍi	inflected multi-gloss verbform	impPol of రా · also: please come (formal)
W0031	చాలు	chālu	enough (stopping more food)		other			chālu, chālā bāgundi	61	site,top1000	chālu	multi-gloss	also: put
W0032	పడు	paḍu	to fall	PUH-doo	verb	Core Motion Verbs		eduru paḍu — to run into	73	site,anki	paḍu	multi-gloss	also: to lie down / fall; to fall (base)
W0033	తిన్నాను	tinnānu	I've eaten; I ate	TIHN-naa-noo	other	Daily Activity Verbs	తిను	block — Lesson 9 explains it	78	site,anki	tinnānu	inflected multi-gloss verbform	past of తిను · also: I ate (past)
W0034	చూడు	chūḍu	to see, to look	CHOO-doo	verb	Daily Activity Verbs	చూడు	chūstunnāḍu — he's looking	85	site,anki	chūḍu	multi-gloss verbform	"impFam of చూడు · also: to see / look; look / see (filler, ""see..."")"
W0035	విను	vinu	to hear, to listen	VIH-noo	verb	Daily Activity Verbs	విను	vinaḍu — he doesn't listen	90	site,anki,top1000	vinu	multi-gloss verbform	impFam of విను · also: to hear / listen; hear
W0036	కొంచెం	koncheṁ	a little, somewhat		other			konchaṁ kaṣṭaṁ	93	site,book1000,anki	konchaṁ	merged-misprint multi-gloss	also: Little · anki prints this as కొంచం (konchaṁ) — treated as a misprint
W0037	సరే	sarē	okay; Well		response			sarē aṇḍi.	94	site,book1000	sarē		
W0038	తెలుసు	telusu	to be known (I know)	TEH-loo-soo	verb	Daily Activity Verbs		nāku telusu — I know	104	site,anki,top1000	telusu / teliyadu	multi-gloss	also: to know; to know (base); know; knew
W0039	అడుగు	aḍugu	step, foot; to ask	UH-doo-goo	noun	Daily Activity Verbs		aḍugu kalipi	111	site,anki,top1000	aḍugu	multi-gloss	also: ask; step; foot
W0040	అయ్యింది	ayyindi	it got done, it happened	EYE-yihn-dih	other	Verb Drill		chālā pani ayyindi	113	site,anki	ayyindi	inflected multi-gloss	also: it happened (past)
W0041	నవ్వు	navvu	smile, laugh	NUH-voo	noun	Daily Activity Verbs		adi navvitē	119	site,anki,book1000,top1000	navvu	multi-gloss	also: to laugh; Smile; laugh
W0042	జరుగు	jarugu	to happen	JUH-roo-goo	verb	Verb Drill		ēmi jariginā	121	site,anki	jarugu	multi-gloss	also: to happen / occur (base)
W0043	మా	mā	"our (before a noun — also ""my"" for close family)"		possessive			mā amma pēru Sunita.	124	site,top1000	mā	multi-gloss	also: our
W0044	ఆశ	āśa	hope, desire	AA-shuh	noun	Emotional & Mental Verbs		āśa karugunā	129	site,anki	āśa	multi-gloss	also: hope / wish
W0045	మలుపు	malupu	turning point; turn		poetic			kṣaṇamoka malupu	139	site,top1000	malupu		
W0046	కష్టం	kaṣṭaṁ	difficult, hard; difficulty / hardship	KUSHH-tuhm	other	Emotional & Mental Verbs		konchaṁ kaṣṭaṁ	143	site,anki,top1000	kaṣṭaṁ	multi-gloss	also: difficult
W0047	మంచిది	manchidi	good — nice, noble, morally good	MUHN-chih-dih	adjective	Common Adjectives		manchidi.	146	site,anki	manchidi	multi-gloss	also: good
W0048	మంచి	manchi	good (before a noun)	MUHN-chih	other	Common Adjectives		oka manchi pani	147	site,anki,book1000,top1000	manchi	multi-gloss	also: good (attributive); Good; better
W0049	పెద్ద	pedda	big, elder; large	PED-duh	adjective	Common Adjectives		pedda + amma → peddamma	149	site,anki,top1000	pedda	multi-gloss	also: big
W0050	చిన్న	chinna	small, young; little	CHIHN-nuh	adjective	Common Adjectives		chinna + nāna → chinnāna	150	site,anki,top1000	chinna	multi-gloss	also: small; short; tiny
W0051	ఎక్కువ	ekkuva	a lot, excessive (of quantity)	EK-koo-vuh	other	Common Adjectives		not “bad” — Telugu counts traffic	163	site,anki	ekkuva	multi-gloss	also: more / much
W0052	మొదటి	modaṭi	first (irregular)		ordinal			modaṭi pāṭhaṁ.	193	site,top1000,anki	modaṭi	merged-misprint multi-gloss	also: first · anki prints this as మొదట (modaṭa) — treated as a misprint
W0053	ఒక	oka	a / an (indefinite — optional, for emphasis)	OH-kuh	numeral-determiner	Common Adjectives		oka vidyārthi.	195	site,anki,top1000	oka	multi-gloss	also: a / an / one (article); a; an
W0054	ఈ రోజు	ī rōju	today	EE ROH-joo	other	Time Words		ī rōju bāgundi	202	site,anki,book1000	ī rōju	merged-misprint phrase	book1000 prints this as ఈరోజు (īrōju) — treated as a misprint
W0055	నిమిషం	nimiṣaṁ	minute	NIH-mih-shuhm	noun	Time Words		oka nimiṣaṁ!	212	site,anki,top1000	nimiṣaṁ		
W0056	ఒకటి	okaṭi	"one (standalone — ""oka"" before a noun)"	OH-kuh-tih	numeral	Numbers		okaṭi ivvaṇḍi.	239	site,anki,top1000	okaṭi	multi-gloss	also: one
W0057	రెండు	reṇḍu	two; both	REN-doo	numeral	Numbers		reṇḍu kārlu.	240	site,anki,top1000	reṇḍu		
W0058	మూడు	mūḍu	three	MOO-doo	numeral	Numbers		mūḍu pustakālu.	241	site,anki,top1000	mūḍu		
W0059	నాలుగు	nālugu	four	NAA-loo-goo	numeral	Numbers		nālugu.	242	site,anki,top1000	nālugu		
W0060	ఐదు	aidu	five	EYE-doo	numeral	Numbers		aidu rūpāyalu.	243	site,anki,top1000	aidu		
W0061	ఆరు	āru	six	AA-roo	numeral	Numbers		āru.	244	site,anki,top1000	āru		
W0062	ఏడు	ēḍu	seven	AY-doo	numeral	Numbers		ēḍu.	245	site,anki,top1000	ēḍu		
W0063	ఎనిమిది	enimidi	eight	EH-nih-mih-dih	numeral	Numbers		enimidi.	246	site,anki,top1000	enimidi		
W0064	తొమ్మిది	tommidi	nine	TOHM-mih-dih	numeral	Numbers		tommidi.	247	site,anki,top1000	tommidi		
W0065	పది	padi	ten	PUH-dih	numeral	Numbers		padi mandi.	248	site,anki,top1000	padi		
W0066	పదకొండు	padakoṇḍu	eleven	PUH-dih-KOHN-doo	numeral	Numbers		padakoṇḍu.	249	site,anki	padakoṇḍu		
W0067	పన్నెండు	panneṇḍu	twelve	PUHN-nen-doo	numeral	Numbers		panneṇḍu.	250	site,anki	panneṇḍu		
W0068	ఇరవై	iravai	twenty (20)	IH-ruh-vye	numeral	Numbers		nā vayasu iravai.	251	site,anki,top1000	iravai	multi-gloss	also: twenty; 20
W0069	ముప్పై	muppai	thirty (30)	MOOP-pye	numeral	Numbers		nā vayasu muppai.	252	site,anki	muppai	multi-gloss	also: thirty
W0070	నలభై	nalabhai	forty	NUH-luh-bhye	numeral	Numbers		nā vayasu nalabhai.	253	site,anki	nalabhai		
W0071	యాభై	yābhai	fifty	YAA-bhye	numeral	Numbers		yābhai rūpāyalu.	254	site,anki	yābhai		
W0072	అరవై	aravai	sixty	UH-ruh-vye	numeral	Numbers		aravai.	255	site,anki	aravai		
W0073	డెబ్బై	ḍebbai	seventy	DEB-bhye	numeral	Numbers		ḍebbhai.	256	site,anki	ḍebbhai		
W0074	ఎనభై	enabhai	eighty	EH-nuh-bhye	numeral	Numbers		enabhai.	257	site,anki	enabhai		
W0075	తొంభై	tombhai	ninety	TOHM-bhye	numeral	Numbers		tombhai tommidi = 99.	258	site,anki	tombhai		
W0076	వెనక	venaka	behind	VEH-nuh-kuh	grammar	Location & Direction		tana venakāle	268	site,anki	venaka		
W0077	ఇంట్లో	iṇṭlō	at home, in the house	IHNT-loh	other	Location & Direction		intlō antā bāgunnārā?	278	site,anki	intlō	multi-gloss	also: at home / in the house
W0078	ఊరు	ūru	town / hometown	OO-roo	noun	Location & Direction		mā ūru Hyderabad.	292	site,anki	ūru	multi-gloss	also: town / village
W0079	దేశం	dēśaṁ	country; nation	DAY-shuhm	noun	Location & Direction		mādi Bhārata Dēśam.	294	site,anki,top1000	dēśam		
W0080	మనిషి	maniṣi	person / human being; man	MUH-nih-shih	noun	People & Family		nēnu manishini.	296	site,anki,top1000	manishi	multi-gloss	also: person
W0081	కారు	kāru	car (loanword)		noun			idi kāru.	297	site,top1000	kāru	inflected multi-gloss	also: car
W0082	అమ్మ	amma	"mother (say ""mā amma"" for ""my mother"")"	UHM-muh	noun-family	People & Family		mā amma pēru Sunita.	298	site,anki,book1000	amma	multi-gloss	also: mother
W0083	నాన్న	nānna	"father (say ""mā nāna"" for ""my father"")"	NAAN-nuh	noun-family	People & Family		mā nāna pēru John.	299	site,anki,book1000	nāna	multi-gloss	also: father; Dad
W0084	భార్య	bhārya	wife	BHAAR-yuh	noun-family	People & Family		nā bhārya pēru Namrata.	300	site,anki,top1000	bhārya		
W0085	భర్త	bharta	husband	BUHR-thuh	noun-family	People & Family		nā bharta oka ṭīcharu.	301	site,anki	bharta		
W0086	పిల్లలు	pillalu	children (collective)	PIHL-luh-loo	noun-family	People & Family		mā pillalu vidyārthulu.	302	site,anki,book1000,top1000	pillalu	multi-gloss	also: children
W0087	అబ్బాయి	abbāyi	boy	UHB-baa-yih	noun	People & Family		nēnu abbāyini.	303	site,anki	abbāyi	inflected multi-gloss	also: boy / son
W0088	అమ్మాయి	ammāyi	girl	UHM-maa-yih	noun	People & Family		nēnu ammāyini.	304	site,anki,top1000	ammāyi	inflected multi-gloss	also: girl / daughter
W0089	అక్క	akka	elder sister	UHK-kuh	noun-family	People & Family		mā akka vidyārthi.	306	site,anki,book1000	akka		
W0090	తమ్ముడు	tammuḍu	younger brother	TUHM-moo-doo	noun-family	People & Family		mā tammuḍu vidyārthi.	307	site,anki,book1000	tammuḍu		
W0091	నానమ్మ	nānamma	paternal grandmother (father's mother)	NUHN-nuhm-muh	noun-family	People & Family		mā nānamma gāru.	310	site,anki	nānamma	multi-gloss	also: grandmother (paternal)
W0092	అమ్మమ్మ	ammamma	maternal grandmother (mother's mother)	UHM-muhm-muh	noun-family	People & Family		mā ammamma gāru.	311	site,anki,book1000	ammamma	multi-gloss	also: grandmother (maternal); Grandmother
W0093	అత్త	atta	father's sister (any age) — also mother-in-law	UHT-thuh	noun-family	People & Family		mā atta gāru.	313	site,anki	atta	multi-gloss	also: aunt (in-law)
W0094	స్నేహితుడు	snēhituḍu	friend (male)	SNAY-hih-too-doo	noun	People & Family		nā snēhituḍu vidyārthi.	314	site,anki,top1000	snēhituḍu	multi-gloss	also: friend
W0095	స్నేహితురాలు	snēhiturālu	friend (female)	SNAY-hih-too-RAA-loo	noun	People & Family		nā snēhiturālu vidyārthi.	315	site,anki	snēhiturālu		
W0096	డాక్టర్	ḍākṭar	doctor (loanword — the everyday choice)	DAAK-tuhr	noun-profession	People & Family		nā ḍākṭar pēru Sophia.	321	site,anki,top1000	ḍākṭaru	multi-gloss	also: doctor
W0097	వయసు	vayasu	age	VUH-yuh-soo	noun	People & Family		nā vayasu iravai.	328	site,anki	vayasu		
W0098	పేరు	pēru	name (long ē — not like the country Peru)	PAY-roo	noun	People & Family		nā pēru Raj.	329	site,anki,top1000	pēru	multi-gloss	also: name; where
W0099	పూర్తి	pūrti	completed, finished; complete		other			pūrti ayyindi	333	site,top1000	pūrti	multi-gloss	also: full
W0100	తల	tala	head	TUH-luh	noun	Body & Senses		tala etti chūḍu	341	site,anki,book1000,top1000	tala		
W0101	భుజం	bhujaṁ	shoulder	BHOOJ-uhm	noun	Body & Senses		kuḍi bhujaṁ mīda	358	site,anki,top1000	bhujaṁ		
W0102	బంగారు	bangāru	gold, golden (also a pet name)		noun			baṅgāru bomma	373	site,top1000,anki	baṅgāru	inflected merged-misprint multi-gloss	also: gold · anki prints this as బంగారం (bangāraṁ) — treated as a misprint
W0103	మనసు	manasu	heart, mind		noun			manasē karaga lēdu	444	site,top1000	manasu	multi-gloss	also: mind
W0104	వంద	vanda	hundred		numeral			vanda rūpāyalu.	457	site,top1000	vanda		
W0105	కానీ	kānī	but	KAA-nee	other	Postpositions & Connectors		kāni ṭrāphik ekkuva undi	467	site,anki,top1000	kāni		
W0106	వర్షం	varṣaṁ	rain		noun			varṣaṁ vastundi	494	site,top1000	varṣaṁ		
W0107	నమస్కారం	namaskāraṁ	"a greeting — ""hello / greetings"""	nuh-muh-SKAA-ruhm	formula	Common Phrases & Greetings		namaskāraṁ aṇḍi.	501	site,anki	namaskāraṁ	multi-gloss	also: hello / greetings
W0108	ధన్యవాదాలు	dhanyavādālu	thank you; Thanks	DHUHN-yuh-VAA-daa-loo	formula	Common Phrases & Greetings		dhanyavādālu.	504	site,anki,book1000,top1000	dhanyavādālu	multi-gloss	also: thank
W0109	క్షమించండి	kṣaminchaṇḍi	"sorry (lit. ""forgive me"")"	KSHUH-mihn-chuhn-dih	formula	Common Phrases & Greetings		kṣaminchandi.	508	site,anki	kṣaminchandi	inflected multi-gloss	also: please forgive
W0110	పద	pada	let's go	PUH-dhuh	verb	Common Phrases & Greetings		padaṇḍi.	518	site,anki	pada	multi-gloss	also: come on / let's go
W0111	దయచేసి	dayachēsi	please (rare — politeness usually goes in the suffix)	DUH-yuh-CHAY-sih	formula	Common Phrases & Greetings		"raṇḍi (not ""dayacēsi raṇḍi"")"	525	site,anki,book1000,top1000	dayacēsi	multi-gloss	also: please (native Telugu); Please
W0112	అల	ala	wave		noun			alalu alisi	538	site,top1000	ala		
W0113	రంగు	rangu	colour; color	RUHN-goo	noun	Colors		rangu lēni	551	site,anki,book1000,top1000	rangu		
W0114	వేసవి	vēsavi	summer		noun			vēsavilō	557	site,top1000	vēsavi		
W0115	పని	pani	work, task	PUH-nih	other	Work & Technology		chālā pani undi	586	site,anki,top1000	pani	multi-gloss	also: work
W0116	తిరుగు	tirugu	to turn, to roam	TIH-roo-goo	verb	Transport & Travel		tirigi — having turned	655	site,anki	tirugu	multi-gloss	also: to roam / wander
W0117	క్షణం	kṣaṇaṁ	moment		noun			ā kṣaṇaṁ	660	site,top1000	kṣaṇaṁ		
W0118	ఆగు	āgu	to stop; wait (casual/Hyd)	AA-goo	verb	Transport & Travel	ఆగు	āgunā? — would it stop?	660	site,anki	āgu	verbform	impFam of ఆగు
W0119	దారి	dāri	way, road, route; lead	DAA-rih	other	Transport & Travel		dārilō — on the way	662	site,anki,top1000	dāri	multi-gloss	also: way / path
W0120	బాగుంది	bāgundi	good — fine, going well (food, trips, states)	BAA-goon-dih	adjective	Feelings & States		bāgundi aṇḍi.	701	site,anki	bāgundi	inflected multi-gloss	also: it's good / is fine; it's good
W0121	బాగున్నాను	bāgunnānu	I am fine	BAA-goon-naa-noo	formula	Feelings & States		nēnu bāgunnānu.	702	site,anki	bāgunnānu	inflected	
W0122	విద్యార్థి	vidyārthi	student		noun			Raj vidyārthi.	772	site,top1000	vidyārthi		
W0123	పాట	pāṭa	song	PAA-tuh	noun	Abstract & Common Nouns		pelli pāṭa pāḍē	796	site,anki,top1000	pāṭa		
W0124	కలుపు	kalupu	to join, to mix	KUH-loo-poo	verb	Useful Action Verbs		aḍugu kalipi	810	site,anki	kalupu	multi-gloss	also: to mix / join
W0125	పరవాలేదు	paravālēdu	it's okay / no problem	puhr-VAA-lay-doo		Social & Polite Expressions			848	anki,book1000,site	parvaalEdu	merged-misprint multi-gloss	also: It's okay · site prints this as పర్వాలేదు (parvālēdu) — treated as a misprint
W0126	స్వాగతం	svāgataṁ	welcome (formal — banners and speeches)	SWAA-guh-thuhm	formula	Social & Polite Expressions		svāgataṁ aṇḍi.	858	site,anki	svāgataṁ	multi-gloss	also: welcome (Telugu)
W0127	అసలు	asalu	at all, really; original		grammar			asalu vinaḍu	865	site,top1000	asalu		
W0128	దునియా	duniyā	world (Urdu)	doo-NIH-yaa	urdu	Hyderabadi Specials & Slang		mogōḷḷa duniyā	873	site,anki	duniyā		
W0129	పెళ్ళి	peḷḷi	wedding	PEL-lih	noun	Remaining High-Utility Words		pelli pāṭa	945	site,anki	pelli		
W0130	కల	kala	dream	KUH-luh	noun	Practical Daily Nouns		kalalu — dreams	1081	site,anki	kala		
W0131	బొమ్మ	bomma	doll; Picture	BOHM-muh	noun	Practical Daily Nouns		the Telugu word for guḍiyā	1087	site,anki,book1000	bomma	multi-gloss	also: picture / doll
W0132	వాడు	vāḍu	he (informal — intimates only, caution)		pronoun			vāḍu vidyārthi.		site	vāḍu	inflected	
W0133	ఈయన	īyana	he (formal, nearby — near form of āyana)		pronoun			īyana ṭīcharu.		site	īyana		
W0134	ఇతను	itanu	he (neutral, nearby — near form of atanu)		pronoun			itanu vidyārthi.		site	itanu		
W0135	వీడు	vīḍu	he (informal, nearby — near form of vāḍu)		pronoun			vīḍu vidyārthi.		site	vīḍu		
W0136	ఈవిడ	īviḍa	she (formal, nearby — near form of āviḍa)		pronoun			īviḍa ṭīcharu.		site	īviḍa		
W0137	ఈమె	īme	she (neutral, nearby — near form of āme)		pronoun			īme vidyārthi.		site	īme		
W0138	విద్యార్థులు	vidyārthulu	students (plural)		noun			vāḷḷu vidyārthulu.		site	vidyārthulu		
W0139	టీచర్	ṭīchar	teacher (loanword)		noun			mīru ṭīcharu.		site	ṭīcharu		
W0140	మొగుడు	moguḍu	man (course form — see rule 04; Lesson 4 confirms this means “husband”)		noun-family			nā moguḍu enjinīr.		site	moguḍu		
W0141	ఆడది	āḍadi	woman		noun			nēnu āḍadini.		site	āḍadi		
W0142	ఉపాధ్యాయుడు	upādhyāyuḍu	teacher (male, formal Telugu form)		noun-profession			nēnu upādhyāyuḍini.		site	upādhyāyuḍu		
W0143	ఉపాధ్యాయురాలు	upādhyāyurālu	teacher (female, formal Telugu form)		noun-profession			nēnu upādhyāyurālini.		site	upādhyāyurālu		
W0144	వైద్యుడు	vaidyuḍu	doctor (male, formal Telugu form)		noun-profession			āyana oka vaidyuḍu.		site	vaidyuḍu		
W0145	వైద్యురాలు	vaidyurālu	doctor (female, formal Telugu form)		noun-profession			āme oka vaidyurālu.		site	vaidyurālu		
W0146	న్యాయవాది	nyāyavādi	lawyer		noun-profession			nēnu nyāyavādini.		site	nyāyavādi		
W0147	అభియంత	abhiyanta	engineer (Telugu form — recognise only, never used in speech)		noun-profession			nēnu enjinīrni.		site	abhiyanta		
W0148	నాది	nādi	mine (stands alone)		possessive			nādi oka kāru.		site	nādi		
W0149	మాది	mādi	ours (stands alone — used for hometown)		possessive			mādi Hyderabad.		site	mādi		
W0150	సొంత ఊరు	sonta ūru	native place (own town)		phrase			mā sonta ūru Hyderabad.		site	sonta ūru	phrase	
W0151	భారత దేశం	bhārata dēśaṁ	"India (ancient name + ""country"")"		proper-noun			mādi Bhārata Dēśam.		site	Bhārata Dēśam	phrase	
W0152	భారతీయుడు	bhāratīyuḍu	Indian (male)		noun			nēnu bhāratīyuḍini.		site	bhāratīyuḍu		
W0153	భారతీయురాలు	bhāratīyurālu	Indian (female)		noun			nēnu bhāratīyurālini.		site	bhāratīyurālu		
W0154	మాతృభాష	mātṛbhāṣa	mother tongue		noun			mā mātṛbhāṣa Telugu.		site	mātṛbhāṣa		
W0155	థాంక్స్ అండి	thānks aṇḍi	thank you (colloquial hybrid — the everyday choice)		formula			thanks aṇḍi.		site	thanks aṇḍi	english-respelled inflected phrase	
W0156	శభాష్	śabhāṣ	well done / congratulations		formula			śabhāṣ!		site	śabhāṣ		
W0157	బాగున్నారా	bāgunnārā	"how are you? (lit. ""are you fine?"")"		formula			mīru bāgunnārā?		site	bāgunnārā		
W0158	ఇదిగో	idigō	here you go (handing something over)		formula			idigōṇḍi.		site	idigō		
W0159	రాదు	rādu	"doesn't come — used for ""I don't know [a language]"""		verb-negative		రా	Telugu rādu.		site	rādu	verbform	negFuture of రా
W0160	తెలుసా	telusā	do you know?		question			English telusā?		site	telusā		
W0161	చెల్లి	chelli	younger sister		noun-family			mā chelli ammāyi.		site	chelli		
W0162	తాత	tāta	grandfather (either side)		noun-family			mā tāta gāru.		site	tāta		
W0163	గారు	gāru	honorific suffix for people (respect)		honorific			Raj gāru.		site	gāru	inflected	
W0164	మామయ్య	māmayya	mother's brother (any age)		noun-family			mā māmayya enjinīr.		site	māmayya		
W0165	పెద్దమ్మ	peddamma	"mother's ELDER sister (lit. ""elder mother"")"		noun-family			mā peddamma gāru.		site	peddamma		
W0166	పిన్ని	pinni	mother's YOUNGER sister		noun-family			mā pinni ṭīcharu.		site	pinni		
W0167	పెద్దనాన్న	peddanānna	"father's ELDER brother (lit. ""elder father"")"		noun-family			mā peddanāna gāru.		site	peddanāna		
W0168	చిన్నాన్న	chinnānna	"father's YOUNGER brother (lit. ""younger father"")"		noun-family			mā chinnāna vaidyuḍu.		site	chinnāna		
W0169	పెళ్ళాం	peḷḷāṁ	wife (colloquial — bhārya is the formal word)		noun-family			nā pellām ṭīcharu.		site	pellām		
W0170	మామ గారు	māma gāru	father-in-law (either side)		noun-family			mā māma gāru.		site	māma gāru	inflected phrase	
W0171	కూతురు	kūturu	daughter		noun-family			mā kūturu vidyārthi.		site	kūturu		
W0172	కొడుకు	koḍuku	son		noun-family			mā koḍuku abbāyi.		site	koḍuku		
W0173	అల్లుడు	alluḍu	son-in-law		noun-family			nēnu alluḍini.		site	alluḍu		
W0174	కోడలు	kōḍalu	daughter-in-law		noun-family			mā kōḍalu ḍākṭar.		site	kōḍalu		
W0175	మనవలు	manavalu	grandchildren (collective)		noun-family			mā manavalu.		site	manavalu		
W0176	మనవడు	manavaḍu	grandson (variant: manumaḍu)		noun-family			mā manavaḍu vidyārthi.		site	manavaḍu		
W0177	మనవరాలు	manavarālu	granddaughter (variant: manumarālu)		noun-family			mā manavarālu ammāyi.		site	manavarālu		
W0178	మన	mana	our — INCLUDING the listener		possessive			mana pērlu.		site	mana		
W0179	నీ	nī	your (informal — close friends, younger people)		possessive			nī pēru ēnti?		site	nī		
W0180	అతని	atani	his (neutral — the default form)		possessive			atani pēru Sanjay.		site	atani		
W0181	వాడి	vāḍi	his (informal — intimates only)		possessive			vāḍi pēru Peter.		site	vāḍi		
W0182	దాని	dāni	her (informal) / its		possessive			dāni pēru Gita.		site	dāni		
W0183	వాటి	vāṭi	their (objects / non-human)		possessive			vāṭi pērlu.		site	vāṭi		
W0184	ఏమిటి	ēmiṭi	what (colloquially ēnti)		question-word			mī pēru ēmiṭi?		site	ēmiṭi		
W0185	పేర్లు	pērlu	names (plural of pēru)		noun			vāḷḷa pērlu.		site	pērlu		
W0186	సున్నా	sunnā	zero		numeral			sunnā.		site	sunnā		
W0187	వెయ్యి	veyyi	thousand		numeral			reṇḍu vēlu = 2,000.		site	veyyi		
W0188	లక్ష	lakṣa	lakh — 100,000 (written 1,00,000)		numeral			reṇḍu lakṣalu.		site	lakṣa		
W0189	కోటి	kōṭi	crore — 10,000,000 (written 1,00,00,000)		numeral			oka kōṭi.		site	kōṭi		
W0190	రూపాయలు	rūpāyalu	rupees		noun			yābhai rūpāyalu.		site	rūpāyalu		
W0191	పదమూడు	padamūḍu	thirteen		numeral			padamūḍu.		site	padamūḍu		
W0192	పద్నాలుగు	padnālugu	fourteen		numeral			padnālugu.		site	padnālugu		
W0193	పదిహేను	padihēnu	fifteen		numeral			padihēnu.		site	padihēnu		
W0194	పదహారు	padahāru	sixteen		numeral			padahāru.		site	padahāru	inflected	
W0195	పదిహేడు	padihēḍu	seventeen		numeral			padihēḍu.		site	padihēḍu		
W0196	పద్దెనిమిది	paddenimidi	eighteen		numeral			paddenimidi.		site	paddenimidi		
W0197	పంతొమ్మిది	pantommidi	nineteen		numeral			pantommidi.		site	pantommidi		
W0198	ఒకరు	okaru	one person (not okaṭi)		numeral-human			okaru mātramē.		site	okaru		
W0199	ఇద్దరు	iddaru	two people		numeral-human			iddaru vidyārthulu.		site	iddaru		
W0200	ముగ్గురు	mugguru	three people		numeral-human			mugguru.		site	mugguru		
W0201	నలుగురు	naluguru	four people		numeral-human			naluguru.		site	naluguru		
W0202	ఐదుగురు	aiduguru	five people		numeral-human			aiduguru.		site	aiduguru		
W0203	మంది	mandi	people (counter word — use with larger numbers)		numeral-human			padi mandi.		site	mandi		
W0204	రెండవ / రెండో	reṇḍava / reṇḍō	second (pattern: number + -ava / -ō)		numeral			reṇḍō roju.		site	reṇḍava / reṇḍō	phrase	
W0205	మీరు ఎట్ల ఉన్నారు?	mīru eṭla unnāru?	How are you? (respectful)		other			always return the question		site	mīru eṭla unnāru?	phrase	
W0206	అత్తయ్య	attayya	aunty / mother-in-law (address)		other			bāgundi attayya		site	attayya		
W0207	ఇంకా లేదు	inkā lēdu	not yet		other			inkā tinalēdu		site	inkā lēdu	phrase	
W0208	ఆఫీసులో	āphīsulō	at the office		other			āphīsulō chālā pani undi		site	āphīsulō		
W0209	అంతా	antā	everyone, all		other			intlō antā		site	antā		
W0210	అలిసిపోయాను	alisipōyānu	I'm tired		other			block — konchaṁ alisipōyānu		site	alisipōyānu	inflected	
W0211	ఎట్ల గడిచింది?	eṭla gaḍichindi?	How did it go? (of a day)		other			mī rōju eṭla gaḍichindi?		site	eṭla gaḍichindi?	phrase	
W0212	తిన్నారా?	tinnārā?	Have you eaten?		other			recognise it, don't just answer		site	tinnārā?		
W0213	లాగా	lāgā	like, as		grammar			varṣaṁlā — like rain		site	lāga / -lā	bound-suffix	
W0214	ఏమి జరిగినా	ēmi jariginā	whatever happens		grammar			fixed phrase		site	ēmi jariginā	phrase	
W0215	ఎపుడూ	epuḍū	always, ever		grammar			epuḍū manasulō		site	epuḍū		
W0216	తాను	tānu	himself, herself		grammar			tānē vachchāḍu		site	tānu	inflected	
W0217	పై	pai	on, upon		grammar			tanapai — on him		site	-pai	bound-suffix	
W0218	అలుపు	alupu	tiredness		noun			alupu lēdu		site	alupu		
W0219	గెలుపు	gelupu	victory, winning		noun			kadilitē gelupu		site	gelupu		
W0220	దిశ	diśa	direction		noun			diśalu reṇḍu		site	diśa		
W0221	దినుసు	dinusu	grain, ingredient		noun			dinusē nalaga lēdu		site	dinusu		
W0222	తాకు	tāku	to touch		verb			tāki — having touched		site	tāku		
W0223	ఎత్తు	ettu	to lift, to raise		verb			tala etti		site	ettu		
W0224	కరుగు	karugu	to melt, to dissolve		verb			manasu karagalēdu		site	karugu		
W0225	అరుగు	arugu	to wear away		verb			arigi pōyinā		site	aragu		
W0226	ఎరుగు	erugu	to know (be aware of)		verb			alupu eragaka		site	erugu		
W0227	గగనము	gaganamu	sky (literary)		poetic			use ākāśaṁ instead		site	gaganamu		
W0228	నింగి	ningi	sky (poetic native)		poetic			use ākāśaṁ instead		site	ningi		
W0229	తపన	tapana	yearning, longing		poetic			vadalani tapana		site	tapana		
W0230	వలపు	valapu	love, affection (literary)		poetic			use prēma instead		site	valapu		
W0231	పయనం	payanaṁ	journey (literary)		poetic			use prayāṇaṁ instead		site	payanaṁ		
W0232	సహజ గుణము	sahaja guṇamu	innate nature		poetic			Sanskrit compound		site	sahaja guṇamu	phrase	
W0233	పెనుతాపం	penutāpaṁ	great heat		poetic			vēsavilō penutāpaṁ		site	penutāpaṁ		
W0234	సన్నాయి	sannāyi	shehnai (wind instrument)		poetic			wedding music		site	sannāyi	inflected	
W0235	డోలు	ḍōlu	drum		poetic			sannāyi ḍōlu		site	ḍōlu		
W0236	తిరగలి	tiragali	grindstone		poetic			tiragali lāga		site	tiragali		
W0237	చతికిలపడు	chatikilapaḍu	to collapse flat		poetic			spelling varies		site	chatikilapaḍu		
W0238	కలవర పడు	kalavara paḍu	to be flustered		poetic			literary		site	kalavara paḍu	phrase	
W0239	ఒర కంట	ora kaṇṭa	sidelong glance		poetic			word split uncertain		site	vora kaṇṭa	phrase	
W0240	ఈడు జోడు	īḍu jōḍu	match, equal (in age)		poetic			set phrase		site	īḍu jōḍu	phrase	
W0241	మునుపు	munupu	before, formerly		poetic			teliyadu munupu		site	munupu		
W0242	చెంప	chempa	cheek (Telangana: sempa)		noun			sempalu		site	chempa		
W0243	చెవులు	chevulu	ears (Telangana: sevulu)		noun			sevulaku duddulu		site	chevulu		
W0244	పెదవులు	pedavulu	lips		noun			pedavul erragā		site	pedavulu		
W0245	నడుము	naḍumu	waist		noun			dāni naḍumu		site	naḍumu		
W0246	జడ	jaḍa	braid, plait		noun			jaḍa tākitē		site	jaḍa		
W0247	కొప్పు	koppu	hair bun		noun			koppulō mallelu		site	koppu		
W0248	మల్లె	malle	jasmine — everywhere in Hyderabad		noun			malle daṇḍa		site	malle		
W0249	కడవ	kaḍava	water pot, large vessel		noun			bhujaṁ mīda kaḍava		site	kaḍava		
W0250	దండ	daṇḍa	garland		noun			malle daṇḍa		site	daṇḍa		
W0251	దుద్దులు	duddulu	earrings		noun			sevulaku duddulu		site	duddulu		
W0252	మెరుపు	merupu	shine, flash, lightning		noun			meriyā (song form)		site	merupu		
W0253	ముత్యాలు	mutyālu	pearls		noun			navvula mutyāl		site	mutyālu		
W0254	రైక	raika	blouse (Telangana term)		noun			raikalu		site	raika		
W0255	గజ్జెలు	gajjelu	anklet bells		noun			gajjel lēkunnā		site	gajjelu		
W0256	వెన్నెల	vennela	moonlight (Telangana: ennela)		noun			ennela kuriyā		site	vennela		
W0257	దిల్	dil	heart (Urdu) — very common in Hyderabad		urdu			mana dil		site	dil		
W0258	గుడియా	guḍiyā	doll (Urdu) — affectionate		urdu			guḍiyā		site	guḍiyā		
W0259	చిడియా	chiḍiyā	little bird (Urdu) — affectionate		urdu			chikkani chiḍiyā		site	chiḍiyā		
W0260	సుర్మా	surmā	kohl, eyeliner (Urdu)		urdu			surmā peṭṭina		site	surmā		
W0261	చురియా	churiyā	dagger, blade (Urdu)		urdu			churiyā		site	churiyā		
W0262	ఫిరంగి	phirangi	cannon (Persian via Urdu)		urdu			adi phirangi		site	phirangi		
W0263	లేకున్నా	lēkunnā	even without ___ (from lēdu)		grammar			gajjel lēkunnā		site	lēkunnā		
W0264	మొగోళ్ళు	mogōḷḷu	men (Telangana dialect plural)		grammar			mogōḷḷa duniyā		site	mogōḷḷu		
W0265	ఎర్రగా	erragā	redly, in a red way (from erupu)		grammar			erragā aitadi		site	erragā		
W0266	చెలియా	cheliyā	dear one, beloved (Telangana: seliyā)		poetic			rādurā seliyā		site	cheliyā		
W0267	మురిపాలు	muripālu	charms, delights		poetic			vastāy muripāl		site	muripālu		
W0268	శివంగి	śivangi	lioness, tigress — a fierce woman		poetic			adi śivangi		site	śivangi		
W0269	లవంగం	lavangaṁ	clove (also a sharpness metaphor)		poetic			māṭala ghāṭu lavangi		site	lavangaṁ		
W0270	సారంగి	sārangi	sarangi — bowed string instrument		poetic			tīgalu lēni sārangi		site	sārangi	english-respelled	
W0271	గా	gā	as						1	top1000		bound-suffix	
W0272	మనం	manaṁ	Us						3	book1000	Manam		
W0273	వస్తుంది	vastundi	he/she/it comes (3rd person)	VUHS-toon-dih		Verb Drill	రా		5	anki	vastuMdi	inflected possible-misprint verbform	future of రా · close to చేస్తుంది (chēstundi) [anki,top1000] — confirm these are different words
W0274	వారు	vāru	They						6	book1000,top1000	Vaaru	inflected	
W0275	నాకు తెలుసు	nāku telusu	I know (present)	NAA-koo TEH-loo-soo		Verb Drill			7	anki	naaku telusu	phrase	
W0276	అతడు	ataḍu	He						7	book1000	Athadu		
W0277	కోసం	kōsaṁ	for						7	top1000			
W0278	తెలిసింది	telisindi	I knew / it was known (past)	TEH-lih-SIHN-dih		Verb Drill			8	anki	telisiMdi	inflected	
W0279	న	na	on						8	top1000		bound-suffix	
W0280	తెలుస్తుంది	telustundi	I will know / it will be known (future)	TEH-loos-TOON-dih		Verb Drill			9	anki	telustuMdi	inflected	
W0281	నాకు/ నను	nāku/ nanu	To me						10	book1000	Naaku	phrase	
W0282	తో	tō	with						10	top1000		bound-suffix	
W0283	వారికి	vāriki	To them						11	book1000	Vaariki		
W0284	అతనికి	ataniki	To him						12	book1000,top1000	Athaniki	multi-gloss	also: him
W0285	ఉంటుంది	uṇṭundi	be				ఉండు		12	top1000		inflected verbform	future of ఉండు
W0286	వద్ద	vadda	at						13	top1000			
W0287	ఉంటాను	uṇṭānu	I will be / I will stay (future)	OON-taa-noo		Verb Drill	ఉండు		14	anki	uMTaanu	inflected verbform	future of ఉండు
W0288	ఎలా ?	elā ?	How ?						14	book1000	Ela ?	phrase	
W0289	నాకు	nāku	to me	NAA-koo		Pronouns & Demonstratives			15	anki,top1000	naaku	multi-gloss	also: me
W0290		Edi ? 2 ?	Which ?						15	book1000	Edi ? 2 ?	needs-script no-script	
W0291	కలిగి	kaligi	contain; have						15	top1000			
W0292	నీకు	nīku	to you (informal)	NAY-koo		Pronouns & Demonstratives			16	anki	neeku		
W0293		Enni ? 2 ?	How Many ?						16	book1000	Enni ? 2 ?	needs-script no-script	
W0294	ఈ	ī	these						16	top1000		multi-gloss	also: this
W0295	మీకు	mīku	to you (formal)	MAY-koo		Pronouns & Demonstratives			17	anki	meeku		
W0296	నుండి	nuṇḍi	since						17	top1000		bound-suffix multi-gloss	also: from
W0297	ఎప్పుడు?	eppuḍu?	When ?						18	book1000	Eppudu ?		
W0298	ద్వారా	dvārā	through						18	top1000		multi-gloss	also: by
W0299	ఎక్కడ?	ekkaḍa?	Where ?						19	book1000	Ekkada ?		
W0300	చేస్తుంది	chēstundi	he/she/it does (3rd person)	CHASE-toon-dih		Verb Drill	చేయి		20	anki,top1000	chestuMdi	inflected multi-gloss verbform	future of చేయి · also: does
W0301		Nijanga ?	Really ?						21	book1000	Nijanga ?	needs-script no-script	
W0302	ఏంటి	ēṇṭi	what (casual)	EN-tih		Question Words			22	anki	enti		
W0303		Auna ? ដ ?	Is It ?						22	book1000	Auna ? ដ ?	needs-script no-script	
W0304	ఎక్కడ	ekkaḍa	where	EK-kuh-duh		Question Words			24	anki	ekkaDa		
W0305	అంగీకరించు	angīkarinchu	Agree						24	book1000	Angeekarinchu		
W0306	ఎక్కడికి	ekkaḍiki	to where	EK-kuh-dih-kih		Question Words			25	anki	ekkaDiki		
W0307	తింటుంది	tiṇṭundi	he/she/it eats (3rd person)	TIHN-toon-dih		Verb Drill	తిను		25	anki	tintuMdi	inflected verbform	future of తిను
W0308	అనుమతించు	anumatinchu	Allow						25	book1000	Anumathinchu		
W0309	ఎప్పుడు	eppuḍu	when	EP-poo-doo		Question Words			26	anki	eppuDu		
W0310	ఎలా	elā	how	EH-laa		Question Words			27	anki,top1000	elaa		
W0311	కూర్చుంటున్నాను	kūrchuṇṭunnānu	I am sitting (present)	KOOR-choon-toon-NAA-noo		Verb Drill	కూర్చో		27	anki	kuurchuMTuMnaanu	inflected verbform	present of కూర్చో
W0312	ఆపండి	āpaṇḍi	Stop						27	book1000	Apandi	inflected	
W0313	ఎందుకు	enduku	why	EN-doo-koo		Question Words			28	anki,top1000,book1000	enduku	merged-misprint	book1000 prints this as ఎందుకు? (enduku?) — treated as a misprint
W0314	కూర్చున్నాను	kūrchunnānu	I sat (past)	KOOR-choon-naa-noo		Verb Drill	కూర్చో		28	anki	kuurchunnaanu	inflected verbform	past of కూర్చో
W0315	వచ్చింది	vachchindi	came; had				రా		28	top1000		inflected multi-gloss verbform	past of రా · also: got
W0316	ఎన్ని	enni	how many	EN-nih		Question Words			29	anki	enni		
W0317	కూర్చుంటాను	kūrchuṇṭānu	I will sit (future)	KOOR-choon-taa-noo		Verb Drill	కూర్చో		29	anki	kuurchuMTaanu	inflected verbform	future of కూర్చో
W0318	కొనడం	konaḍaṁ	To Buy						29	book1000	Konadam		
W0319	కూర్చుంటుంది	kūrchuṇṭundi	he/she/it sits (3rd person)	KOOR-choon-toon-dih		Verb Drill	కూర్చో		30	anki	kuurchuMTuMdi	inflected verbform	future of కూర్చో
W0320	త్రాగి	trāgi	Drinking						30	book1000	Traagu		
W0321	యొక్క	yokka	of						30	top1000		bound-suffix	
W0322	ఉండు	uṇḍu	to be / exist / stay (base)	OON-doo		Essential Verbs Existence & State	ఉండు		31	anki,book1000	unDu	multi-gloss verbform	impFam of ఉండు · also: be / exist / stay; Stay
W0323	కు	ku	to						31	top1000		bound-suffix	
W0324	ఉంది	undi	it is / it exists (3rd person)	OON-dih		Essential Verbs Existence & State	ఉండు		32	anki,top1000	undi	multi-gloss verbform	past of ఉండు · also: is / exists (it); was; is; has
W0325	అర్థంచేసుకో	arthanchēsukō	Understand						32	book1000	Artham cesuko		
W0326	ఉన్నాను	unnānu	I am / I exist (present)	OON-naa-noo		Essential Verbs Existence & State	ఉండు		33	anki,top1000	unnaanu	inflected multi-gloss verbform	past of ఉండు · also: am (I am); I was / I stayed (past); am
W0327	ఉన్నారు	unnāru	are (you-formal are)	OON-naa-roo		Essential Verbs Existence & State	ఉండు		34	anki	unnaaru	inflected verbform	past of ఉండు
W0328	నమస్తే	namastē	Hello						34	book1000	Namaste		
W0329	లో	lō	in						34	top1000		bound-suffix	
W0330	ఉన్నాడు	unnāḍu	is (he is)	OON-naa-doo		Essential Verbs Existence & State	ఉండు		35	anki	unnaaDu	inflected verbform	past of ఉండు
W0331	వెళ్తుంది	veḷtundi	he/she/it goes (3rd person)	VEL-toon-dih		Verb Drill	వెళ్ళు		35	anki	veLtuMdi	inflected verbform	future of వెళ్ళు
W0332	ఉన్నది	unnadi	is (she is)	OON-nuh-dih		Essential Verbs Existence & State			36	anki	unnaDi		
W0333	చెయ్యవచ్చు	cheyyavachchu	can						36	top1000			
W0334	ఉన్నాయి	unnāyi	are (they/things are)	OON-naa-yih		Essential Verbs Existence & State			37	anki,top1000	unnaayi	inflected multi-gloss	also: are; were; been; include
W0335	చెప్తున్నాను	cheptunnānu	I am telling (present)	CHEP-toon-NAA-noo		Verb Drill	చెప్పు		37	anki	cheptuMnaanu	inflected verbform	present of చెప్పు
W0336	అవుట్	avuṭ	out						37	top1000			
W0337	ఇతర	itara	other						38	top1000			
W0338	లేరు	lēru	not there (person, formal)	LAY-roo		Essential Verbs Existence & State			39	anki	lEru		
W0339	చెప్తుంది	cheptundi	he/she/it tells (3rd person)	CHEP-toon-dih		Verb Drill	చెప్పు		40	anki	cheptuMdi	inflected verbform	future of చెప్పు
W0340	అను	anu	to say (base)	UH-noo		Verb Drill	అను		41	anki	anu	verbform	impFam of అను
W0341	కావాలి	kāvāli	want / need	kaa-VAA-lih		Essential Verbs Existence & State			42	anki	kaavaali		
W0342	అంటున్నాను	aṇṭunnānu	I am saying (present)	UHN-toon-NAA-noo		Verb Drill	అను		42	anki	antuMnaanu	inflected verbform	present of అను
W0343	వారి	vāri	their						42	top1000			
W0344	అన్నాను	annānu	I said (past)	UHN-naa-noo		Verb Drill	అను		43	anki	annaanu	inflected verbform	past of అను
W0345	ವಲ್ಲಿ	ವಲ್ಲಿ	Younger Sister						43	book1000	Chelli	kannada-script	
W0346	చేయు	chēyu	to do / make (base)	CHAY-yoo		Essential Verbs Existence & State			44	anki	chEyu	multi-gloss	also: to do / make
W0347	అంటాను	aṇṭānu	I will say (future)	UHN-taa-noo		Verb Drill	అను		44	anki	antaanu	inflected verbform	future of అను
W0348	తాతయ్య/ తాతగారు	tātayya/ tātagāru	Grandfather						44	book1000	Thathaiya / Thathagaaru	inflected phrase	
W0349	ఉంటే	uṇṭē	if				ఉండు		44	top1000		verbform	cond of ఉండు
W0350	చేస్తున్నాను	chēstunnānu	I am doing (present)	CHASE-toon-naa-noo		Essential Verbs Existence & State	చేయి		45	anki	chEstunnaanu	inflected multi-gloss verbform	present of చేయి · also: I am doing
W0351	అన్నాడు	annāḍu	he said (3rd person)	UHN-naa-doo		Verb Drill	అను		45	anki,top1000	annaaDu	inflected multi-gloss verbform	past of అను · also: said
W0352	నిద్ర పో	nidra pō	to sleep (base)	NIHD-raa POH		Verb Drill			46	anki	nidraa pO	phrase	
W0353	కూరగాయలు	kūragāyalu	Vegetables						46	book1000	Kuragayaalu		
W0354	చేస్తాను	chēstānu	I will do (future)	CHASE-taa-noo		Essential Verbs Existence & State	చేయి		47	anki,top1000	chEstaanu	inflected multi-gloss verbform	future of చేయి · also: I will do; would
W0355	నిద్ర పోతున్నాను	nidra pōtunnānu	I am sleeping (present)	NIHD-raa POH-toon-NAA-noo		Verb Drill			47	anki	nidraa potuMnaanu	inflected phrase	
W0356	చేయండి	chēyaṇḍi	please do (formal)	CHAY-yuhn-dih		Essential Verbs Existence & State	చేయి		48	anki,top1000	chEyaMDi	inflected multi-gloss verbform	impPol of చేయి · also: do
W0357	నిద్ర పోయాను	nidra pōyānu	I slept (past)	NIHD-raa POH-yaa-noo		Verb Drill			48	anki	nidraa poyaanu	inflected phrase	
W0358	కాలీఫ్లవర్	kālīphlavar	Cauliflower						48	book1000	Cauliflower		
W0359	చేయలేదు	chēyalēdu	didn't do	CHAY-yuh-LAY-doo		Essential Verbs Existence & State	చేయి		49	anki	chEyalEdu	verbform	negPast of చేయి
W0360	నిద్ర పోతాను	nidra pōtānu	I will sleep (future)	NIHD-raa POH-taa-noo		Verb Drill			49	anki	nidraa potaanu	inflected phrase	
W0361	అవ్వు	avvu	to become / happen (base)	UHV-voo		Essential Verbs Existence & State			50	anki	avvu	multi-gloss	also: to become / happen
W0362	నిద్ర పోతుంది	nidra pōtundi	he/she is sleeping (3rd person)	NIHD-raa POH-toon-dih		Verb Drill			50	anki	nidraa potuMdi	inflected phrase	
W0363	కొబ్బరి కాయ	kobbari kāya	Coconuts						50	book1000	Kobbarikaya	phrase	
W0364	వెళ్ళు	veḷḷu	to go (base)	VEL-loo		Core Motion Verbs	వెళ్ళు		51	anki	veLLu	multi-gloss verbform	impFam of వెళ్ళు · also: to go
W0365	పుదీనా	pudīnā	Mint						51	book1000	Puthina		
W0366	వెళ్తాను	veḷtānu	I will go (future)	VEL-taa-noo		Core Motion Verbs	వెళ్ళు		52	anki	veLtaanu	inflected multi-gloss verbform	future of వెళ్ళు · also: I will go
W0367	పంపుతున్నాను	pamputunnānu	I am sending (present)	PUHM-poo-toon-NAA-noo		Verb Drill			52	anki	paMputuMnaanu	inflected	
W0368	బఠాణి	baṭhāṇi	Peas						52	book1000	Bataani		
W0369	సెట్	seṭ	set						52	top1000		english-respelled	
W0370	వెళ్ళాను	veḷḷānu	I went (past)	VEL-laa-noo		Core Motion Verbs	వెళ్ళు		53	anki	veLLaanu	inflected multi-gloss verbform	past of వెళ్ళు · also: I went
W0371	వెళ్తున్నాను	veḷtunnānu	I am going (present)	VEL-toon-naa-noo		Core Motion Verbs	వెళ్ళు		54	anki	veLtunnaanu	inflected multi-gloss verbform	present of వెళ్ళు · also: I am going
W0372	పంపుతాను	pamputānu	I will send (future)	PUHM-poo-taa-noo		Verb Drill			54	anki	paMputaanu	inflected	
W0373	వెల్లుల్లిపాయ	vellullipāya	Garlic						54	book1000	Vellullipaya		
W0374	కావలసిన	kāvalasina	want						54	top1000			
W0375	వెళ్ళండి	veḷḷaṇḍi	please go (formal)	VEL-luhn-dih		Core Motion Verbs	వెళ్ళు		55	anki,book1000	veLLaMDi	inflected multi-gloss verbform	impPol of వెళ్ళు · also: Go
W0376	పంపుతుంది	pamputundi	he/she/it sends (3rd person)	PUHM-poo-toon-dih		Verb Drill			55	anki	paMputuMdi	inflected possible-misprint	close to పడుతుంది (paḍutundi) [anki,top1000] — confirm these are different words
W0377	బంగాళాదుంప	bangāḷādumpa	Potato						55	book1000	SKILA Bangaladumpa		
W0378	నచ్చు	nachchu	to like / to please (base)	NUHCH-choo		Verb Drill			56	anki	nachchu		
W0379	టమాటా	ṭamāṭā	Tomato						56	book1000	Tamata		
W0380	నచ్చుతుంది	nachchutundi	it is pleasing me (present)	NUH-choo-toon-dih		Verb Drill			57	anki	nachutuMdi	inflected multi-gloss	also: it will please me (future)
W0381	కీరదోసకాయ	kīradōsakāya	Cucumber						57	book1000	Keera Dosakaya		
W0382	వచ్చాను	vachchānu	I came (past)	VUHCH-chaa-noo		Core Motion Verbs	రా		58	anki	vacchaanu	inflected multi-gloss verbform	past of రా · also: I came
W0383	నచ్చింది	nachchindi	it pleased me (past)	NUHCH-chihn-dih		Verb Drill			58	anki	nachchiMdi	inflected	
W0384	ములక్కాయ	mulakkāya	Drumstick						58	book1000	Mulakkaya		
W0385	ప్లే	plē	play						58	top1000			
W0386	వస్తున్నాను	vastunnānu	I am coming (present)	VUHS-toon-naa-noo		Core Motion Verbs	రా		59	anki	vastunnaanu	inflected multi-gloss verbform	present of రా · also: I am coming
W0387	నచ్చడం లేదు	nachchaḍaṁ lēdu	it doesn't please (3rd person neg)	NUHCH-chuh-duhm LAY-doo		Verb Drill			60	anki	nacchaDaM ledu	phrase	
W0388	ముగింపు	mugimpu	finish; end						60	top1000			
W0389	తీసు	tīsu	to take	TAY-soo		Core Motion Verbs			61	anki	teesu		
W0390	మోగు	mōgu	to ring / sound (base)	MOH-goo		Verb Drill			61	anki	mOgu		
W0391	నలుపు	nalupu	Black						61	book1000,top1000	Nalupu		
W0392	తీసుకో	tīsukō	take (for yourself)	TAY-soo-koh		Core Motion Verbs	తీసుకో		62	anki	teesukO	multi-gloss verbform	impFam of తీసుకో · also: to take (base)
W0393	మోగుతుంది	mōgutundi	he/she/it rings (3rd person)	MOH-goo-toon-dih		Verb Drill			62	anki	mogutuMdi	inflected multi-gloss	also: it is ringing (present); it will ring (future)
W0394	తెలుపు	telupu	white						62	anki,book1000,top1000	telupu		
W0395	హోమ్	hōm	home						62	top1000			
W0396	తీసుకెళ్ళు	tīsukeḷḷu	take away	TAY-soo-keh-loo		Core Motion Verbs			63	anki	teesukeLLu		
W0397	మోగింది	mōgindi	it rang (past)	MOH-gihn-dih		Verb Drill			63	anki	mogiMdi	inflected	
W0398	చదవడానికి	chadavaḍāniki	read				చదువు		63	top1000		verbform	purpose of చదువు
W0399	తీసుకురా	tīsukurā	bring (casual)	TAY-soo-koh-raa		Core Motion Verbs			64	anki	teesukoraa		
W0400	చేతి	chēti	hand						64	top1000			
W0401	ఇవ్వు	ivvu	to give (base)	IHV-voo		Core Motion Verbs	ఇవ్వు		65	anki	ivvu	multi-gloss verbform	impFam of ఇవ్వు · also: to give
W0402	పోర్ట్	pōrṭ	port						65	top1000		english-respelled	
W0403	ఇస్తాను	istānu	I will give (future)	IHS-taa-noo		Core Motion Verbs	ఇవ్వు		66	anki	istAanu	inflected multi-gloss verbform	future of ఇవ్వు · also: I will give
W0404	నేర్చుకో	nērchukō	to learn (base)	NAYR-choo-koh		Verb Drill	నేర్చుకో		66	anki	nErchukO	verbform	impFam of నేర్చుకో
W0405	ఇచ్చాను	ichchānu	I gave (past)	IHCH-chaa-noo		Core Motion Verbs	ఇవ్వు		67	anki	ichchaanu	inflected multi-gloss verbform	past of ఇవ్వు · also: I gave
W0406	నేర్చుకుంటున్నాను	nērchukuṇṭunnānu	I am learning (present)	NAYR-choo-koon-toon-NAA-noo		Verb Drill	నేర్చుకో		67	anki	nErchukuMTuMnaanu	inflected verbform	present of నేర్చుకో
W0407	అక్షరక్రమ	akṣarakrama	spell						67	top1000			
W0408	ఇవ్వండి	ivvaṇḍi	please give (formal)	IHV-vuhn-dih		Core Motion Verbs	ఇవ్వు		68	anki,book1000	ivvaMDi	inflected multi-gloss verbform	impPol of ఇవ్వు · also: Give
W0409	నేర్చుకున్నాను	nērchukunnānu	I learned (past)	NAYR-choo-koon-naa-noo		Verb Drill	నేర్చుకో		68	anki	nErchukunnaaanu	inflected verbform	past of నేర్చుకో
W0410	జోడించండి	jōḍinchaṇḍi	add						68	top1000		inflected	
W0411	పెట్టు	peṭṭu	to put / place (base)	PET-too		Core Motion Verbs			69	anki	peTTu	multi-gloss	also: to put / place
W0412	నేర్చుకుంటాను	nērchukuṇṭānu	I will learn (future)	NAYR-choo-koon-taa-noo		Verb Drill	నేర్చుకో		69	anki	nErchukuMTaanu	inflected verbform	future of నేర్చుకో
W0413	పింక్	pink	Pink						69	book1000	Gulabi	english-respelled	
W0414	పట్టు	paṭṭu	to hold / catch (base)	PUHT-too		Core Motion Verbs			70	anki	paTTu	multi-gloss	also: to hold / catch; silk
W0415	నేర్చుకుంటుంది	nērchukuṇṭundi	he/she/it learns (3rd person)	NAYR-choo-koon-toon-dih		Verb Drill	నేర్చుకో		70	anki	nErchukuMTuMdi	inflected verbform	future of నేర్చుకో
W0416	భూమి	bhūmi	earth; land						70	anki,top1000	bhūmi	multi-gloss	also: ground
W0417	నిలబడు	nilabaḍu	to stand (base)	NIH-luh-buh-doo		Core Motion Verbs	నిలబడు		71	anki	nilabaDu	multi-gloss verbform	impFam of నిలబడు · also: to stand
W0418	కూర్చో	kūrchō	to sit (base)	KOOR-choh		Core Motion Verbs	కూర్చో		72	anki,book1000	kuurchO	multi-gloss verbform	impFam of కూర్చో · also: to sit; Sit Down
W0419	తీసుకుంటున్నాను	tīsukuṇṭunnānu	I am taking (present)	TAY-soo-koon-toon-NAA-noo		Verb Drill	తీసుకో		72	anki	teesukuMTuMnaanu	inflected verbform	present of తీసుకో
W0420	ನಯ್ಯ	ನಯ್ಯ	Ghee						72	book1000	Neiyyi	kannada-script	
W0421	తప్పక	tappaka	should; must						72	top1000			
W0422	తీసుకున్నాను	tīsukunnānu	I took (past)	TAY-soo-koon-naa-noo		Verb Drill	తీసుకో		73	anki	teesukunnanu	inflected verbform	past of తీసుకో
W0423	బియ్యం	biyyaṁ	Rice						73	book1000	Beeyam		
W0424	నడుచు	naḍuchu	to walk (base)	NUH-doo-choo		Core Motion Verbs			74	anki	naDuchu	multi-gloss	also: to walk
W0425	తీసుకుంటాను	tīsukuṇṭānu	I will take (future)	TAY-soo-koon-taa-noo		Verb Drill	తీసుకో		74	anki	teesukuMTaanu	inflected verbform	future of తీసుకో
W0426	గోధుమలు	gōdhumalu	Wheat						74	book1000	Godhumalu		
W0427	అధిక	adhika	high						74	top1000			
W0428	పరుగెత్తు	parugettu	to run (base)	PUH-roo-get-too		Core Motion Verbs	పరుగెత్తు		75	anki,book1000	parugettu	multi-gloss verbform	impFam of పరుగెత్తు · also: to run; Run
W0429	తీసుకుంటుంది	tīsukuṇṭundi	he/she/it takes (3rd person)	TAY-soo-koon-toon-dih		Verb Drill	తీసుకో		75	anki	teesukuMTuMdi	inflected verbform	future of తీసుకో
W0430	ఇటువంటి	iṭuvaṇṭi	such						75	top1000			
W0431	తిను	tinu	to eat (base)	TIH-noo		Daily Activity Verbs	తిను		76	anki	tinu	multi-gloss verbform	impFam of తిను · also: to eat
W0432	అనుసరించండి	anusarinchaṇḍi	follow						76	top1000		inflected	
W0433	తింటాను	tiṇṭānu	I will eat (future)	TIHN-taa-noo		Daily Activity Verbs	తిను		77	anki	tintaanu	inflected multi-gloss verbform	future of తిను · also: I will eat
W0434	ఇస్తున్నాను	istunnānu	I am giving (present)	IHS-toon-NAA-noo		Verb Drill	ఇవ్వు		77	anki	istuMnaanu	inflected verbform	present of ఇవ్వు
W0435	చట్టం	chaṭṭaṁ	act; law						77	top1000			
W0436	పంచదార	panchadāra	Sugar						78	book1000	Panchadaara		
W0437	తింటున్నాను	tiṇṭunnānu	I am eating (present)	TIHN-toon-naa-noo		Daily Activity Verbs	తిను		79	anki	tintunnaanu	inflected multi-gloss verbform	present of తిను · also: I am eating
W0438	గోవా	gōvā	ask						79	top1000			
W0439	తాగు	tāgu	to drink	TAA-goo		Daily Activity Verbs	తాగు		80	anki	taagu	verbform	impFam of తాగు
W0440	ఇస్తుంది	istundi	he/she/it gives (3rd person)	IHS-toon-dih		Verb Drill	ఇవ్వు		80	anki	istuMdi	inflected possible-misprint verbform	future of ఇవ్వు · close to చేస్తుంది (chēstundi) [anki,top1000] — confirm these are different words
W0441	పురుషులు	puruṣulu	men						80	top1000			
W0442	తాగుతాను	tāgutānu	I will drink	TAA-goo-taa-noo		Daily Activity Verbs	తాగు		81	anki	taagutaanu	inflected verbform	future of తాగు
W0443	దొంగ	donga	Thief						81	book1000	Donga		
W0444	తాగాను	tāgānu	I drank	TAA-gaa-noo		Daily Activity Verbs	తాగు		82	anki	taagaanu	inflected verbform	past of తాగు
W0445	పెడుతున్నాను	peḍutunnānu	I am putting (present)	PET-too-toon-NAA-noo		Verb Drill			82	anki	peTTutuMnaanu	inflected	
W0446	పంచాంగం	panchāngaṁ	Calendar						82	book1000	Panchangam		
W0447	వెళ్ళింది	veḷḷindi	went				వెళ్ళు		82	top1000		inflected verbform	past of వెళ్ళు
W0448	వండు	vaṇḍu	to cook	VUHN-doo		Daily Activity Verbs			83	anki	vaMDu		
W0449	పెట్టాను	peṭṭānu	I put (past)	PET-taa-noo		Verb Drill			83	anki	peTTaanu	inflected	
W0450	తేదీ	tēdī	Date						83	book1000	Thedhi		
W0451	కాంతి	kānti	light						83	top1000			
W0452	కాల్చు	kālchu	to burn / roast	KAAD-choo		Daily Activity Verbs			84	anki	kaaDchu		
W0453	పెడతాను	peḍatānu	I will put (future)	PET-too-taa-noo		Verb Drill			84	anki	peTTutaanu	inflected	
W0454	రకం	rakaṁ	kind; type						84	top1000			
W0455	పెడుతుంది	peḍutundi	he/she/it puts (3rd person)	PET-too-toon-dih		Verb Drill			85	anki	peTTutuMdi	inflected possible-misprint	close to పడుతుంది (paḍutundi) [anki,top1000] — confirm these are different words
W0456	ఆఫ్	āph	off						85	top1000			
W0457	చూసాను	chūsānu	I saw	CHOO-saa-noo		Daily Activity Verbs	చూడు		86	anki	chUsaanu	inflected verbform	past of చూడు
W0458	చూస్తాను	chūstānu	I will see	CHOOS-taa-noo		Daily Activity Verbs	చూడు		87	anki	chUstaanu	inflected verbform	future of చూడు
W0459	పడుతున్నాను	paḍutunnānu	I am holding (present)	PUHT-too-toon-NAA-noo		Verb Drill			87	anki	paTTutuMnaanu	inflected multi-gloss	also: I am falling (present)
W0460	ప్రతిరోజు	pratirōju	Everyday						87	book1000	Prathiroju		
W0461	చూస్తున్నాను	chūstunnānu	I am watching	CHOOS-toon-naa-noo		Daily Activity Verbs	చూడు		88	anki	chUstunnaanu	inflected verbform	present of చూడు
W0462	పట్టాను	paṭṭānu	I held (past)	PUHT-taa-noo		Verb Drill			88	anki	paTTaanu	inflected	
W0463	చిత్రాన్ని	chitrānni	picture						88	top1000			
W0464	చూడండి	chūḍaṇḍi	please look/see (formal)	CHOO-duhn-dih		Daily Activity Verbs	చూడు		89	anki,top1000	chUDaMDi	inflected multi-gloss verbform	impPol of చూడు · also: see; look
W0465	పడతాను	paḍatānu	I will hold (future)	PUHT-too-taa-noo		Verb Drill			89	anki	paTTutaanu	inflected multi-gloss	also: I will fall (future)
W0466	ప్రయత్నించండి	prayatninchaṇḍi	try						89	top1000		inflected	
W0467	పడుతుంది	paḍutundi	he/she/it holds (3rd person)	PUHT-too-toon-dih		Verb Drill			90	anki,top1000	paTTutuMdi	inflected multi-gloss	also: take
W0468	పుట్టినరోజు పుట్టినరోజుశుభాకాంక్షలు ప్రయాణం	puṭṭinarōju puṭṭinarōjuśubhākānkṣalu prayāṇaṁ	Journey						90	book1000	Prayaanam	phrase	
W0469	మాకు	māku	us						90	top1000			
W0470	విన్నాను	vinnānu	I heard	VIHN-naa-noo		Daily Activity Verbs	విను		91	anki	vinnaanu	inflected verbform	past of విను
W0471	వింటున్నాను	viṇṭunnānu	I am listening	VIHN-toon-naa-noo		Daily Activity Verbs	విను		92	anki	vintunnaanu	inflected verbform	present of విను
W0472	నిలబడుతున్నాను	nilabaḍutunnānu	I am standing (present)	NIH-luh-buh-doo-toon-NAA-noo		Verb Drill	నిలబడు		92	anki	nilabaDutuMnaanu	inflected verbform	present of నిలబడు
W0473	జంతు	jantu	animal						92	top1000			
W0474	చెప్పు	cheppu	to tell / say (base)	CHEP-poo		Daily Activity Verbs	చెప్పు		93	anki	cheppu	multi-gloss verbform	impFam of చెప్పు · also: to tell / say
W0475	నిలబడ్డాను	nilabaḍḍānu	I stood (past)	NIH-luh-BUHD-daa-noo		Verb Drill	నిలబడు		93	anki	nilabaDDaanu	inflected verbform	past of నిలబడు
W0476	పాయింట్	pāyiṇṭ	point						93	top1000			
W0477	చెప్పాను	cheppānu	I told (past)	CHEP-paa-noo		Daily Activity Verbs	చెప్పు		94	anki	cheppaanu	inflected multi-gloss verbform	past of చెప్పు · also: I told
W0478	నిలబడతాను	nilabaḍatānu	I will stand (future)	NIH-luh-buh-doo-taa-noo		Verb Drill			94	anki	nilabaDutaanu	inflected	
W0479	తల్లి	talli	mother						94	top1000			
W0480	చెప్తాను	cheptānu	I will tell (future)	CHEP-taa-noo		Daily Activity Verbs	చెప్పు		95	anki	cheptaanu	inflected multi-gloss verbform	future of చెప్పు · also: I will tell
W0481	నిలబడుతుంది	nilabaḍutundi	he/she/it stands (3rd person)	NIH-luh-buh-doo-toon-dih		Verb Drill	నిలబడు		95	anki	nilabaDutuMdi	inflected verbform	future of నిలబడు
W0482	ప్రపంచ	prapancha	world						95	top1000			
W0483	చెప్పండి	cheppaṇḍi	please tell (formal)	CHEP-puhn-dih		Daily Activity Verbs	చెప్పు		96	anki,top1000	cheppaMDi	inflected multi-gloss verbform	impPol of చెప్పు · also: tell
W0484	చెడు	cheḍu	Bad						96	book1000,top1000	Chedu		
W0485	మాట్లాడు	māṭlāḍu	to speak / talk	MAAT-laa-doo		Daily Activity Verbs	మాట్లాడు		97	anki	maaTlaaDu	inflected verbform	impFam of మాట్లాడు
W0486	నిర్మించడానికి	nirminchaḍāniki	build						97	top1000			
W0487	మాట్లాడాను	māṭlāḍānu	I spoke	MAAT-laa-daa-noo		Daily Activity Verbs	మాట్లాడు		98	anki	maaTlaaDaanu	inflected verbform	past of మాట్లాడు
W0488	పడ్డాను	paḍḍānu	I fell (past)	PUHD-daa-noo		Verb Drill			98	anki	paDDaanu	inflected	
W0489	స్వీయ	svīya	self						98	top1000			
W0490	మాట్లాడండి	māṭlāḍaṇḍi	please speak (formal)	MAAT-laa-duhn-dih		Daily Activity Verbs	మాట్లాడు		99	anki	maaTlaaDaMDi	inflected verbform	impPol of మాట్లాడు
W0491	ఏమి ?	ēmi ?	What ?						99	book1000	Emi ?	phrase	
W0492	రాసు	rāsu	to write	RAA-soo		Daily Activity Verbs			100	anki	raasu		
W0493	పడింది	paḍindi	it fell (3rd person)	PUH-dihn-dih		Verb Drill			100	anki	paDiMdi	inflected	
W0494	తండ్రి	taṇḍri	father; dad						100	top1000			
W0495	చదువు	chaduvu	to read	CHUH-duh-voo		Daily Activity Verbs	చదువు		101	anki	chadavu	verbform	impFam of చదువు
W0496		Lekha ඒඛ	Letter						101	book1000	Lekha ඒඛ	needs-script no-script	
W0497	ఏ	ē	any; no						101	top1000			
W0498	నేర్చు	nērchu	to learn	NAYR-choo		Daily Activity Verbs			102	anki	nErchu		
W0499	నడుస్తున్నాను	naḍustunnānu	I am walking (present)	NUH-doos-toon-NAA-noo		Verb Drill	నడవు		102	anki	naDustuMnaanu	inflected verbform	present of నడవు
W0500	పేపర్	pēpar	Paper						102	book1000	Kaagitham		
W0501	నేర్పించు	nērpinchu	to teach	NAYR-pihn-choo		Daily Activity Verbs	నేర్పించు		103	anki	nErpinchu	verbform	impFam of నేర్పించు
W0502	నడిచాను	naḍichānu	I walked (past)	NUH-dih-chaa-noo		Verb Drill	నడవు		103	anki	naDichaanu	inflected verbform	past of నడవు
W0503	నడుస్తాను	naḍustānu	I will walk (future)	NUH-doos-taa-noo		Verb Drill	నడవు		104	anki	nadustaanu	inflected verbform	future of నడవు
W0504	భాగం	bhāgaṁ	part						104	top1000			
W0505	తెలీదు	telīdu	he/she/it doesn't know (3rd person neg)	TEH-lay-doo		Daily Activity Verbs			105	anki	teleedu	multi-gloss	also: don't know
W0506	నడుస్తుంది	naḍustundi	he/she/it walks (3rd person)	NUH-doos-toon-dih		Verb Drill	నడవు		105	anki	nadustuMdi	inflected verbform	future of నడవు
W0507	ఎప్పటి లాగా	eppaṭi lāgā	Always						105	book1000	Ellappudu	phrase	
W0508	అర్ధమవ్వు	ardhamavvu	to understand	UHRDH-uhm UHV-voo		Daily Activity Verbs			106	anki	ardhM avvu		
W0509	ವವಿ	ವವಿ	Ear						106	book1000	Chevi	kannada-script	
W0510	పొందండి	pondaṇḍi	get						106	top1000		inflected	
W0511	మర్చిపో	marchipō	to forget	MUH-rchih-poh		Daily Activity Verbs			107	anki	marchipO		
W0512	పరుగెత్తుతున్నాను	parugettutunnānu	I am running (present)	PUH-roo-GET-too-toon-NAA-noo		Verb Drill	పరుగెత్తు		107	anki	parugettutuMnaanu	inflected verbform	present of పరుగెత్తు
W0513	స్థలం	sthalaṁ	place						107	top1000			
W0514	గుర్తుండు	gurtuṇḍu	to remember	GOOR-toon-doo		Daily Activity Verbs			108	anki	gurtuMDu		
W0515	పరుగెత్తాను	parugettānu	I ran (past)	PUH-roo-GET-taa-noo		Verb Drill	పరుగెత్తు		108	anki	parugettaanu	inflected verbform	past of పరుగెత్తు
W0516	తయారు	tayāru	made; make						108	top1000		inflected	
W0517	ఆలోచించు	ālōchinchu	to think	AA-loh-chihn-choo		Daily Activity Verbs			109	anki	aalOchiMchu		
W0518	పరుగెత్తుతాను	parugettutānu	I will run (future)	PUH-roo-GET-too-taa-noo		Verb Drill	పరుగెత్తు		109	anki	parugettutaanu	inflected verbform	future of పరుగెత్తు
W0519	తను	tanu	Eat						109	book1000	Thinu		
W0520	నివసిస్తున్నారు	nivasistunnāru	live						109	top1000		inflected	
W0521	నమ్ము	nammu	to believe	NUHM-moo		Daily Activity Verbs			110	anki,book1000	nammu	multi-gloss	also: Believe
W0522	పరుగెత్తుతుంది	parugettutundi	he/she/it runs (3rd person)	PUH-roo-GET-too-toon-dih		Verb Drill	పరుగెత్తు		110	anki	parugettutuMdi	inflected verbform	future of పరుగెత్తు
W0523	డాగ్	ḍāg	Drink						110	book1000	Taagu		
W0524	నడవడం	naḍavaḍaṁ	Walk						111	book1000	Nadavadam		
W0525	జవాబు ఇవ్వు	javābu ivvu	to answer	juh-VAA-boo IHV-voo		Daily Activity Verbs			112	anki	javaabu ivvu	phrase	
W0526	అవుతున్నాను	avutunnānu	I am becoming (present)	UH-voo-toon-NAA-noo		Verb Drill			112	anki	avutuMnaanu	inflected	
W0527	రాయు	rāyu	Letter (alphabet)						112	book1000	Raayu		
W0528	తిరిగి	tirigi	back						112	top1000			
W0529	పిలుచు	piluchu	to call (someone)	PIH-loo-choo		Daily Activity Verbs			113	anki	piluchu		
W0530	చ్దువ్వ	chduvva	Study						113	book1000	Chaduvu		
W0531	కొను	konu	to buy	KOH-noo		Daily Activity Verbs			114	anki	koonu		
W0532	అవుతుంది	avutundi	he/she/it becomes (3rd person)	UH-voo-TOON-dih		Verb Drill			114	anki	avutuMdi	inflected multi-gloss	also: it will happen (future)
W0533	మాత్రమే	mātramē	only						114	top1000			
W0534	అమ్ము	ammu	to sell	UHM-moo		Daily Activity Verbs			115	anki	ammu		
W0535	బ్ట	bṭa	ClothBatta						115	book1000		no-romanization	
W0536	రౌండ్	rauṇḍ	round						115	top1000			
W0537	పని చేయు	pani chēyu	to work	PUH-nih CHAY-yoo		Daily Activity Verbs			116	anki	pani chEyu	phrase	
W0538	కనిపించు	kanipinchu	to appear / to be visible (base)	KUH-nih-PIHN-choo		Verb Drill			116	anki	kanipiMchu		
W0539	పాడు	pāḍu	to sing	PAA-doo		Daily Activity Verbs	పాడు		117	anki	paaDu	inflected verbform	impFam of పాడు
W0540	కనిపిస్తున్నాను	kanipistunnānu	I am appearing (present)	KUH-nih-pihs-toon-NAA-noo		Verb Drill			117	anki	kanipistunnaanu	inflected	
W0541	అంకెలు	ankelu	Number(number)Ankelu						117	book1000		no-romanization	
W0542	ఆడు	āḍu	to play	AA-doo		Daily Activity Verbs	ఆడు		118	anki	aaDu	verbform	impFam of ఆడు
W0543	కనిపించింది	kanipinchindi	it appeared (past)	KUH-nih-PIHN-chihn-dih		Verb Drill			118	anki	kanipinchiMdi	inflected	
W0544	కనిపిస్తుంది	kanipistundi	it will appear (future)	KUH-nih-PIHN-toon-dih		Verb Drill			119	anki	kanipintuMdi	inflected	
W0545	ఆపల్ పండు	āpal paṇḍu	Apple						119	book1000	Apple pandu	phrase	
W0546	షో	ṣō	show						119	top1000			
W0547	ఈదు	īdu	to swim	AY-doo		Daily Activity Verbs			120	anki	Eedu		
W0548	కనిపిస్తున్నాడు	kanipistunnāḍu	he/she/it appears (3rd person)	KUH-nih-pihs-TOON-nuh-doo		Verb Drill			120	anki	kanipistunnaDu	inflected	
W0549	అర్ట్టపండు	arṭṭapaṇḍu	Banana						120	book1000	Arati pandu		
W0550	ఇష్టం	iṣṭaṁ	like / liking	IHSH-tuhm		Emotional & Mental Verbs			121	anki,book1000	ishTaM	multi-gloss	also: Like
W0551	సపోటా	sapōṭā	Sapota						121	book1000	Sapota	english-respelled	
W0552	ప్రేమించు	prēminchu	to love	PRAY-mihn-choo		Emotional & Mental Verbs	ప్రేమించు		122	anki	prEmiMchu	verbform	impFam of ప్రేమించు
W0553	జరుగుతుంది	jarugutundi	I am happening / it is going on (present)	JUH-roo-goo-TOON-dih		Verb Drill			122	anki	jarugutuMdi	inflected multi-gloss	also: it will happen (future); he/she/it happens (3rd person)
W0554	సీా ఫ్లం	sīā phlaṁ	Custard apple						122	book1000	Sita phalam	phrase	
W0555	ద్వేషించు	dvēṣinchu	to hate	DVAY-shihn-choo		Emotional & Mental Verbs			123	anki	dvEshiMchu		
W0556	జరిగింది	jarigindi	it happened (past)	JUH-rih-GIHN-dih		Verb Drill			123	anki	jarigiMdi	inflected	
W0557	త్రదాక్ష	tradākṣa	Grapes						123	book1000	Draksha		
W0558	ఇవ్వాలని	ivvālani	give						123	top1000			
W0559	భయం	bhayaṁ	fear	BUH-yuhm		Emotional & Mental Verbs			124	anki	bhayaM		
W0560	జంపండు	jampaṇḍu	Guava						124	book1000	Jam pandu		
W0561	భయపడు	bhayapaḍu	to be afraid	BUH-yuh-puh-doo		Emotional & Mental Verbs			125	anki	bayapaDu		
W0562	నిమకాయ	nimakāya	Lemon						125	book1000	Nimmakay		
W0563	సంతోషం	santōṣaṁ	happiness	suhn-TOH-shuhm		Emotional & Mental Verbs			126	anki,book1000	santOshM		
W0564	ల్లచి	llachi	Lychee						126	book1000	Litchi		
W0565	బాధ	bādha	sadness / sorrow	BAA-dhuh		Emotional & Mental Verbs			127	anki	baadha		
W0566	బయలుదేరుతున్నాను	bayaludērutunnānu	I am departing (present)	BUY-uh-luh-DAY-roo-toon-NAA-noo		Verb Drill			127	anki	bayaladErutuMnaanu	inflected	
W0567	కోపం	kōpaṁ	anger	KOH-puhm		Emotional & Mental Verbs			128	anki,top1000	kOpaM		
W0568	బయలుదేరాను	bayaludērānu	I departed (past)	BUY-uh-luh-DAY-raa-noo		Verb Drill			128	anki	bayaladEraanu	inflected	
W0569	బయలుదేరుతాను	bayaludērutānu	I will depart (future)	BUY-uh-luh-DAY-roo-taa-noo		Verb Drill			129	anki	bayaladErutaanu	inflected	
W0570	కేవలం	kēvalaṁ	just						129	top1000			
W0571	ఆశ్చర్యం	āścharyaṁ	surprise	AASH-chuhr-yuhm		Emotional & Mental Verbs			130	anki,top1000	aashcharyaM		
W0572	బయలుదేరుతుంది	bayaludērutundi	he/she/it departs (3rd person)	BUY-uh-luh-DAY-roo-toon-dih		Verb Drill			130	anki	bayaladErutuMdi	inflected	
W0573	బొపాయ్య	bopāyya	Boppaya						130	book1000		english-respelled no-romanization	
W0574	రూపం	rūpaṁ	form						130	top1000			
W0575	వింత	vinta	strangeness / wonder; strange	VIHN-tuh		Emotional & Mental Verbs			131	anki,top1000	viMta		
W0576	పెరి పండు	peri paṇḍu	Pear						131	book1000	Peri pandu	phrase	
W0577	జాలి	jāli	pity / sympathy	JAA-lihn		Emotional & Mental Verbs			132	anki	jaaliM		
W0578	అనాసపండు	anāsapaṇḍu	Pineapple						132	book1000	Anaasa pandu		
W0579	గొప్ప	goppa	great						132	top1000			
W0580	ఖుషి	khuṣi	happiness (Hyd)	KOO-shih		Emotional & Mental Verbs			133	anki	kushi	multi-gloss	also: happy (Urdu)
W0581	రేగుపండు	rēgupaṇḍu	Plum						133	book1000	Regu pandu		
W0582	అనుకుంటున్నాను	anukuṇṭunnānu	think						133	top1000		inflected	
W0583	ఫికర్	phikar	worry (Hyd/Urdu)	FIH-kuhr		Emotional & Mental Verbs			134	anki	fikar		
W0584	దిక్కు	dikku	Direction						134	book1000	Dhikku		
W0585	సే	sē	say						134	top1000			
W0586	ఓరిక	ōrika	patience	OH-rih-kuh		Emotional & Mental Verbs			135	anki	Orika		
W0587	తూర్పు	tūrpu	East						135	book1000,top1000	Thoorupu		
W0588	ధైర్యం	dhairyaṁ	courage	DHUH-eer-yuhm		Emotional & Mental Verbs			136	anki	dhairyaM		
W0589	పశ్చిమ	paśchima	West						136	book1000,top1000	Paschima		
W0590	గర్వం	garvaṁ	pride	GUHR-vuhm		Emotional & Mental Verbs			137	anki	garvM		
W0591	ఉత్తరం	uttaraṁ	North						137	book1000	Uttaram		
W0592	లైన్	lain	line						137	top1000			
W0593	సిగ్గు	siggu	shame / shyness	SIHG-goo		Emotional & Mental Verbs			138	anki	siggu		
W0594	దక్షిణం	dakṣiṇaṁ	South						138	book1000	Dhakshinam		
W0595	తేడా	tēḍā	differ						138	top1000			
W0596	విసుగు	visugu	boredom / tiredness	VIH-soo-goom		Emotional & Mental Verbs			139	anki	visuguM		
W0597	సంతృప్తి	santṛpti	satisfaction	suhn-TRUP-tih		Emotional & Mental Verbs			140	anki	saMtRupti		
W0598	ఎంజాయ్	enjāy	enjoy (loanword, common)	en-JOY		Emotional & Mental Verbs			141	anki	eMjoii		
W0599		Anthataa	Everywhere						141	book1000	Anthataa	needs-script no-script	
W0600	మిస్ అవ్వు	mis avvu	to miss (someone)	MISS UHV-voo		Emotional & Mental Verbs			142	anki	miss avvu	phrase	
W0601	ఆమార్గంలో	āmārgaṁlō	That way						142	book1000	Aa maarghamlo		
W0602	ఎడమవైపుతిరుగు	eḍamavaiputirugu	Turn left						143	book1000	Yedama vypu thirughu		
W0603	సుఖం	sukhaṁ	comfort / ease	SOOKH-uhm		Emotional & Mental Verbs			144	anki	sukhM		
W0604	కుడివైపుతిరుగు	kuḍivaiputirugu	Tur Turn right						144	book1000	Kudi vypu thirughu		
W0605	తరలింపు	taralimpu	move						144	top1000			
W0606	ఆరోగ్యం	ārōgyaṁ	health	AA-rohg-yuhm		Emotional & Mental Verbs			145	anki	aarogyaM		
W0607	చుట్టూతిరుగు	chuṭṭūtirugu	Turn around						145	book1000	Chuttoo thirughu		
W0608	ఎదురుగా	edurugā	Opposite						146	book1000	Yedhurugha		
W0609	బాయ్	bāy	boy						146	top1000			
W0610	మెల్లిగా	melligā	Slowly						147	book1000	Melliga		
W0611	చెడ్డ	cheḍḍa	bad	CHED-duh		Common Adjectives			148	anki	cheDDa		
W0612	మీద	mīda	On top						149	book1000	Meedha		
W0613	అదే	adē	same						149	top1000			
W0614	కొత్త	kotta	new / fresh	KOHT-tuh		Common Adjectives			151	anki,book1000,top1000	kotta	multi-gloss	also: new
W0615	లోపలా	lōpalā	Inside						151	book1000	Lopala		
W0616	పాత	pāta	old (thing)	PAA-tuh		Common Adjectives			152	anki,book1000,top1000	paata	multi-gloss	also: Old
W0617	బయటా	bayaṭā	Outside						152	book1000	Bayata		
W0618	ముసలి	musali	old (person)	MOO-doo		Common Adjectives			153	anki	mudu		
W0619	ఉన్నప్పుడు	unnappuḍu	when						153	top1000			
W0620	యువ	yuva	young	YUHV-vuh-nuh		Common Adjectives			154	anki,top1000	yavvana		
W0621	సమీపంలో	samīpaṁlō	Nearby; near						154	book1000,top1000	Sameepamlo		
W0622	అప్	ap	up						154	top1000			
W0623	అందమైన	andamaina	beautiful	UHN-duh-MY-nuh		Common Adjectives			155	anki	aMdamaina		
W0624	ఉపయోగం	upayōgaṁ	use						155	top1000			
W0625	పొడుగు	poḍugu	tall / long	POH-doo-goo		Common Adjectives			156	anki	poDugu		
W0626	పొట్టి	poṭṭi	short (height)	POHT-tih		Common Adjectives			157	anki	poTTi		
W0627	ప్రధమ	pradhama	Ahead						157	book1000	Mundhuga		
W0628	మార్గం	mārgaṁ	path; way						157	top1000			
W0629	లావు	lāvu	fat / thick	LAA-voo		Common Adjectives			158	anki	laavu	inflected	
W0630	వెనుక	venuka	Behind						158	book1000,top1000	Venaka		
W0631	గురించి	gurinchi	about						158	top1000			
W0632	సన్నము	sannamu	thin	SUHN-nuh-moo		Common Adjectives			159	anki	sannamu		
W0633	నా వెంటరండి	nā veṇṭaraṇḍi	Follow me						159	book1000	Na venta randi	inflected phrase	
W0634	అనేక	anēka	several; many						159	top1000			
W0635	వేగం	vēgaṁ	fast / speed	VAY-guhm		Common Adjectives			160	anki,top1000	vegaM	multi-gloss	also: speed
W0636	విమానాశ్రయం	vimānāśrayaṁ	Airport						160	book1000	Vimaanashrayam		
W0637	మెల్లగ	mellaga	gently / softly / slowly	MEL-luh-guh		Common Adjectives			161	anki	mellaga	multi-gloss	also: slowly
W0638	జాగ్రత్తగా నడపనుంది	jāgrattagā naḍapanundi	Drive carefully						161	book1000	Jaagraththaghaa nadapandi	inflected phrase	
W0639	వాటిని	vāṭini	might; them						161	top1000			
W0640	త్వరగ	tvaraga	quickly / soon	TVUH-ruh-guh		Common Adjectives			162	anki	tvaraga	multi-gloss	also: quickly
W0641		GORILA Balla	Table						162	book1000	GORILA Balla	needs-script no-script	
W0642	రాయడానికి	rāyaḍāniki	write				రాయి		162	top1000		verbform	purpose of రాయి
W0643	తక్కువ	takkuva	less / few; low	TUHK-koo-vuh		Common Adjectives			164	anki,top1000	takkuva	multi-gloss	also: less
W0644	వంటి	vaṇṭi	like						164	top1000			
W0645	చాలా	chālā	very / a lot; much	CHAA-laa		Common Adjectives			165	anki,top1000	chaalaa	multi-gloss	also: very; too; quite; lot
W0646	ప్రజలు	prajalu	People						165	book1000,top1000	Prajalu		
W0647	కాబట్టి	kābaṭṭi	so						165	top1000			
W0648	పూర్తిగ	pūrtiga	completely	POOR-tih-guh		Common Adjectives			167	anki	puurtiga		
W0649	ఆమె యొక్క	āme yokka	her						167	top1000		phrase	
W0650	సరైంది	saraindi	correct / right	SUH-rye-ndih		Common Adjectives			168	anki	saraiMdi		
W0651	పిచ్చి	pichchi	Mad						168	book1000	Pichi		
W0652	దీర్ఘ	dīrgha	long						168	top1000			
W0653	తప్పు	tappu	wrong / mistake	TUHP-poo		Common Adjectives			169	anki,top1000	tappu	multi-gloss	also: wrong
W0654	ప్రశ్న	praśna	Question						169	book1000,top1000	Prasna		
W0655	ఈజీ	ījī	easy (loanword)	EE-zee		Common Adjectives			170	anki	easy		
W0656	మార్కులు	mārkulu	Marks						170	book1000	Markulu	english-respelled	
W0657	ముఖ్యమైన	mukhyamaina	important	MOOKH-yuh-MY-nuh		Common Adjectives			172	anki	mukhyamaina		
W0658	అవసరమైన	avasaramaina	necessary	UH-vuh-suh-ruh-MY-nuh		Common Adjectives			173	anki	avasaramaina		
W0659	గడియారం	gaḍiyāraṁ	Clock						173	book1000,top1000	Gadiyaram		
W0660	సాధ్యం	sādhyaṁ	possible	SUH-kuh-rih		Common Adjectives			174	anki,top1000	sakari		
W0661	తినండి	tinaṇḍi	Eat ( Respect				తిను		174	book1000	Thinandi	inflected verbform	impPol of తిను
W0662	సాధ్యం కాదు	sādhyaṁ kādu	impossible	SAADH-yuhm KAA-doo		Common Adjectives			175	anki	saadhyaM kaadu	phrase	
W0663	నివాసస్థుడు	nivāsasthuḍu	Resident						175	book1000	Nivasasthudu		
W0664	రోజూ	rōjū	daily	ROH-joo		Common Adjectives			176	anki	rojuu		
W0665	కుటుంభం	kuṭumbhaṁ	Family						176	book1000	Kutumbam		
W0666	మరింత	marinta	more						176	top1000			
W0667	ఇబ్బంది	ibbandi	Trouble						177	book1000,top1000	Ibbandi		
W0668	పక్క	pakka	for sure / definitely (Hyd)	PUHK-kuh		Common Adjectives			178	anki	pakka	multi-gloss	also: certain / sure (Hyd)
W0669	అనుకొనుట	anukonuṭa	could						178	top1000			
W0670	ఖాళీ	khāḷī	empty (Hyd/Urdu)	KHAA-lee		Common Adjectives			179	anki	khalee		
W0671	వెళ్ళి	veḷḷi	go						179	top1000			
W0672	నిండ	niṇḍa	full	NIHN-duh		Common Adjectives			180	anki	ninda		
W0673	వచ్చిన	vachchina	come						180	top1000			
W0674	వేడి	vēḍi	hot (feeling)	VAY-dih		Common Adjectives			181	anki,top1000	vEDi	multi-gloss	also: hot; heat
W0675	చేసింది	chēsindi	did				చేయి		181	top1000		inflected verbform	past of చేయి
W0676	చల్లి	challi	cold	CHUHL-lih		Common Adjectives			182	anki	challi		
W0677	రాయడం	rāyaḍaṁ	Writing						182	book1000	Rayadam		
W0678	సంఖ్య	sankhya	number						182	top1000			
W0679	తడి	taḍi	wet	TUH-dih		Common Adjectives			183	anki	taDi		
W0680	శబ్దము	śabdamu	sound						183	top1000			
W0681	ఎండిన	eṇḍina	dry	EN-dih-nuh		Common Adjectives			184	anki	endina		
W0682	బరువు	baruvu	heavy; weight	BUH-roo-voo		Common Adjectives			185	anki,top1000	baruvu		
W0683	అత్యంత	atyanta	most						185	top1000			
W0684	తేలికైన	tēlikaina	light (weight)	TEH-lih-KY-nuh		Common Adjectives			186	anki	telikaina		
W0685	మెత్తగ	mettaga	soft	METH-thuh-guh		Common Adjectives			187	anki	meththaga		
W0686	ఓపిక	ōpika	Patience						187	book1000	Opika		
W0687	గట్టిగ	gaṭṭiga	hard / firm / loudly	GUHT-tih-guh		Common Adjectives			188	anki	gaTTiga		
W0688	అంతరాయం	antarāyaṁ	Interrupt						188	book1000	Aantharayam		
W0689	పైగా	paigā	over						188	top1000			
W0690	సరి	sari	okay / alright	SUH-rih		Common Adjectives			189	anki	sari	multi-gloss	also: okay / right
W0691	రెడీ	reḍī	ready (loanword)	RED-ee		Common Adjectives			190	anki,top1000	ready	multi-gloss	also: will; won’t
W0692	పెద్దవాళ్లు	peddavāḷlu	Elders						190	book1000	Peddhavaallu		
W0693	నీటి	nīṭi	water						190	top1000			
W0694	ముందుంది	mundundi	next / coming	MOON-doon-dih		Common Adjectives			191	anki	muMduMdi	inflected	
W0695	కంటే	kaṇṭē	than						191	top1000			
W0696	చివరిది	chivaridi	last	CHIH-vuh-rih-dih		Common Adjectives			192	anki	chivaridi		
W0697	మొదటిది	modaṭidi	first; 1st	MOH-duh-tih-dih		Common Adjectives			193	anki	modaTidi	possible-misprint	close to మొదటి (modaṭi) [site,top1000] — confirm these are different words
W0698	శుభ్రమైన	śubhramaina	Clean						193	book1000	Subramaina		
W0699	రెండవ	reṇḍava	second	REN-duh-vuh		Common Adjectives			194	anki,top1000	reMDava		
W0700	ముద్రణ	mudraṇa	Print						194	book1000,top1000	Mudrana		
W0701	ఉత్తమ	uttama	Best						195	book1000,top1000	Utthama		
W0702	మే	mē	may						195	top1000			
W0703	ప్రత్యేకం	pratyēkaṁ	special / separate	pruh-TYAY-kuhm		Common Adjectives			196	anki	pratyEkaM		
W0704		Samadhanam	Reply						196	book1000	Samadhanam	needs-script no-script	
W0705	డౌన్	ḍaun	down						196	top1000			
W0706	సామాన్యం	sāmānyaṁ	ordinary / normal	SAA-maan-yuhm		Common Adjectives			197	anki	saamaanyaM		
W0707	ప్రమాణం	pramāṇaṁ	Promise						197	book1000	Pramanam		
W0708	వైపు	vaipu	toward; side						197	top1000			
W0709	నిజం	nijaṁ	true / real	NIH-juhm		Common Adjectives			198	anki	nijaM		
W0710	అబద్ధం	abaddhaṁ	lie / false	UH-buhdh-uhm		Common Adjectives			199	anki,top1000	athra	multi-gloss	also: lie
W0711	సరికొత్త	sarikotta	brand new	suh-rih-KOH-thuh		Common Adjectives			200	anki	sarikotha		
W0712	కనుగొనేందుకు	kanugonēnduku	find						200	top1000			
W0713	రోజు	rōju	day	ROH-joo		Time Words			201	anki,book1000,top1000	rOju		
W0714	ఆకర్షణ	ākarṣaṇa	Attraction						201	book1000	Aakarshana		
W0715	ద్వేషం	dvēṣaṁ	Hate						202	book1000	Dwesham		
W0716	స్టాండ్	sṭāṇḍ	stand						202	top1000		english-respelled	
W0717	నిన్న	ninna	yesterday	NIHN-nuh		Time Words			203	anki,book1000	ninna		
W0718	పెళ్లి	peḷli	Marriage						203	book1000	Pelli		
W0719	సొంత	sonta	own						203	top1000			
W0720	రేపు	rēpu	tomorrow	RAY-poo		Time Words			204	anki,book1000	rEpu		
W0721	పాఠశాల	pāṭhaśāla	School						204	book1000,top1000	Paatashala		
W0722	పేజీ	pējī	page						204	top1000			
W0723	మొన్న	monna	day before yesterday	MOON-doo-ROH-joo		Time Words			205	anki	mundurOju		
W0724	ఎల్లుండి	elluṇḍi	day after tomorrow	EL-loon-dih		Time Words			206	anki	elluMDi	inflected	
W0725	ఉదయం	udayaṁ	morning	OO-duh-yuhm		Time Words			207	anki,top1000	udayaM		
W0726	ఏడుపు	ēḍupu	Cry						207	book1000	Eadupu		
W0727	దొరకలేదు	dorakalēdu	found						207	top1000			
W0728	మధ్యాహ్నం	madhyāhnaṁ	afternoon; noon	MUHD-yaa-nuhm		Time Words			208	anki,book1000,top1000	maDhyaahnaM		
W0729	సమాధానం	samādhānaṁ	answer						208	top1000			
W0730	సాయంత్రం	sāyantraṁ	evening	SAA-yuhn-truhm		Time Words			209	anki,book1000,top1000	saayaMtraM		
W0731	రాత్రి	rātri	night	RAA-trih		Time Words			210	anki,top1000	raatri		
W0732	ఇప్పుడే	ippuḍē	Right now						210	book1000	Ippude		
W0733	పెరుగుతాయి	perugutāyi	grow						210	top1000		inflected	
W0734	గంట	gaṇṭa	hour	GUHN-tuh		Time Words			211	anki,top1000	gaMTa		
W0735	పెద్దది	peddadi	Large						211	book1000	Peddadi	possible-misprint	close to పెద్ద (pedda) [site,anki,top1000] — confirm these are different words
W0736	అధ్యయనం	adhyayanaṁ	study						211	top1000			
W0737	చిన్నది	chinnadi	Small						212	book1000	Chinnadi	possible-misprint	close to చిన్న (chinna) [site,anki,top1000] — confirm these are different words
W0738	ఇప్పటికీ	ippaṭikī	still						212	top1000			
W0739	సెకను	sekanu	second (time)	SAY-kuhn-doo		Time Words			213	anki	sEkanu		
W0740	తెలుసుకోవడానికి	telusukōvaḍāniki	learn						213	top1000			
W0741	సమయం	samayaṁ	time	SUH-muh-yuhm		Time Words			214	anki,book1000,top1000	samayaM		
W0742	కొట్టడం	koṭṭaḍaṁ	Beating						214	book1000	Kottadam		
W0743	మొక్క	mokka	plant						214	top1000			
W0744	ఇప్పుడు	ippuḍu	now	IHP-poo-doo		Time Words			215	anki,book1000,top1000	ippuDu		
W0745	ఆవు	āvu	Cow						215	book1000,top1000	Aavu		
W0746	అప్పుడు	appuḍu	then (at that time)	UHP-poo-doo		Time Words			216	anki,top1000	appuDu	multi-gloss	also: then
W0747	ఈగ	īga	Fly						216	book1000	Eega		
W0748	ఆహార	āhāra	food						216	top1000			
W0749	ముందు	mundu	before / earlier / front	MOON-doo		Time Words			217	anki,top1000	muMdu	merged-misprint multi-gloss	also: in front; before; front · anki prints this as -ముందు (-mundu) — treated as a misprint
W0750	ఉడుత	uḍuta	Squirrel						217	book1000	Udutha		
W0751	సూర్యుడు	sūryuḍu	sun						217	top1000			
W0752	తర్వాత	tarvāta	after / later	TUHR-vaa-tuh		Time Words			218	anki,top1000	tarvata	merged-misprint multi-gloss	also: after · anki prints this as -తర్వాత (-tarvāta) — treated as a misprint
W0753	ఊయల	ūyala	Cradle						218	book1000	Ooyala		
W0754	వారం	vāraṁ	week	VAA-ruhm		Time Words			219	anki,top1000	vaaram		
W0755	రిషి	riṣi	Rishi						219	book1000	Rishi		
W0756	మధ్య	madhya	between; among						219	top1000		multi-gloss	also: middle
W0757	నెల	nela	month	NAY-luh		Time Words			220	anki,top1000	nela		
W0758	ఎలుక	eluka	Rat						220	book1000	Eluka		
W0759	రాష్ట్ర	rāṣṭra	state						220	top1000			
W0760	సంవత్సరం	saṁvatsaraṁ	year	SUHM-vuht-suh-ruhm		Time Words			221	anki,top1000	saMvatsaraM		
W0761	ఉంచేందుకు	unchēnduku	keep						221	top1000			
W0762	ప్రతి రోజు	prati rōju	every day	PRUH-tih ROH-joo		Time Words			222	anki	prati rOju	phrase	
W0763	కంటి	kaṇṭi	eye						222	top1000			
W0764	ప్రతి వారం	prati vāraṁ	every week	PRUH-tih VAA-ruhm		Time Words			223	anki	prati vaaram	phrase	
W0765	ఎప్పుడూ	eppuḍū	never; ever						223	top1000			
W0766	ఎంతసేపు	entasēpu	how long (duration)	EN-tuh-SAY-poo		Time Words			224	anki	eMtasEpu		
W0767	గత	gata	last; past						224	top1000			
W0768	ఈమధ్య	īmadhya	recently	AY-muh-dhyuh		Time Words			225	anki	eemaDhya		
W0769	పదాలు	padālu	Words						225	book1000	Padaalu		
W0770	వీలు	vīlu	let						225	top1000			
W0771	ఎప్పటినుండి	eppaṭinuṇḍi	since when	AY-ppuh-tih-noon-dih		Time Words			226	anki	eeppaTinuMDi	inflected	
W0772	ఈలోగ	īlōga	meanwhile	AY-loh-guh		Time Words			227	anki	eelOga		
W0773	మళ్ళీ	maḷḷī	again	MUHL-lee		Time Words			228	anki,top1000	maLLee		
W0774	ఎప్పటికీ	eppaṭikī	by when	EP-puh-tih-kee		Time Words			229	anki	eeppaTikee		
W0775	క్రాస్	krās	cross						229	top1000			
W0776	వ్యవసాయ	vyavasāya	farm						230	top1000			
W0777	సోమవారం	sōmavāraṁ	Monday	SOH-muh-vaa-ruhm		Days of the Week			231	anki	sOmavaaram		
W0778	హార్డ్	hārḍ	hard						231	top1000		english-respelled	
W0779	మంగళవారం	mangaḷavāraṁ	Tuesday	MUHN-guh-luh-vaa-ruhm		Days of the Week			232	anki	maMgaLavaaram		
W0780	ప్రారంభం	prārambhaṁ	start; begin						232	top1000			
W0781	బుధవారం	budhavāraṁ	Wednesday	BOO-dhuh-vaa-ruhm		Days of the Week			233	anki	budhavaaram		
W0782	గురువారం	guruvāraṁ	Thursday	GOO-roo-vaa-ruhm		Days of the Week			234	anki	guruvaaram		
W0783	శుక్రవారం	śukravāraṁ	Friday	SHOOK-ruh-vaa-ruhm		Days of the Week			235	anki	shukravaaram		
W0784	రంపపు	rampapu	saw						235	top1000			
W0785	శనివారం	śanivāraṁ	Saturday	SHUH-nih-vaa-ruhm		Days of the Week			236	anki	shanivaaram		
W0786	ఇప్పటివరకు	ippaṭivaraku	far						236	top1000			
W0787	ఆదివారం	ādivāraṁ	Sunday	AA-dih-vaa-ruhm		Days of the Week			237	anki	aadivaaraM		
W0788	సున్న	sunna	zero	SOON-yuh		Numbers			238	anki	sunya		
W0789	డ్రా	ḍrā	draw						238	top1000			
W0790	చివరి	chivari	late						240	top1000			
W0791	రన్	ran	run						241	top1000			
W0792	చేయలేను	chēyalēnu	don’t						242	top1000			
W0793	పత్రికా	patrikā	press						244	top1000			
W0794	దగ్గరగా	daggaragā	close						245	top1000			
W0795	నిజ	nija	real						247	top1000			
W0796	జీవితం	jīvitaṁ	life						248	top1000			
W0797	ఉత్తర	uttara	north						250	top1000			
W0798	తీసుకు	tīsuku	carry						252	top1000			
W0799	పట్టింది	paṭṭindi	took						253	top1000		inflected	
W0800	సైన్స్	sains	science						254	top1000			
W0801	తినడానికి	tinaḍāniki	eat				తిను		255	top1000		verbform	purpose of తిను
W0802	ప్రారంభమైంది	prārambhamaindi	began						258	top1000			
W0803	వంద / నూరు	vanda / nūru	hundred	VUHN-duh / NOH-roo		Numbers			259	anki	vaMda / nooru	phrase	
W0804	వేయి	vēyi	thousand	VAY-yih		Numbers			260	anki	vEyi		
W0805	ఇక్కడ	ikkaḍa	here	IHK-kuh-duh		Location & Direction			261	anki,book1000,top1000	ikkaDa		
W0806	పర్వతము	parvatamu	mountain						261	top1000			
W0807	అక్కడ	akkaḍa	there	UHK-kuh-duh		Location & Direction			262	anki,book1000,top1000	akkaDa		
W0808	ఆపడానికి	āpaḍāniki	stop						262	top1000			
W0809	లోపల	lōpala	inside	LOH-puh-luh		Location & Direction			263	anki	lOpala		
W0810	ఒకసారి	okasāri	once						263	top1000			
W0811	బయట	bayaṭa	outside	BUH-yuh-tuh		Location & Direction			264	anki	bayaTa		
W0812	బేస్	bēs	base						264	top1000			
W0813	పైన	paina	on top / above	PYE-nuh		Location & Direction			265	anki,book1000,top1000	paina	multi-gloss	also: Above
W0814	కింద	kinda	below / under	KIHN-duh		Location & Direction			266	anki,book1000,top1000	kiMda	merged-misprint multi-gloss	also: Below; under · anki prints this as -కింద (-kinda) — treated as a misprint
W0815	గుర్రం	gurraṁ	horse						266	top1000			
W0816	కట్	kaṭ	cut						267	top1000			
W0817	పక్కన	pakkana	beside / next to	PUHK-kuh-nuh		Location & Direction			269	anki	pakkana		
W0818	చూడటానికి	chūḍaṭāniki	watch						269	top1000			
W0819	దగ్గర	daggara	near	DUHG-guh-ruh		Location & Direction			270	anki	daggara		
W0820	దూరం	dūraṁ	far	DOO-ruhm		Location & Direction			271	anki	dUraM		
W0821	ఎడమ	eḍama	left	EH-duh-muh		Location & Direction			272	anki,book1000,top1000	eDama		
W0822	కుడి	kuḍi	right (direction)	KOO-dih		Location & Direction			273	anki,book1000,top1000	kuDi	multi-gloss	also: right
W0823	ప్రధాన	pradhāna	major; main						273	top1000			
W0824	నేరుగ	nēruga	straight	NAY-roo-guh		Location & Direction			274	anki	nEruya		
W0825	ఓపెన్	ōpen	open						274	top1000		english-respelled	
W0826	మధ్యలో	madhyalō	in the middle	MUHD-yuh-loh		Location & Direction			275	anki	madhyalO		
W0827	అనిపించవచ్చు	anipinchavachchu	seem						275	top1000			
W0828	చుట్టు	chuṭṭu	around	CHOOT-too		Location & Direction			276	anki	chuTTu		
W0829	కలిసి	kalisi	together						276	top1000			
W0830	ఇల్లు	illu	house / home	IHL-loo		Location & Direction			277	anki,book1000,top1000	illu	multi-gloss	also: Home; house
W0831	తదుపరి	tadupari	next						277	top1000			
W0832	ఇంటికి	iṇṭiki	to home	IHN-tih-kih		Location & Direction			279	anki	intiki		
W0833	ఆఫీస్	āphīs	office	AW-fiss		Location & Direction			280	anki	office		
W0834	స్కూల్	skūl	school	SKOOL		Location & Direction			281	anki	school		
W0835	కాలేజీ	kālējī	college	KAA-lay-jee		Location & Direction			282	anki	kaaleejee		
W0836	నడిచి	naḍichi	walk						282	top1000			
W0837	ఆసుపత్రి	āsupatri	hospital	AAS-pih-trih		Location & Direction			283	anki	aaspitri		
W0838	ఉదాహరణకు	udāharaṇaku	example						283	top1000			
W0839	అంగడి	angaḍi	shop / store	UHN-guh-dih		Location & Direction			284	anki	aMgaDi		
W0840	సులభం	sulabhaṁ	ease						284	top1000			
W0841	బజార్	bajār	market (Urdu)	buh-ZAAR		Location & Direction			285	anki	bazaar	multi-gloss	also: market (Hyd)
W0842	హోటల్	hōṭal	restaurant (common usage)	HOH-tel		Location & Direction			286	anki	hotel		
W0843	సమూహం	samūhaṁ	group						286	top1000			
W0844	మందిర్	mandir	temple	MUHN-dihr		Location & Direction			287	anki	mandir		
W0845	ఎల్లప్పుడూ	ellappuḍū	always						287	top1000			
W0846	మసీదు	masīdu	mosque (Hyd)	MUHS-jihd		Location & Direction			288	anki	masjid		
W0847	సంగీతం	sangītaṁ	music						288	top1000			
W0848	చర్చి	charchi	church	CHURCH		Location & Direction			289	anki	church		
W0849	రాస్తా	rāstā	road / way	RAAS-taa		Location & Direction			290	anki	raastaa		
W0850	వీధి	vīdhi	street	VAY-dhih		Location & Direction			291	anki,top1000	veedhi		
W0851	మార్క్	mārk	mark						291	top1000		english-respelled	
W0852	తరచుగా	tarachugā	often						292	top1000			
W0853	నగరం	nagaraṁ	city	NUH-guh-ruhm		Location & Direction			293	anki,top1000	nagaraM		
W0854	లేఖ	lēkha	letter						293	top1000			
W0855	వరకు	varaku	until						294	top1000		bound-suffix	
W0856	ప్రదేశం	pradēśaṁ	state / region	pruh-DAY-shuhm		Location & Direction			295	anki	pradeshaM		
W0857	మైలు	mailu	mile						295	top1000			
W0858	జనాలు	janālu	people	JUH-naa-loo		People & Family			297	anki	janaalu		
W0859	అడుగుల	aḍugula	feet						298	top1000			
W0860	సంరక్షణ	saṁrakṣaṇa	care						299	top1000			
W0861	తగినంత	taginanta	enough						301	top1000			
W0862	సాదా	sādā	plain						302	top1000			
W0863	సాధారణ	sādhāraṇa	general; usual						304	top1000		multi-gloss	also: common; simple
W0864	అన్న	anna	elder brother	UHN-nuh		People & Family			305	anki	anna		
W0865	సిద్ధంగా	siddhangā	ready						306	top1000			
W0866	చెల్లెలు	chellelu	younger sister	CHEL-leh-loo		People & Family			308	anki	chellelu		
W0867	తాతయ్య	tātayya	grandfather	THAA-thuh-yuh		People & Family			309	anki	thaathayya		
W0868	ఎరుపు	erupu	red						309	top1000			
W0869	జాబితా	jābitā	list						310	top1000			
W0870	మామ	māma	maternal uncle	MAA-muh		People & Family			312	anki	maama		
W0871	అనుభూతి	anubhūti	feel						312	top1000			
W0872	చర్చ	charcha	talk						313	top1000			
W0873	త్వరలో	tvaralō	soon						315	top1000			
W0874	ఫ్రెండ్	phreṇḍ	friend (loanword, common)	FREND		People & Family			316	anki	friend		
W0875	శరీర	śarīra	body						316	top1000			
W0876	బాస్	bās	boss (loanword)	BOSS		People & Family			317	anki	boss		
W0877	సర్	sar	sir	SIR		People & Family			318	anki	sir		
W0878	కుటుంబం	kuṭumbaṁ	family						318	top1000			
W0879	మేడం	mēḍaṁ	madam	MAY-duhm		People & Family			319	anki	mEDam		
W0880	ప్రత్యక్ష	pratyakṣa	direct						319	top1000			
W0881	కలీగ్	kalīg	colleague (loanword)	KOL-eeg		People & Family			320	anki	colleague		
W0882	భంగిమలో	bhangimalō	pose						320	top1000			
W0883	వదిలి	vadili	leave						321	top1000			
W0884	మాస్టర్	māsṭar	teacher (common)	MAAS-tuhr		People & Family			322	anki,top1000	master	multi-gloss	also: master
W0885	కుర్రవాడు	kurravāḍu	driver	KOOR-ruh-vaa-doo		People & Family			323	anki	kuurravaaDu	inflected	
W0886	కొలవటానికి	kolavaṭāniki	measure						323	top1000			
W0887	పక్కింటాడు	pakkiṇṭāḍu	neighbor (male)	PUHK-kihn-taa-doo		People & Family			324	anki	pakkintaaDu	inflected	
W0888	అబ్బాయిలు	abbāyilu	boys / guys	UHB-baa-yih-loo		People & Family			325	anki	abbaayilu		
W0889	ఉత్పత్తి	utpatti	product; produce						325	top1000			
W0890	అమ్మాయిలు	ammāyilu	girls	UHM-maa-yih-loo		People & Family			326	anki	ammayilu		
W0891	జన్మ	janma	birth	JUH-nuhm		People & Family			327	anki	janM		
W0892	సంఖ్యా	sankhyā	numeral						328	top1000			
W0893	తరగతి	taragati	class						329	top1000			
W0894	టీమ్	ṭīm	team (loanword)	TEEM		People & Family			330	anki	team		
W0895	మేనేజర్	mēnējar	manager (loanword)	MAN-uh-juhr		People & Family			331	anki	manager		
W0896	క్లయింట్	klayiṇṭ	client (loanword)	KLY-uhnt		People & Family			332	anki	client		
W0897	జరిగే	jarigē	happen						332	top1000			
W0898	కస్టమర్	kasṭamar	customer (loanword)	KUHS-tuh-muhr		People & Family			333	anki	customer		
W0899	గ్రూప్	grūp	group (loanword)	GROOP		People & Family			334	anki	group		
W0900	ఓడ	ōḍa	ship						334	top1000			
W0901	కంపెనీ	kampenī	company (loanword)	KUHM-puh-nee		People & Family			335	anki	company		
W0902	ప్రాంతం	prāntaṁ	region; area						335	top1000			
W0903	మీటింగ్	mīṭing	meeting (loanword)	MEE-ting		People & Family			336	anki	meeting		
W0904	సగం	sagaṁ	half						336	top1000			
W0905	ప్రాజెక్ట్	prājekṭ	project (loanword)	PRAH-jekt		People & Family			337	anki	project		
W0906	రాక్	rāk	rock						337	top1000			
W0907	రిపోర్ట్	ripōrṭ	report (loanword)	rih-PORT		People & Family			338	anki	report		
W0908	ఈమెయిల్	īmeyil	email (loanword)	EE-mayl		People & Family			339	anki	email		
W0909	కాల్	kāl	phone call (loanword)	KAWL		People & Family			340	anki,top1000	call	multi-gloss	also: call
W0910	దక్షిణ	dakṣiṇa	south						340	top1000			
W0911	జుట్టు	juṭṭu	hair	JUHT-too		Body & Senses			342	anki,top1000	jaTTu		
W0912	ముక్క	mukka	piece						342	top1000			
W0913	ముఖం	mukhaṁ	face	MOOKH-uhm		Body & Senses			343	anki,book1000,top1000	mukhM		
W0914	చెప్పారు	cheppāru	told				చెప్పు		343	top1000		inflected verbform	past of చెప్పు
W0915	కన్ను	kannu	eye	KUHN-noo		Body & Senses			344	anki	kannu		
W0916	కళ్ళు	kaḷḷu	eyes	KUHL-loo		Body & Senses			345	anki	kaLLu		
W0917	చెవి	chevi	ear; key	CHAY-vih		Body & Senses			346	anki,top1000	cheevi		
W0918	ముక్కు	mukku	nose	MOOK-koo		Body & Senses			347	anki,top1000	mukku		
W0919	టాప్	ṭāp	top						347	top1000			
W0920	నోరు	nōru	mouth	NOH-roo		Body & Senses			348	anki,top1000	nooru		
W0921	మొత్తం	mottaṁ	whole; total						348	top1000			
W0922	నాలుక	nāluka	tongue	NUH-loo-kuh		Body & Senses			349	anki	naluuka		
W0923	రాజు	rāju	king						349	top1000			
W0924	పళ్ళు	paḷḷu	teeth	PUHL-loo		Body & Senses			350	anki,top1000	pallu		
W0925	చేయి	chēyi	hand; arm	CHAY-yih		Body & Senses	చేయి		351	anki,top1000	chEyi	verbform	impFam of చేయి
W0926	అంగుళం	anguḷaṁ	inch						351	top1000			
W0927	చేతులు	chētulu	hands	CHAY-too-loo		Body & Senses			352	anki	chEtulu		
W0928	గుణిస్తారు	guṇistāru	multiply						352	top1000		inflected	
W0929	కాలు	kālu	leg / foot	KAA-loo		Body & Senses			353	anki	kaalu		
W0930	ఏమీ	ēmī	nothing						353	top1000			
W0931	వేలు	vēlu	finger	VAY-loo		Body & Senses			354	anki,top1000	vElu		
W0932	కోర్సు	kōrsu	course						354	top1000			
W0933	గుండె	guṇḍe	heart	GOON-day		Body & Senses			355	anki,top1000	guMDE		
W0934	ఉండడానికి	uṇḍaḍāniki	stay				ఉండు		355	top1000		verbform	purpose of ఉండు
W0935	పొట్ట	poṭṭa	stomach	POHT-tuh		Body & Senses			356	anki	pOTTa		
W0936	చక్రం	chakraṁ	wheel						356	top1000			
W0937	వీపు	vīpu	back (body)	VAY-poo		Body & Senses			357	anki	veepu		
W0938	మెడ	meḍa	neck	MEH-duh		Body & Senses			359	anki,top1000	meDa		
W0939	శరీరం	śarīraṁ	body	shuh-REE-ruhm		Body & Senses			360	anki	shareeraM		
W0940	వస్తువు	vastuvu	object						360	top1000			
W0941	రక్తం	raktaṁ	blood	RUHK-thuhm		Body & Senses			361	anki	rakthM		
W0942	నిర్ణయించుకుంటారు	nirṇayinchukuṇṭāru	decide						361	top1000		inflected	
W0943	ఎముక	emuka	bone	EH-duh		Body & Senses			362	anki,top1000	eDa		
W0944	ఉపరితల	uparitala	surface						362	top1000			
W0945	చర్మం	charmaṁ	skin	CHUHR-muhm		Body & Senses			363	anki,top1000	charmaM		
W0946	లోతైన	lōtaina	deep						363	top1000			
W0947	గొంతు	gontu	throat	GUHN-tloo		Body & Senses			364	anki	gaMTlu		
W0948	చంద్రుడు	chandruḍu	moon						364	anki,top1000	candrudu		
W0949	శ్వాస	śvāsa	breath	SWUH-suhm		Body & Senses			365	anki	swasaM		
W0950	ద్వీపం	dvīpaṁ	island						365	top1000			
W0951	నొప్పి	noppi	pain	NOH-ppih		Body & Senses			366	anki	nOppi		
W0952	జ్వరం	jvaraṁ	fever	JVUH-ruhm		Body & Senses			367	anki	jvaraM		
W0953	వ్యవస్థ	vyavastha	system						367	top1000			
W0954	జబ్బు	jabbu	illness / sickness	JUHB-boo		Body & Senses			368	anki	jabbu		
W0955	బిజీగా	bijīgā	busy						368	top1000			
W0956	మందు	mandu	medicine	MUHN-dhoo		Body & Senses			369	anki	mandhu		
W0957	balance	balance	standing	NIH-luh-buhd-tuhm		Body & Senses			370	anki	nilabaDTaM		
W0958	రికార్డు	rikārḍu	record						370	top1000			
W0959	భోజనం	bhōjanaṁ	food / meal; MealsBhojanam	BHOH-juh-nuhm		Food & Drink			371	anki,book1000	bhoojanaM		
W0960	పడవ	paḍava	boat						371	top1000			
W0961	తిండి	tiṇḍi	snack / food (casual)	TIHN-dih		Food & Drink			372	anki	tiMDi	inflected	
W0962	అన్నం	annaṁ	rice (cooked)	UHN-nuhm		Food & Drink			373	anki	annaM	multi-gloss	also: rice
W0963	బిర్యానీ	biryānī	biryani	bihr-YAA-nih		Food & Drink			374	anki	biryani	english-respelled	
W0964	రొట్టి	roṭṭi	bread / roti	ROHT-tih		Food & Drink			375	anki	rOTTi		
W0965	విమానం	vimānaṁ	plane						375	top1000			
W0966	చపాతీ	chapātī	chapati	chuh-PAA-thih		Food & Drink			376	anki	chapathi	english-respelled	
W0967	మారుగా	mārugā	stead						376	top1000			
W0968	దోస	dōsa	dosa	DOH-suh		Food & Drink			377	anki	dOsa	english-respelled	
W0969	పొడి	poḍi	dry						377	top1000			
W0970	ఇడ్లీ	iḍlī	idli	IHD-lee		Food & Drink			378	anki	idlee	english-respelled	
W0971	ఆశ్చర్యానికి	āścharyāniki	wonder						378	top1000			
W0972	సాంబార్	sāmbār	sambar	SAAM-baar		Food & Drink			379	anki	saambaar	english-respelled	
W0973	పులుసు	pulusu	curry / gravy	POO-loo-soo		Food & Drink			380	anki	pulusu		
W0974	వేల	vēla	thousand						380	top1000			
W0975	కూర	kūra	vegetable dish / curry	KOH-ruh		Food & Drink			381	anki	koora		
W0976	క్రితం	kritaṁ	ago						381	top1000			
W0977	పచ్చడి	pachchaḍi	chutney / pickle	PUHCH-chuh-dih		Food & Drink			382	anki	pachchaDi		
W0978	నడిచింది	naḍichindi	ran				నడవు		382	top1000		inflected verbform	past of నడవు
W0979	పెరుగు	perugu	curd / yogurt	PEH-roo-goo		Food & Drink			383	anki,book1000	perugu	multi-gloss	also: Curd
W0980	తనిఖీ	tanikhī	check						383	top1000			
W0981	పాలు	pālu	milk	PAA-loo		Food & Drink			384	anki,book1000,top1000	paalu		
W0982	గేమ్	gēm	game						384	top1000			
W0983	నెయ్యి	neyyi	ghee	NAY-yih		Food & Drink			385	anki	neyyi		
W0984	ఆకారం	ākāraṁ	shape						385	top1000			
W0985	నూనె	nūne	oil	NOH-nay		Food & Drink			386	anki	noone		
W0986	పోల్చుతారు	pōlchutāru	equate						386	top1000		inflected	
W0987	ఉప్పు	uppu	salt	OOP-poo		Food & Drink			387	anki,book1000,top1000	uppu		
W0988	మిర్చి	mirchi	spicy / awesome (Hyd slang)	MIHR-chih		Food & Drink			388	anki	mirchi	multi-gloss	also: chili
W0989	మిస్	mis	miss						388	top1000			
W0990	మసాలా	masālā	spice mix	muh-SAA-laa		Food & Drink			389	anki	masaalaa		
W0991	తీసుకువచ్చారు	tīsukuvachchāru	brought						389	top1000		inflected	
W0992	తీగ	tīga	sweet (taste)	TAY-guh		Food & Drink			390	anki,top1000	teega	multi-gloss	also: chord
W0993	పులుపు	pulupu	sour	POO-loo-poo		Food & Drink			391	anki	pulupu		
W0994	కారం	kāraṁ	spicy	KAA-ruhm		Food & Drink			392	anki	kaaram		
W0995	టైర్	ṭair	tire						392	top1000			
W0996	చేదు	chēdu	bitter	CHAY-doo		Food & Drink			393	anki	cheeDu		
W0997	తీసుకుని	tīsukuni	bring						393	top1000			
W0998	పండు	paṇḍu	fruit; Fruits	PUHN-doo		Food & Drink			394	anki,book1000,top1000	panDu		
W0999	కూరగాయ	kūragāya	vegetable	KOO-ruh-GAA-yuh		Food & Drink			395	anki	kuragaaya		
W1000	సుదూర	sudūra	distant						395	top1000			
W1001	మాంసం	māṁsaṁ	meat	MAAHM-suhm		Food & Drink			396	anki,top1000	maaMs		
W1002	పూరించడానికి	pūrinchaḍāniki	fill						396	top1000			
W1003	చేప	chēpa	fish (animal)	CHAY-puh		Food & Drink			397	anki,top1000	chepa	multi-gloss	also: fish
W1004	కోడి	kōḍi	chicken	KOH-dih		Food & Drink			398	anki	koDi		
W1005	పెయింట్	peyiṇṭ	paint						398	top1000			
W1006	గుడ్డు	guḍḍu	egg	GOOD-doo		Food & Drink			399	anki,book1000,top1000	guDDu		
W1007	నీళ్ళు	nīḷḷu	water	NEEL-loo		Food & Drink			400	anki	neeLLu		
W1008	కాఫీ	kāphī	coffee	KAA-fee		Food & Drink			401	anki	kaafee		
W1009	యూనిట్	yūniṭ	unit						401	top1000			
W1010	చాయ్	chāy	tea (Urdu)	CHAAY		Food & Drink			402	anki	chaay	multi-gloss	also: tea
W1011	జ్యూస్	jyūs	juice (loanword)	JOOS		Food & Drink			403	anki	juice		
W1012	పట్టణం	paṭṭaṇaṁ	town						403	top1000			
W1013	మిఠాయిలు	miṭhāyilu	sweets / desserts	MIH-thaa-yih-loo		Food & Drink			404	anki	miThaayilu		
W1014	జరిమానా	jarimānā	fine						404	top1000			
W1015	కేక్	kēk	cake (loanword)	KAYK		Food & Drink			405	anki	cake		
W1016	ఐస్ క్రీమ్	ais krīm	ice cream (loanword)	ICE-KREEM		Food & Drink			406	anki	ice cream	phrase	
W1017	ఫ్లై	phlai	fly						406	top1000			
W1018	ప్లేట్	plēṭ	plate (loanword)	PLAYT		Food & Drink			407	anki	plate		
W1019	వస్తాయి	vastāyi	fall						407	top1000		inflected	
W1020	గ్లాస్	glās	glass (loanword)	GLAAS		Food & Drink			408	anki	glass	english-respelled	
W1021	స్పూన్	spūn	spoon (loanword)	SPOON		Food & Drink			409	anki	spoon		
W1022	క్రై	krai	cry						409	top1000			
W1023	టిఫిన్	ṭiphin	breakfast/snack (Hyd)	TIHF-ihn		Food & Drink			410	anki	tiffin		
W1024	కృష్ణ	kṛṣṇa	dark						410	top1000			
W1025	లంచ్	lanch	lunch (loanword)	LUHNCH		Food & Drink			411	anki	lunch		
W1026	యంత్రం	yantraṁ	machine						411	top1000			
W1027	డిన్నర్	ḍinnar	dinner (loanword)	DIHN-uhr		Food & Drink			412	anki	dinner		
W1028	గమనిక	gamanika	note						412	top1000			
W1029	ఆర్డర్	ārḍar	order (loanword)	OR-duhr		Food & Drink			413	anki,top1000	order	multi-gloss	also: order
W1030	వేచి	vēchi	wait						413	top1000			
W1031	బిల్	bil	bill (loanword)	BIHL		Food & Drink			414	anki	bill		
W1032	మెనూ	menū	menu (loanword)	MEN-oo		Food & Drink			415	anki	menu	english-respelled	
W1033	ఫిగర్	phigar	figure						415	top1000			
W1034	ఆకలి	ākali	hunger	AA-kuh-lih		Food & Drink			416	anki	aakali		
W1035	స్టార్	sṭār	star						416	top1000		english-respelled	
W1036	దాహం	dāhaṁ	thirst	DAAH-uhm		Food & Drink			417	anki	daahM		
W1037	బాక్స్	bāks	box						417	top1000			
W1038	రుచి	ruchi	taste	ROO-chih		Food & Drink			418	anki	ruchiyi		
W1039	నామవాచకం	nāmavāchakaṁ	noun						418	top1000			
W1040	వంట	vaṇṭa	cooking	VUHN-tuh		Food & Drink			419	anki	vaMTa		
W1041	ఫీల్డ్	phīlḍ	field						419	top1000			
W1042	వంటింట్లో	vaṇṭiṇṭlō	in the kitchen	VUHN-tihn-tloh		Food & Drink			420	anki	vaMTinTlO		
W1043	మిగిలిన	migilina	rest						420	top1000			
W1044	వాతావరణం	vātāvaraṇaṁ	weather / atmosphere	VAA-taa-vuh-ruh-nuhm		Nature & Weather			421	anki	vaataavaranM		
W1045	సరైన	saraina	correct; proper						421	top1000			
W1046	ఎండ	eṇḍa	sun / heat	EN-duh		Nature & Weather			422	anki	eMDa		
W1047	సామర్థ్యం	sāmarthyaṁ	able						422	top1000			
W1048	వాన	vāna	rain	VUH-nuh		Nature & Weather			423	anki	vana		
W1049	పౌండ్	pauṇḍ	pound						423	top1000			
W1050	గాలి	gāli	wind; air	GAA-lih		Nature & Weather			424	anki,top1000	gaali		
W1051	పూర్తయింది	pūrtayindi	done						424	top1000		inflected	
W1052	మేఘం	mēghaṁ	cloud	MAY-ghuhm		Nature & Weather			425	anki	mEghaM		
W1053	అందం	andaṁ	beauty						425	top1000			
W1054	ఆకాశం	ākāśaṁ	sky	AA-kaa-shuhm		Nature & Weather			426	anki	aakashaM		
W1055	డ్రైవ్	ḍraiv	drive						426	top1000			
W1056	నేల	nēla	ground / floor	NAY-luh		Nature & Weather			427	anki	neela	multi-gloss	also: floor
W1057	నిలిచి	nilichi	stood						427	top1000			
W1058	నీరు	nīru	water (formal)	NAY-roo		Nature & Weather			428	anki	neeRu		
W1059	చెట్టు	cheṭṭu	tree	CHET-too		Nature & Weather			429	anki,top1000	cheTTu		
W1060	పువ్వు	puvvu	flower	POOV-voo		Nature & Weather			430	anki	puvvu		
W1061	బోధించడానికి	bōdhinchaḍāniki	teach						430	top1000			
W1062	ఆకు	āku	leaf	AA-koo		Nature & Weather			431	anki	aaku		
W1063	పంట	paṇṭa	crop	PUHN-tuh		Nature & Weather			432	anki,top1000	paMTa		
W1064	ఆఖరి	ākhari	final						432	top1000			
W1065	మట్టి	maṭṭi	soil / mud	MUHT-tih		Nature & Weather			433	anki,top1000	maTTi	multi-gloss	also: soil
W1066	ఇచ్చింది	ichchindi	gave				ఇవ్వు		433	top1000		inflected verbform	past of ఇవ్వు
W1067	రాయి	rāyi	stone	RAA-yih		Nature & Weather	రాయి		434	anki,book1000,top1000	raayi	inflected verbform	impFam of రాయి
W1068	మంచు	manchu	ice / dew; snow	MUHN-choo		Nature & Weather			435	anki,top1000	maMchu	multi-gloss	also: ice
W1069	ఓహ్	ōh	oh						435	top1000		english-respelled	
W1070	అగ్ని	agni	fire	UHG-nih		Nature & Weather			436	anki,book1000,top1000	agni		
W1071	శీఘ్ర	śīghra	quick						436	top1000			
W1072	జంతువు	jantuvu	animal	JUHN-too-voo		Nature & Weather			437	anki	jaMtuvu		
W1073	కుక్క	kukka	dog	KOOK-kuh		Nature & Weather			438	anki,book1000,top1000	kukka		
W1074	పిల్లి	pilli	cat	PIHL-lih		Nature & Weather			439	anki,top1000	pilli		
W1075	వెచ్చని	vechchani	warm						439	top1000			
W1076	పాము	pāmu	snake	PAA-moo		Nature & Weather			440	anki	paamu	inflected	
W1077	ఉచిత	uchita	free						440	top1000			
W1078	పక్షి	pakṣi	bird	PUHK-shih		Nature & Weather			441	anki,top1000	pakshi		
W1079	బలమైన	balamaina	strong						442	top1000			
W1080	ఏనుగు	ēnugu	elephant	AY-noo-goo		Nature & Weather			443	anki,book1000	Eenugu		
W1081	ప్రత్యేక	pratyēka	particular; special						443	top1000		multi-gloss	also: separate
W1082	పద్మ	padma	lotus	PUHD-muh		Nature & Weather			444	anki	padma		
W1083	సముద్రం	samudraṁ	sea / ocean	suh-MOOD-ruhm		Nature & Weather			445	anki,book1000,top1000	samudraM	merged-misprint multi-gloss	also: Sea · top1000 prints this as సముద్ర (samudra) — treated as a misprint
W1084	నది	nadi	river	NUH-dih		Nature & Weather			446	anki,top1000	nadi		
W1085	స్పష్టమైన	spaṣṭamaina	clear						446	top1000			
W1086	కొండ	koṇḍa	hill / mountain	KOHN-duh		Nature & Weather			447	anki,top1000	konDa	multi-gloss	also: hill
W1087	తోక	tōka	tail						447	top1000			
W1088	అడవి	aḍavi	forest; wild	UH-duh-vih		Nature & Weather			448	anki,top1000	aDavi		
W1089	తోట	tōṭa	garden	TOH-tuh		Nature & Weather			449	anki,top1000	tOTa		
W1090	నిజానికి	nijāniki	fact						449	top1000			
W1091	ప్రకృతి	prakṛti	nature	pruh-KRIH-tih		Nature & Weather			450	anki,top1000	prakriti		
W1092	స్పేస్	spēs	space						450	top1000			
W1093	-లో	-lō	in / inside	loh		Postpositions & Connectors			451	anki	-lO		
W1094	విన్న	vinna	heard						451	top1000			
W1095	-కి / -కు	-ki / -ku	to / for	kih / koo		Postpositions & Connectors			452	anki	-ki / -ku	phrase	
W1096	-తో	-tō	with	toh		Postpositions & Connectors			453	anki	-tO		
W1097	-నుంచి	-nunchi	from	noon-chih		Postpositions & Connectors			454	anki	-nunchi		
W1098	-మీద	-mīda	on / upon	MAY-dhuh		Postpositions & Connectors			455	anki	-meedha		
W1099	నిజమైన	nijamaina	TRUE						455	top1000			
W1100	సమయంలో	samayaṁlō	during						456	top1000			
W1101	-దగ్గర	-daggara	near / at (person)	DUHG-guh-ruh		Postpositions & Connectors			457	anki	-daggara		
W1102	-వైపు	-vaipu	towards / direction	VYE-poo		Postpositions & Connectors			458	anki	-vaipu		
W1103	-గురించి	-gurinchi	about	goo-RIHN-chih		Postpositions & Connectors			459	anki	-guriMchi		
W1104	గుర్తు	gurtu	remember						459	top1000			
W1105	-కోసం	-kōsaṁ	for / for the sake of	KOH-suhm		Postpositions & Connectors			460	anki	-kOsaM		
W1106	-వల్ల	-valla	because of	VUHL-luh		Postpositions & Connectors			461	anki	-vaLLa		
W1107	ప్రారంభ	prārambha	early						461	top1000			
W1108	-వరకు	-varaku	until / up to	VUH-ruh-koo		Postpositions & Connectors			462	anki	-varaku		
W1109	పట్టి	paṭṭi	hold						462	top1000			
W1110	-లేకుండా	-lēkuṇḍā	without	LAY-koon-daa		Postpositions & Connectors			463	anki	-lEkuMDaa		
W1111	మరియు	mariyu	and (formal connector)	muh-THRIH-yoo		Postpositions & Connectors			464	anki,top1000	mathriyU	multi-gloss	also: and
W1112	వడ్డీ	vaḍḍī	interest						465	top1000			
W1113	లేదా	lēdā	or; nor	LAY-daa		Postpositions & Connectors			466	anki,top1000	lEdaa		
W1114	చేరుకోవడానికి	chērukōvaḍāniki	reach						466	top1000			
W1115	ఫాస్ట్	phāsṭ	fast						467	top1000			
W1116	అందుకని	andukani	therefore / so	UHN-doo-kuh-nih		Postpositions & Connectors			468	anki	aMdukani		
W1117	క్రియ	kriya	verb						468	anki,top1000	kriya		
W1118	ఎందుకంటే	endukaṇṭē	because	EN-doo-kuhn-tay		Postpositions & Connectors			469	anki	endukanTE		
W1119	పాడే	pāḍē	sing						469	top1000			
W1120	అయితే	ayitē	if / then; while	EYE-tay		Postpositions & Connectors			470	anki,top1000	aiTE	merged-misprint multi-gloss	also: though · anki prints this as -యితే (-yitē) — treated as a misprint
W1121	వినండి	vinaṇḍi	listen				విను		470	top1000		inflected verbform	impPol of విను
W1122	ఐనా	ainā	even / although	EYE-nuh		Postpositions & Connectors			471	anki	aina		
W1123	కూడా	kūḍā	also / too; even	KOO-duh		Postpositions & Connectors			472	anki,top1000	kuuDa	bound-suffix multi-gloss	also: also
W1124	పట్టిక	paṭṭika	table						472	top1000			
W1125	మాత్రం	mātraṁ	only	MAATH-ruhm		Postpositions & Connectors			473	anki	maathraM		
W1126	ప్రయాణ	prayāṇa	travel						473	top1000			
W1127	-ఏ	-ē	only / emphasis marker	ay		Postpositions & Connectors			474	anki	-E		
W1128	అన్నిటికీ	anniṭikī	for everything	UHN-nih-tih-kee		Postpositions & Connectors			475	anki	annitikee		
W1129	ఏమైనా	ēmainā	something / anything	AY-my-naa		Postpositions & Connectors			476	anki	emainaa		
W1130	ఎవరైనా	evarainā	someone / anyone	AY-vuh-rye-naa		Postpositions & Connectors			477	anki	evarainaa		
W1131	ఎక్కడైనా	ekkaḍainā	somewhere / anywhere	EK-kuh-dye-naa		Postpositions & Connectors			478	anki	ekkaDainaa		
W1132	ఎప్పుడైనా	eppuḍainā	sometime / ever	EP-poo-dye-naa		Postpositions & Connectors			479	anki	eppuDainaa		
W1133	అచ్చు	achchu	vowel						479	top1000			
W1134	ఎంతైనా	entainā	however much	EN-tye-naa		Postpositions & Connectors			480	anki	eMtainaa		
W1135	అన్ని	anni	all (things)	UHN-nih		Postpositions & Connectors			481	anki,top1000	anni	multi-gloss	also: all
W1136	యుద్ధం	yuddhaṁ	war						481	top1000			
W1137	అందరు	andaru	all (people)	UHN-duh-roo		Postpositions & Connectors			482	anki	aMdaru		
W1138	లే	lē	lay						482	top1000			
W1139	ప్రతి	prati	every / each	PRUH-tih		Postpositions & Connectors			483	anki,top1000	prathi	multi-gloss	also: each; every
W1140	వ్యతిరేకంగా	vyatirēkangā	against						483	top1000			
W1141	కొన్ని	konni	some (things)	KOHN-nih		Postpositions & Connectors			484	anki,book1000,top1000	konni	multi-gloss	also: Some; few; certain
W1142	నమూనా	namūnā	pattern						484	top1000			
W1143	కొంతమంది	kontamandi	some (people)	KOHN-thuh-muhn-dih		Postpositions & Connectors			485	anki	konthamanDi		
W1144	నెమ్మదిగా	nemmadigā	slow						485	top1000			
W1145	ఏమీ లేదు	ēmī lēdu	nothing	AY-mih LAY-doo		Postpositions & Connectors			486	anki	Emi lEdu	phrase	
W1146	సెంటర్	seṇṭar	center						486	top1000			
W1147	ఎవ్వరూ లేరు	evvarū lēru	nobody	EV-vuh-roo LAY-roo		Postpositions & Connectors			487	anki	evvarU lEru	phrase	
W1148	ఎక్కడా లేదు	ekkaḍā lēdu	nowhere	EK-kuh-duh LAY-doo		Postpositions & Connectors			488	anki	ekkaDa lEdu	phrase	
W1149	వ్యక్తి	vyakti	person						488	top1000			
W1150	ఎప్పుడూ లేదు	eppuḍū lēdu	never	EP-poo-doo LAY-doo		Postpositions & Connectors			489	anki	eppuDU lEdu	phrase	
W1151	డబ్బు	ḍabbu	money						489	top1000			
W1152	ఒకవేళ	okavēḷa	perhaps / if by chance	OH-kuh-VAY-luh		Postpositions & Connectors			490	anki	okavELa		
W1153	సర్వ్	sarv	serve						490	top1000			
W1154	ఖచ్చితంగా	khachchitangā	definitely; sure	KHUH-chih-tuhm-guh		Postpositions & Connectors			491	anki,top1000	khachitaMga		
W1155	టెలిఫోన్	ṭeliphōn	appear						491	top1000			
W1156	బయటకు	bayaṭaku	to outside	BUH-yuh-tuh-koo		Postpositions & Connectors			492	anki	bayaTaku		
W1157	రోడ్డు	rōḍḍu	road						492	top1000			
W1158	లోపలి	lōpali	inner / inside (adj)	LOH-puh-lih		Postpositions & Connectors			493	anki	lOpali		
W1159	మాప్	māp	map						493	top1000		english-respelled	
W1160	బయటి	bayaṭi	outer / outside (adj)	BUH-yuh-tih		Postpositions & Connectors			494	anki	bayaTi		
W1161	ఇంకా	inkā	still / more / yet	IHN-kaa		Postpositions & Connectors			495	anki,top1000	iMkaa	multi-gloss	also: yet
W1162	పాలన	pālana	rule						495	top1000			
W1163	ఇంకేమి	inkēmi	what else	IHN-kay-mih		Postpositions & Connectors			496	anki	iMkeMi		
W1164	పాలించే	pālinchē	govern						496	top1000			
W1165	అలా	alā	like that	UH-laa		Postpositions & Connectors			497	anki	alaa		
W1166	పుల్	pul	pull						497	top1000		english-respelled	
W1167	ఇలా	ilā	like this	IH-laa		Postpositions & Connectors			498	anki	ilaa		
W1168	చల్లని	challani	cold; cool						498	top1000			
W1169	అంటే	aṇṭē	I mean / so (filler)	UHN-tay		Postpositions & Connectors	అను		499	anki	aMtE	multi-gloss verbform	cond of అను · also: means / that is; I mean / so / that is
W1170	నోటీసు	nōṭīsu	notice						499	top1000		english-respelled	
W1171	వాయిస్	vāyis	voice						500	top1000			
W1172	శుభోదయం	śubhōdayaṁ	good morning	shoo-BHOH-duh-yuhm		Common Phrases & Greetings			502	anki	shuBhodhayaM		
W1173	వేట	vēṭa	hunt						502	top1000			
W1174	శుభ రాత్రి	śubha rātri	good night	SHOO-bhuh RAA-trih		Common Phrases & Greetings			503	anki	shubha raatri	phrase	
W1175	మూడింటిని	mūḍiṇṭini	probable						503	top1000			
W1176	థాంక్స్	thānks	thanks (loanword, common)	THANKS		Common Phrases & Greetings			505	anki	thanks	english-respelled	
W1177	సోదరుడు	sōdaruḍu	brother						505	top1000			
W1178	ప్లీజ్	plīj	please (loanword)	PLEEZ		Common Phrases & Greetings			506	anki	please		
W1179	సారీ	sārī	sorry (loanword)	SOR-ee		Common Phrases & Greetings			507	anki	sorry		
W1180	రైడ్	raiḍ	ride						507	top1000			
W1181	సెల్	sel	cell						508	top1000			
W1182	ఔను	aunu	yeah (casual 'yes')	OW-noo		Common Phrases & Greetings			510	anki	aunu		
W1183	బహుశా	bahuśā	perhaps						510	top1000			
W1184	నక్కో	nakkō	don't want (Hyd casual)	NUHK-koh		Common Phrases & Greetings			511	anki	nakko	multi-gloss	also: don't want (Telangana)
W1185	ఎంచుకోండి	enchukōṇḍi	choose; pick						511	top1000		inflected multi-gloss	also: select
W1186	ఏమి ఖబర్	ēmi khabar	what's the news? (Hyd)	AY-mih KHUH-buhr		Common Phrases & Greetings			512	anki	Emi khabar?	phrase	
W1187	ఆకస్మిక	ākasmika	sudden						512	top1000			
W1188	ఎలా ఉన్నావ్	elā unnāv	how are you? (casual)	EH-laa OON-nuhv		Common Phrases & Greetings			513	anki	elaa unnav?	phrase	
W1189	కౌంట్	kauṇṭ	count						513	top1000			
W1190	బాగున్న	bāgunna	I'm fine (casual)	BAA-goon-nuh		Common Phrases & Greetings			514	anki	baagunna		
W1191	చదరపు	chadarapu	square						514	top1000			
W1192	వెళ్తా	veḷtā	I'm going (casual)	VEL-taa		Common Phrases & Greetings			515	anki	veLtaa		
W1193	చెప్తా	cheptā	I'll tell (casual)	CHEP-taa		Common Phrases & Greetings			516	anki	cheptaa		
W1194	పొడవు	poḍavu	length						516	top1000			
W1195	వస్తా	vastā	I'll come (casual)	VUHS-taa		Common Phrases & Greetings			517	anki	vastaa		
W1196	య	ya	represent						517	top1000			
W1197	కళ	kaḷa	art						518	top1000			
W1198	పో	pō	go (casual)	POH		Common Phrases & Greetings			519	anki	pO		
W1199	రారా	rārā	come here (casual male)	RAA-raa		Common Phrases & Greetings			520	anki	raaraa		
W1200	రారి	rāri	come here (casual female)	RAA-rih		Common Phrases & Greetings			521	anki	raari		
W1201	పరిమాణం	parimāṇaṁ	size						521	top1000			
W1202	మారుతుంటాయి	mārutuṇṭāyi	vary						522	top1000		inflected	
W1203	శుభాకాంక్షలు	śubhākānkṣalu	best wishes / greetings	shoo-bhuh-KAANK-shuh-loo		Common Phrases & Greetings			523	anki	shuBhakaaMkshalu	multi-gloss	also: best wishes
W1204	స్థిరపడేందుకు	sthirapaḍēnduku	settle						523	top1000			
W1205	తర్వాత కలుద్దాం	tarvāta kaluddāṁ	see you later	TUHR-vaa-tuh kuh-LOOD-daam		Common Phrases & Greetings			524	anki	tarvata kaluddaaM	phrase	
W1206	మాట్లాడటం	māṭlāḍaṭaṁ	speak						524	top1000			
W1207	వెళ్ళొస్తా	veḷḷostā	I'll take leave / bye (casual)	VEL-lohs-taa		Common Phrases & Greetings			526	anki	veLLostaa	multi-gloss	also: I'll leave now (casual)
W1208	రా బాబు	rā bābu	come man / come dude (Hyd)	RAA BAA-boo		Common Phrases & Greetings			527	anki	raa baabu	phrase	
W1209	చూడు రా	chūḍu rā	look, dude (Hyd casual male)	CHOO-doo ruh		Common Phrases & Greetings			528	anki	chooDu ra	phrase	
W1210	మతలబ్	matalab	meaning / I mean (Hyd filler)	MUHT-luhb		Common Phrases & Greetings			529	anki	matlab	multi-gloss	also: meaning / like (filler)
W1211	సర్కిల్	sarkil	circle						529	top1000			
W1212	అచ్ఛా	achchhā	oh really? / I see (Hyd)	UHCH-chaa		Common Phrases & Greetings			530	anki	aCHchaa	multi-gloss	also: oh / okay / I see (Urdu)
W1213	జత	jata	pair						530	top1000			
W1214	కదా	kadā	right? / isn't it?	KUH-daa		Discourse Markers & Fillers			532	anki	kadaa		
W1215	విభజన	vibhajana	division; divide						532	top1000			
W1216	ఆ	ā	um... (pause filler)	AA		Discourse Markers & Fillers			533	anki,top1000	aa	multi-gloss	also: that; those
W1217	అక్షరం	akṣaraṁ	syllable						533	top1000			
W1218	అరే	arē	hey! / oh! (casual surprise)	UH-ray		Discourse Markers & Fillers			534	anki	arE		
W1219	భావించాడు	bhāvinchāḍu	felt						534	top1000		inflected	
W1220	అబ్బ	abba	wow / oh my (expression)	UHB-buh		Discourse Markers & Fillers			535	anki	abba		
W1221	గ్రాండ్	grāṇḍ	grand						535	top1000		english-respelled	
W1222	అయ్యో	ayyō	oh no! / alas!	EYE-yoh		Discourse Markers & Fillers			536	anki	ayyO		
W1223	బంతి	banti	ball						536	top1000			
W1224	అందులో	andulō	in that / among	UHN-doo-loh		Discourse Markers & Fillers			538	anki	aMdulO		
W1225	బాగా	bāgā	well / nicely	BAA-gaa		Discourse Markers & Fillers			539	anki,top1000	baagaa	multi-gloss	also: well
W1226	డ్రాప్	ḍrāp	drop						539	top1000			
W1227	మరీ	marī	then / so then (emphatic)	MUH-ree		Discourse Markers & Fillers			540	anki	maree		
W1228	ప్రస్తుతం	prastutaṁ	present						542	top1000			
W1229	చివరికి	chivariki	finally	CHIH-vuh-rih-kih		Discourse Markers & Fillers			543	anki	chivariki		
W1230	భారీ	bhārī	heavy; huge						543	top1000			
W1231	దానికి	dāniki	for that	DAA-nih-kih		Discourse Markers & Fillers			544	anki	daaniki		
W1232	డ్యాన్స్	ḍyāns	dance						544	top1000			
W1233	దాని వల్ల	dāni valla	because of that	DAA-nih VUHL-luh		Discourse Markers & Fillers			545	anki	daani vaLLa	phrase	
W1234	ఇంజిన్	injin	engine						545	top1000			
W1235	సరి సరి	sari sari	okay okay (acknowledgment)	SUH-rih SUH-rih		Discourse Markers & Fillers			546	anki	sari sari	phrase	
W1236	అవునా?	avunā?	is that so? / really?	UH-voo-naa		Discourse Markers & Fillers			547	anki	avunaa?		
W1237	నిజమా?	nijamā?	really? / is it true?	NIH-juh-maa		Discourse Markers & Fillers			548	anki	nijamaa?		
W1238	విస్తృత	vistṛta	broad; wide						548	top1000			
W1239	ప్రయాణమయ్యారు	prayāṇamayyāru	sail						549	top1000		inflected	
W1240	సెట్టింగ్	seṭṭing	sorted / arranged (Hyd)	SET-ting		Discourse Markers & Fillers			550	anki	settaiMg	multi-gloss	also: arrangement / sorted
W1241	పదార్థం	padārthaṁ	material						550	top1000			
W1242	భిన్నం	bhinnaṁ	fraction						551	top1000			
W1243	ఎర్రపు	errapu	red	ER-ruh-poo		Colors			552	anki	errappu		
W1244	అటవీ	aṭavī	forest						552	top1000			
W1245	నీలం	nīlaṁ	blue	NEE-luhm		Colors			553	anki,top1000	neelM		
W1246	కూర్చుని	kūrchuni	sit						553	top1000			
W1247	పసుపు	pasupu	yellow / turmeric	PUH-soo-poo		Colors			554	anki,book1000,top1000	pasupu	multi-gloss	also: Yellow
W1248	రేసు	rēsu	race						554	top1000			
W1249	ఆకుపచ్చ	ākupachcha	green	AA-koo-PUHCH-chuh		Colors			555	anki,top1000	aakupachchha		
W1250	విండో	viṇḍō	window						555	top1000			
W1251	తెల్లపు	tellapu	white	TEL-luh-poo		Colors			556	anki	tellappu		
W1252	స్టోర్	sṭōr	store						556	top1000		english-respelled	
W1253	నల్లపు	nallapu	black	NUHL-luh-poo		Colors			557	anki	nallappu		
W1254	నారంజి	nāranji	orange	NAA-ruhn-jih		Colors			558	anki	naaraMji		
W1255	రైలు	railu	train; rail						558	top1000			
W1256	గులాబీ	gulābī	pink; Rose	goo-LAA-bee		Colors			559	anki,book1000,top1000	gulaabee		
W1257	ऊदా	ऊदā	purple	OOH-daa		Colors			560	anki	oodaa		
W1258	రుజువు	rujuvu	prove						560	top1000			
W1259	గోధుమ	gōdhuma	brown; Godhuma	GOH-dhoo-muh		Colors			561	anki,book1000,top1000	godhuma		
W1260	ఒంటరి	oṇṭari	lone						561	top1000			
W1261	బూడిద	būḍida	grey / ash-colored; gray	BOO-dih-dhuh		Colors			562	anki,top1000	booDidha		
W1262	లెగ్	leg	leg						562	top1000		english-respelled	
W1263	బట్టలు	baṭṭalu	clothes	BUHT-tuh-loo		Clothing & Appearance			563	anki	baTTalu		
W1264	వ్యాయామం	vyāyāmaṁ	exercise						563	anki,top1000	vyāyāmaṁ		
W1265	షర్ట్	ṣarṭ	shirt (loanword)	SHIRT		Clothing & Appearance			564	anki	shirt		
W1266	ప్యాంట్	pyāṇṭ	pants (loanword)	PAHNT		Clothing & Appearance			565	anki	pant		
W1267	క్యాచ్	kyāch	caught; catch						565	top1000			
W1268	చీర	chīra	saree	SAA-ree		Clothing & Appearance			566	anki	saaree		
W1269	మౌంట్	mauṇṭ	mount						566	top1000			
W1270	చురీదార్	churīdār	churidar (outfit)	CHOO-rih-daar		Clothing & Appearance			567	anki	churidaar	english-respelled	
W1271	అనుకుంటున్నారా	anukuṇṭunnārā	wish						567	top1000			
W1272	చెప్పులు	cheppulu	shoes / slippers	CHEP-poo-loo		Clothing & Appearance			568	anki	cheppulu		
W1273	ఆకాశంలో	ākāśaṁlō	sky						568	top1000			
W1274	టోపి	ṭōpi	cap / hat	TOH-pee		Clothing & Appearance			569	anki	Tofi		
W1275	బోర్డు	bōrḍu	board						569	top1000			
W1276	కళ్ళద్దాలు	kaḷḷaddālu	glasses / spectacles	KUHL-luhd-daa-loo		Clothing & Appearance			570	anki	kaLLaddaalu		
W1277	ఆనందం	ānandaṁ	joy						570	top1000			
W1278	వాచ్	vāch	watch / see (Hyd loanword)	WATCH		Clothing & Appearance			571	anki	watch	multi-gloss	also: watch (loanword)
W1279	శీతాకాలంలో	śītākālaṁlō	winter						571	top1000			
W1280	బెల్ట్	belṭ	belt (loanword)	BELT		Clothing & Appearance			572	anki	belt	english-respelled	
W1281	శని	śani	sat						572	top1000			
W1282	బ్యాగ్	byāg	bag (loanword)	BAG		Clothing & Appearance			573	anki	bag		
W1283	రాసిన	rāsina	written						573	top1000			
W1284	ఉతుకు	utuku	to wash (clothes)	OO-too-koo		Clothing & Appearance			574	anki	uTuku		
W1285	వేసుకో	vēsukō	to wear / put on	VAY-soo-koh		Clothing & Appearance			575	anki	vEsukO		
W1286	వాయిద్యం	vāyidyaṁ	instrument						575	top1000			
W1287	తీయు	tīyu	to remove	TAY-yoo		Clothing & Appearance			576	anki	teeyu		
W1288	ఉంచింది	unchindi	kept						576	top1000		inflected	
W1289	అందంగా	andangā	beautifully / neatly; pretty	UHN-duhm-gaa		Clothing & Appearance			578	anki,top1000	aMdaMgaa	multi-gloss	also: beautifully
W1290	గడ్డి	gaḍḍi	grass						578	top1000			
W1291	శుభ్రంగా	śubhrangā	neat / clean (appearance)	CHUHK-ruh-dhih		Clothing & Appearance			579	anki,top1000	chakreedhi	multi-gloss	also: clean
W1292	మసిలిన	masilina	dirty	MUH-sih-lih-nuh		Clothing & Appearance			580	anki	masilina		
W1293	కట్టు	kaṭṭu	to tie	KUHT-tih		Clothing & Appearance			581	anki	katti		
W1294	అంచు	anchu	edge						581	top1000			
W1295	జుబ్బ	jubba	long shirt / kurta	JUHB-buh		Clothing & Appearance			582	anki	jabba		
W1296	సైన్	sain	sign						582	top1000			
W1297	లుంగీ	lungī	lungi	LOON-gih		Clothing & Appearance			583	anki	lungi	english-respelled	
W1298	పర్యటన	paryaṭana	visit						583	top1000			
W1299	దుపట్టా	dupaṭṭā	dupatta / scarf	doo-PUHT-taa		Clothing & Appearance			584	anki	dupaTTaa	english-respelled	
W1300	నగలు	nagalu	jewelry	NAA-gye-loo		Clothing & Appearance			585	anki	naagailu		
W1301	సాఫ్ట్	sāphṭ	soft						585	top1000			
W1302	సరదాగా	saradāgā	fun						586	top1000			
W1303	ఉద్యోగం	udyōgaṁ	job / employment	ood-YOH-guhm		Work & Technology			587	anki,top1000	udyOgaM	multi-gloss	also: job
W1304	బ్రైట్	braiṭ	bright						587	top1000			
W1305	జీతం	jītaṁ	salary	JEE-tuhm		Work & Technology			588	anki	jaeetaM		
W1306	గ్యాస్	gyās	gas						588	top1000			
W1307	వాతావరణ	vātāvaraṇa	weather						589	top1000			
W1308	కంప్యూటర్	kampyūṭar	computer (loanword)	kuhm-PYOO-tuhr		Work & Technology			590	anki	computer		
W1309	ల్యాప్‌టాప్	lyāpṭāp	laptop (loanword)	LAP-top		Work & Technology			591	anki	laptop		
W1310	మిలియన్	miliyan	million						591	top1000		english-respelled	
W1311	ఫోన్	phōn	phone (loanword)	FOHN		Work & Technology			592	anki	phone	english-respelled	
W1312	భరించలేదని	bharinchalēdani	bear						592	top1000			
W1313	ఇంటర్నెట్	iṇṭarneṭ	internet (loanword)	IN-tuhr-net		Work & Technology			593	anki	internet		
W1314	సాఫ్ట్‌వేర్	sāphṭvēr	software (loanword)	SAWFT-wair		Work & Technology			594	anki	software		
W1315	సంతోషంగా	santōṣangā	happy						594	top1000			
W1316	కోడ్	kōḍ	code (loanword)	KOHD		Work & Technology			595	anki	code		
W1317	ఆశిస్తున్నాము	āśistunnāmu	hope						595	top1000		inflected	
W1318	డేటా	ḍēṭā	data (loanword)	DAY-tuh		Work & Technology			596	anki	data		
W1319	పుష్పం	puṣpaṁ	flower						596	top1000			
W1320	ప్రాబ్లమ్	prāblam	problem (loanword)	PRAHB-luhm		Work & Technology			597	anki	problem		
W1321	దుస్తులు ధరింపజేయు	dustulu dharimpajēyu	clothe						597	top1000		phrase	
W1322	సొల్యూషన్	solyūṣan	solution (loanword)	soh-LOO-shuhn		Work & Technology			598	anki	solution		
W1323	అప్‌డేట్	apḍēṭ	update (loanword)	UP-dayt		Work & Technology			599	anki	update		
W1324	వెళ్లిపోవడంతో	veḷlipōvaḍantō	gone						599	top1000			
W1325	డెడ్‌లైన్	ḍeḍlain	deadline (loanword)	DED-line		Work & Technology			600	anki	deadline		
W1326	వాణిజ్య	vāṇijya	trade						600	top1000			
W1327	పని చేస్తాను	pani chēstānu	I will work	PUH-nih CHASE-taa-noo		Work & Technology			601	anki	pani chEstaanu	inflected phrase	
W1328	శ్రావ్యత	śrāvyata	melody						601	top1000			
W1329	పని అయ్యింది	pani ayyindi	work is done	PUH-nih EYE-yihn-dih		Work & Technology			602	anki	pani ayyindi	inflected phrase	
W1330	యాత్ర	yātra	trip						602	top1000			
W1331	సమస్య	samasya	problem (Telugu)	suh-MUHS-yaa		Work & Technology			603	anki,top1000	samasyaa	multi-gloss	also: problem
W1332	కార్యాలయం	kāryālayaṁ	office						603	top1000			
W1333	పరిష్కారం	pariṣkāraṁ	solution (Telugu)	puh-RIHSH-kaa-ruhm		Work & Technology			604	anki,top1000	parishkaaram	multi-gloss	also: solution
W1334	అందుకుంటారు	andukuṇṭāru	receive						604	top1000		inflected	
W1335	ప్రణాళిక	praṇāḷika	plan / schedule	PRAA-naa-lih-kuh		Work & Technology			605	anki,top1000	praaNaaLika	multi-gloss	also: plan
W1336	వరుసగా	varusagā	row						605	top1000			
W1337	విషయం	viṣayaṁ	matter / topic / thing; subject	VIH-shuh-yuhm		Work & Technology			606	anki,top1000	viShayaM	multi-gloss	also: thing / matter / topic; thing; matter
W1338	సంగతి	sangati	matter / thing (casual)	SUHN-guh-thih		Work & Technology			607	anki	sangathi		
W1339	ఖచ్చితమైన	khachchitamaina	exact						607	top1000			
W1340	వియాపారం	viyāpāraṁ	business	VIH-yuh-PAA-ruhm		Work & Technology			608	anki	viyapaaram		
W1341	చిహ్నం	chihnaṁ	symbol						608	top1000			
W1342	డబ్బులు	ḍabbulu	money (Hyd)	DUHB-boo-loo		Work & Technology			609	anki	DabbuLu		
W1343	చనిపోయే	chanipōyē	die						609	top1000			
W1344	ఖర్చులు	kharchulu	expenses	SEH-luh-voo-loo		Work & Technology			610	anki	selavulu		
W1345	కనీసం	kanīsaṁ	least						610	top1000			
W1346	లాభం	lābhaṁ	profit	LAA-bhuhm		Work & Technology			611	anki	laabhaM		
W1347	నష్టం	naṣṭaṁ	loss	NUHSH-tuhm		Work & Technology			612	anki	nashtaM		
W1348	అరవడం	aravaḍaṁ	shout						612	top1000			
W1349	పంపు	pampu	to send (base)	PUHM-poo		Work & Technology			613	anki	paMpu	multi-gloss	also: to send
W1350	తప్ప	tappa	except						613	top1000			
W1351	పంపాను	pampānu	I sent (past)	PUHM-paa-noo		Work & Technology			614	anki	paMpaanu	inflected multi-gloss	also: I sent
W1352	వ్రాసారు	vrāsāru	wrote						614	top1000		inflected	
W1353	రిసీవ్ చేయు	risīv chēyu	to receive	rih-SEEV CHAY-yoo		Work & Technology			615	anki	receive chEyu	phrase	
W1354	విత్తనం	vittanaṁ	seed						615	top1000			
W1355	చెక్ చేయు	chek chēyu	to check	CHECK CHAY-yoo		Work & Technology			616	anki	check chEyu	phrase	
W1356	టోన్	ṭōn	tone						616	top1000			
W1357	కన్ఫర్మ్ చేయు	kanpharm chēyu	to confirm	kuhn-FURM CHAY-yoo		Work & Technology			617	anki	confirm chEyu	phrase	
W1358	చేరడానికి	chēraḍāniki	join						617	top1000			
W1359	షెడ్యూల్	ṣeḍyūl	schedule (loanword)	SKED-yool		Work & Technology			618	anki	schedule		
W1360	సూచిస్తున్నాయి	sūchistunnāyi	indicate; suggest						618	top1000		inflected	
W1361	డిస్కస్ చేయు	ḍiskas chēyu	to discuss	dih-SKUHS CHAY-yoo		Work & Technology			619	anki	discuss chEyu	phrase	
W1362	ప్లాన్	plān	plan (loanword)	PLAN		Work & Technology			620	anki	plan	english-respelled	
W1363	విరామం	virāmaṁ	break						620	top1000			
W1364	ఫిక్స్ చేయు	phiks chēyu	to fix	FIKS CHAY-yoo		Work & Technology			621	anki	fix chEyu	phrase	
W1365	లేడీ	lēḍī	lady						621	top1000			
W1366	స్టార్ట్ చేయు	sṭārṭ chēyu	to start	START CHAY-yoo		Work & Technology			622	anki	start chEyu	phrase	
W1367	యార్డ్	yārḍ	yard						622	top1000		english-respelled	
W1368	ఫినిష్ చేయు	phiniṣ chēyu	to finish	FIHN-ish CHAY-yoo		Work & Technology			623	anki	finish chEyu	phrase	
W1369	పెరగడం	peragaḍaṁ	rise						623	top1000			
W1370	కంప్లీట్ అయ్యింది	kamplīṭ ayyindi	it's completed	kuhm-PLEET EYE-yihn-dih		Work & Technology			624	anki	complete ayyindi	inflected phrase	
W1371	ట్రై చేయు	ṭrai chēyu	to try	TRY CHAY-yoo		Work & Technology			625	anki	try chEyu	phrase	
W1372	దెబ్బ	debba	blow						625	top1000			
W1373	హెల్ప్ చేయు	help chēyu	to help	HELP CHAY-yoo		Work & Technology			626	anki	help chEyu	phrase	
W1374	చమురు	chamuru	oil						626	top1000			
W1375	సహాయం	sahāyaṁ	help / assistance (Telugu)	suh-HAA-yuhm		Work & Technology			627	anki,top1000	sahaayaM	multi-gloss	also: help
W1376	రక్త	rakta	blood						627	top1000			
W1377	ఐడియా	aiḍiyā	idea (loanword)	eye-DEE-uh		Work & Technology			628	anki	idea		
W1378	టచ్	ṭach	touch						628	top1000			
W1379	ఫీడ్‌బ్యాక్	phīḍbyāk	feedback (loanword)	FEED-bak		Work & Technology			629	anki	feedback		
W1380	పెరిగింది	perigindi	grew						629	top1000		inflected	
W1381	టెస్ట్	ṭesṭ	test (loanword)	TEST		Work & Technology			630	anki	test	english-respelled	
W1382	శాతం	śātaṁ	cent						630	top1000			
W1383	బగ్	bag	bug (loanword, tech)	BUG		Work & Technology			631	anki	bug		
W1384	కలపాలి	kalapāli	mix						631	top1000			
W1385	డిప్లాయ్	ḍiplāy	deploy (loanword)	dih-PLOY		Work & Technology			632	anki	deploy		
W1386	జట్టు	jaṭṭu	team						632	top1000			
W1387	ఫీచర్	phīchar	feature (loanword)	FEE-chuhr		Work & Technology			633	anki	feature		
W1388	వైర్	vair	wire						633	top1000			
W1389	డిజైన్	ḍijain	design (loanword)	dih-ZINE		Work & Technology			634	anki,top1000	design	multi-gloss	also: design
W1390	రివ్యూ	rivyū	review (loanword)	rih-VYOO		Work & Technology			635	anki	review		
W1391	కోల్పోయింది	kōlpōyindi	lost						635	top1000		inflected	
W1392	అప్రూవ్ చేయు	aprūv chēyu	to approve	uh-PROOV CHAY-yoo		Work & Technology			636	anki	approve chEyu	phrase	
W1393	రిజెక్ట్ చేయు	rijekṭ chēyu	to reject	rih-JEKT CHAY-yoo		Work & Technology			637	anki	reject chEyu	phrase	
W1394	ధరిస్తారు	dharistāru	wear						637	top1000		inflected	
W1395	జాబ్	jāb	job (Hyd/Urdu)	JAAB		Work & Technology			638	anki	jaab	multi-gloss	also: job (Urdu)
W1396	సెట్టింగ్ అయ్యింది	seṭṭing ayyindi	it's arranged (Hyd)	SET-ting EYE-yihn-dih		Work & Technology			639	anki	settaiMg ayyindi	inflected phrase	
W1397	సమాన	samāna	equal						639	top1000			
W1398	పెండింగ్	peṇḍing	pending (loanword)	PEN-ding		Work & Technology			640	anki	pending	english-respelled	
W1399	పంపిన	pampina	sent						640	top1000			
W1400	కార్	kār	car (loanword)	KAR		Transport & Travel			641	anki	car		
W1401	బస్	bas	bus (loanword)	BUHS		Transport & Travel			642	anki	bus		
W1402	పడిపోయింది	paḍipōyindi	fell						642	top1000		inflected	
W1403	ఆటో	āṭō	auto-rickshaw	AW-toh		Transport & Travel			643	anki	auto		
W1404	సరిపోయే	saripōyē	fit						643	top1000			
W1405	ట్రైన్	ṭrain	train (loanword)	TRAYN		Transport & Travel			644	anki	train	english-respelled	
W1406	ప్రవాహం	pravāhaṁ	flow						644	top1000			
W1407	ఫ్లైట్	phlaiṭ	flight (loanword)	FLITE		Transport & Travel			645	anki	flight		
W1408	న్యాయమైన	nyāyamaina	fair						645	top1000			
W1409	బైక్	baik	motorcycle (loanword)	BIKE		Transport & Travel			646	anki	bike		
W1410	బ్యాంకు	byānku	bank						646	top1000			
W1411	టాక్సీ	ṭāksī	taxi	TAK-see		Transport & Travel			647	anki	taxi		
W1412	సేకరించడానికి	sēkarinchaḍāniki	collect; gather						647	top1000			
W1413	ఊబర్	ūbar	Uber (loanword)	OO-buhr		Transport & Travel			648	anki	Uber		
W1414	సేవ్	sēv	save						648	top1000			
W1415	టికెట్	ṭikeṭ	ticket (loanword)	TIK-it		Transport & Travel			649	anki	ticket		
W1416	నియంత్రణ	niyantraṇa	control						649	top1000			
W1417	స్టేషన్	sṭēṣan	station (loanword)	STAY-shuhn		Transport & Travel			650	anki,top1000	station	multi-gloss	also: station
W1418	దశాంశ	daśāṁśa	decimal						650	top1000			
W1419	ఎయిర్‌పోర్ట్	eyirpōrṭ	airport (loanword)	AIR-port		Transport & Travel			651	anki	airport		
W1420	నడుపు	naḍupu	to drive / operate; driving / walking	NUH-doo-poo		Transport & Travel	నడుపు		652	anki	naDupu	verbform	impFam of నడుపు
W1421	వేరే	vērē	else						652	top1000			
W1422	ట్రాఫిక్	ṭrāphik	traffic (loanword)	TRAF-ik		Transport & Travel			653	anki	traffic		
W1423	ప్రయాణం	prayāṇaṁ	journey / travel	pruh-YAA-nuhm		Transport & Travel			654	anki	prayanam		
W1424	విరిగింది	virigindi	broke						654	top1000		inflected	
W1425	కేసు	kēsu	case						655	top1000			
W1426	చేరు	chēru	to reach / arrive	CHAY-roo		Transport & Travel			656	anki,top1000	chEru	multi-gloss	also: arrive
W1427	చేరాను	chērānu	I reached	CHAY-raa-noo		Transport & Travel			657	anki	chEraanu	inflected	
W1428	చంపడానికి	champaḍāniki	kill						657	top1000			
W1429	బయలుదేరు	bayaludēru	to depart / set out (base)	BUY-uh-luh-DAY-roo		Transport & Travel			658	anki	bayaladEru	multi-gloss	also: to depart / set out
W1430	కుమారుడు	kumāruḍu	son						658	top1000			
W1431	ఆగిపో	āgipō	stop (command)	AA-gih-poh		Transport & Travel			659	anki	Agippo		
W1432	సరస్సు	sarassu	lake						659	top1000			
W1433	పెట్రోల్	peṭrōl	petrol / gas	PET-ruhl		Transport & Travel			661	anki	petrol	english-respelled	
W1434	స్థాయి	sthāyi	scale; level						661	top1000		inflected	
W1435	బిగ్గరగా	biggaragā	loud						662	top1000			
W1436	మళ్ళింపు	maḷḷimpu	turn	MUHL-lihm-poo		Transport & Travel			663	anki	maLLiMpu		
W1437	వసంత	vasanta	spring						663	anki,top1000	vasanta		
W1438	స్పీడ్	spīḍ	speed (loanword)	SPEED		Transport & Travel			664	anki	speed		
W1439	గమనించి	gamaninchi	observe						664	top1000			
W1440	స్లో	slō	slow (loanword)	SLOH		Transport & Travel			665	anki	slow		
W1441	పిల్లల	pillala	child						665	top1000			
W1442	పార్క్ చేయు	pārk chēyu	to park	PARK CHAY-yoo		Transport & Travel			666	anki	park chEyu	phrase	
W1443	నేరుగా	nērugā	straight						666	top1000			
W1444	సమయానికి	samayāniki	on time	suh-muh-YAA-nih-kih		Transport & Travel			667	anki	samayaaniki		
W1445	హల్లు	hallu	consonant						667	top1000			
W1446	లేట్	lēṭ	late (loanword)	LAYT		Transport & Travel			668	anki	late		
W1447	జాగ్రత్త	jāgratta	careful / caution; Be Care	JAA-gruh-thuh		Transport & Travel			669	anki,book1000	jaagrattha		
W1448	నిఘంటువు	nighaṇṭuvu	dictionary						669	top1000			
W1449	దిక్కులు	dikkulu	directions	DIHK-koo-loo		Transport & Travel			670	anki	dikkulu		
W1450	గది	gadi	room	GUH-dih		Home & Household			672	anki,book1000,top1000	gadi		
W1451	పద్ధతి	paddhati	method						672	top1000			
W1452	బెడ్‌రూమ్	beḍrūm	bedroom (loanword)	BED-room		Home & Household			673	anki	bedroom	english-respelled	
W1453	అవయవ	avayava	organ						673	top1000			
W1454	బాత్రూమ్	bātrūm	bathroom (loanword)	BATH-room		Home & Household			674	anki	bathroom		
W1455	చెల్లించటానికి	chellinchaṭāniki	pay						674	top1000			
W1456	వంటిల్లు	vaṇṭillu	kitchen	VUHN-tihl-loo		Home & Household			675	anki	vaMTiLLu		
W1457	వయస్సు	vayassu	age						675	top1000		possible-misprint	close to వయసు (vayasu) [site,anki] — confirm these are different words
W1458	హాల్	hāl	living room (loanword)	HALL		Home & Household			676	anki	hall		
W1459	విభాగం	vibhāgaṁ	section						676	top1000			
W1460	తలుపు	talupu	door	TUH-luh-poo		Home & Household			677	anki,top1000	talapu		
W1461	దుస్తుల	dustula	dress						677	top1000			
W1462	కిటికీ	kiṭikī	window	KIH-tih-kee		Home & Household			678	anki,book1000	kiTikee		
W1463	క్లౌడ్	klauḍ	cloud						678	top1000			
W1464	గోడ	gōḍa	wall	GOD-duh		Home & Household			679	anki,top1000	gaaDi		
W1465	నిశ్శబ్ద	niśśabda	silent; quiet						680	top1000			
W1466	పైకప్పు	paikappu	roof / ceiling	PIH-loo-poo		Home & Household			681	anki	pilupu		
W1467	మంచం	manchaṁ	bed / cot	MUHN-chuhm		Home & Household			682	anki,top1000	maMchaM	multi-gloss	also: bed
W1468	కుర్చీ	kurchī	chair	KOOR-chih		Home & Household			683	anki,top1000	kurchi		
W1469	ఆరోహణను	ārōhaṇanu	climb						683	top1000			
W1470	బల్ల	balla	table	BUHL-luh		Home & Household			684	anki	balla		
W1471	అల్మారా	almārā	cupboard / wardrobe	uhl-MAA-raa		Home & Household			685	anki	almaaraa		
W1472	టీవీ	ṭīvī	TV (loanword)	TEE-VEE		Home & Household			686	anki	TV		
W1473	పేద	pēda	poor						686	top1000			
W1474	ఏసీ	ēsī	AC (loanword)	AY-SEE		Home & Household			687	anki	AC		
W1475	ఫ్యాన్	phyān	fan (loanword)	FAN		Home & Household			688	anki	fan		
W1476	ప్రయోగం	prayōgaṁ	experiment						688	top1000			
W1477	లైట్	laiṭ	light (loanword)	LITE		Home & Household			689	anki	light		
W1478	దిగువ	diguva	bottom						689	top1000			
W1479	కరెంట్	kareṇṭ	electricity (common usage)	KUH-ruhnt		Home & Household			690	anki	current		
W1480	కీ	kī	key						690	top1000			
W1481	స్విచ్	svich	switch (loanword)	SWICH		Home & Household			691	anki	switch		
W1482	తాళం	tāḷaṁ	lock	TAA-luhm		Home & Household			692	anki	taaLaM		
W1483	ఒకే	okē	single						692	top1000			
W1484	స్టిక్	sṭik	stick						693	top1000			
W1485	సామాను	sāmānu	stuff / belongings	SAA-maa-noo		Home & Household			694	anki	saamaanu	inflected	
W1486	ఫ్లాట్	phlāṭ	flat						694	top1000			
W1487	శుభ్రం	śubhraṁ	clean	SHOOB-ruhm		Home & Household			695	anki	shubhraM	possible-misprint	close to శుభ్రంగా (śubhrangā) [anki,top1000] — confirm these are different words
W1488	మాసిన	māsina	dirty	MAA-sih-nuh		Home & Household			696	anki	maasina		
W1489	సర్దు	sardu	to tidy / arrange	SUH-rood-doo		Home & Household			697	anki	saruddu		
W1490	చిరునవ్వు	chirunavvu	smile						697	top1000			
W1491	ఊడుచు	ūḍuchu	to sweep	OO-too-koo		Home & Household			698	anki	uutuku		
W1492	క్రీజ్	krīj	crease						698	top1000			
W1493	కడుగు	kaḍugu	to wash	KUH-dih-goo		Home & Household			699	anki	kaDigu		
W1494	రంధ్రం	randhraṁ	hole						699	top1000			
W1495	ఎండబెట్టు	eṇḍabeṭṭu	to dry (in sun)	EN-duh-BET-too		Home & Household			700	anki	enDabeTTu		
W1496	జంప్	jamp	jump						700	top1000			
W1497	బేబీ	bēbī	baby						701	top1000			
W1498	బాగలేదు	bāgalēdu	not good / not well	BAA-guh-LAY-doo		Feelings & States			703	anki	baagalEdu		
W1499	గ్రామం	grāmaṁ	village						703	top1000			
W1500	అలసిపోయాను	alasipōyānu	I'm tired	UH-luh-sih-POH-yaa-noo		Feelings & States			704	anki	alasipOyaanu	inflected	
W1501	మీట్	mīṭ	meet						704	top1000			
W1502	నిద్ర	nidra	sleep	NIHD-raa		Feelings & States			705	anki,top1000	nidraa		
W1503	రూట్	rūṭ	root						705	top1000			
W1504	నిద్ర వస్తుంది	nidra vastundi	I'm sleepy	NIHD-raa VUHS-toon-dih		Feelings & States			706	anki	nidraa vastuMdi	inflected phrase	
W1505	కొనుగోలు	konugōlu	bought; buy						706	top1000			
W1506	ఆకలి వేస్తుంది	ākali vēstundi	I'm hungry	AA-kuh-lih VES-toon-dih		Feelings & States			707	anki	aakali vestuMdi	inflected phrase	
W1507	పెంచడానికి	penchaḍāniki	raise						707	top1000			
W1508	దాహం వేస్తుంది	dāhaṁ vēstundi	I'm thirsty	DAAH-uhm VES-toon-dih		Feelings & States			708	anki	daahM vestuMdi	inflected phrase	
W1509	పరిష్కరించడానికి	pariṣkarinchaḍāniki	solve						708	top1000			
W1510	చలి	chali	cold (feeling)	CHUH-lih		Feelings & States			709	anki	chali		
W1511	మెటల్	meṭal	metal						709	top1000		english-respelled	
W1512	లేదో	lēdō	whether						710	top1000			
W1513	సంతోషంగా ఉంది	santōṣangā undi	I'm happy	suhn-TOH-shuhm-gaa OON-dih		Feelings & States			711	anki	santOshMgaa unDi	phrase	
W1514	పుష్	puṣ	push						711	top1000			
W1515	బాధగా ఉంది	bādhagā undi	I'm sad	BAA-dhuh-gaa OON-dih		Feelings & States			712	anki	baadha gaa uMdi	phrase	
W1516	కోపంగా ఉంది	kōpangā undi	I'm angry	KOH-puhm-gaa OON-dih		Feelings & States			713	anki	kOpaMgaa unDi	phrase	
W1517	పేరా	pērā	paragraph						713	top1000			
W1518	భయంగా ఉంది	bhayangā undi	I'm scared	BUH-yuhm-gaa OON-dih		Feelings & States			714	anki	bhayaMgaa uMdi	phrase	
W1519	మూడో	mūḍō	third						714	top1000			
W1520	బోరింగ్ గా ఉంది	bōring gā undi	it's boring	BOR-ing-gaa OON-dih		Feelings & States			715	anki	boring gaa uMdi	phrase	
W1521	వలెను	valenu	shall						715	top1000			
W1522	ఇంటరెస్టింగ్ గా ఉంది	iṇṭaresṭing gā undi	it's interesting	IN-tuh-REST-ing-gaa OON-dih		Feelings & States			716	anki	interesting gaa uMdi	phrase	
W1523	ఒక్కొక	okkoka	held						716	top1000			
W1524	ఈజీగా ఉంది	ījīgā undi	it's easy	EE-zee-gaa OON-dih		Feelings & States			717	anki	easy gaa uMdi	phrase	
W1525	కష్టంగా ఉంది	kaṣṭangā undi	it's difficult	KUSHH-tuhm-gaa OON-dih		Feelings & States			718	anki	kashtaMgaa uMdi	phrase	
W1526	వర్ణించేందుకు	varṇinchēnduku	describe						718	top1000			
W1527	రెడీగా ఉన్నాను	reḍīgā unnānu	I'm ready	RED-ee-gaa OON-naa-noo		Feelings & States			719	anki	ready gaa unnaanu	inflected phrase	
W1528	కుక్	kuk	cook						719	top1000			
W1529	బిజీగా ఉన్నాను	bijīgā unnānu	I'm busy	BIH-zee-gaa OON-naa-noo		Feelings & States			720	anki	busy gaa unnaanu	inflected phrase	
W1530	ఫ్లోర్	phlōr	floor						720	top1000			
W1531	ఫ్రీగా ఉన్నాను	phrīgā unnānu	I'm free	FREE-gaa OON-naa-noo		Feelings & States			721	anki	free gaa unnaanu	inflected phrase	
W1532	గాని	gāni	either						721	top1000			
W1533	లేట్ అయ్యింది	lēṭ ayyindi	it's late / got late	LAYT EYE-yihn-dih		Feelings & States			722	anki	late ayyindi	inflected phrase	
W1534	ఫలితంగా	phalitangā	result						722	top1000			
W1535	త్వరగ కావాలి	tvaraga kāvāli	need it quickly	TVUH-ruh-guh kaa-VAA-lih		Feelings & States			723	anki	tvaraga kaavaali	phrase	
W1536	బర్న్	barn	burn						723	top1000			
W1537	కన్ఫ్యూజ్ అయ్యాను	kanphyūj ayyānu	I'm confused	kuhn-FYOOZ EYE-yaa-noo		Feelings & States			724	anki	confuse ayyaanu	inflected phrase	
W1538	షూర్ గా ఉంది	ṣūr gā undi	it's sure / certain	SHOOR-gaa OON-dih		Feelings & States			725	anki	sure gaa uMdi	phrase	
W1539	సురక్షితంగా	surakṣitangā	safe						725	top1000			
W1540	డౌట్ ఉంది	ḍauṭ undi	I have a doubt	DOWT OON-dih		Feelings & States			726	anki	doubt uMdi	phrase	
W1541	టెన్షన్	ṭenṣan	tension / stress (loanword)	TEN-shuhn		Feelings & States			727	anki	tension	english-respelled	
W1542	శతాబ్దం	śatābdaṁ	century						727	top1000			
W1543	రిలాక్స్	rilāks	relax (loanword)	rih-LAKS		Feelings & States			728	anki	relax		
W1544	పరిగణలోకి	parigaṇalōki	consider						728	top1000			
W1545	ఎంజాయ్ చేస్తున్నాను	enjāy chēstunnānu	I'm enjoying	en-JOY CHASE-toon-naa-noo		Feelings & States			729	anki	enjoy chEstunnaanu	inflected phrase	
W1546	ఎక్సైటెడ్ గా ఉంది	eksaiṭeḍ gā undi	I'm excited	ek-SITE-uhd-gaa OON-dih		Feelings & States			730	anki	excited gaa uMdi	phrase	
W1547	-ాను	-ānu	I (past tense ending)	AA-noo		Grammar Particles & Verb Endings			731	anki	-aanu	inflected	
W1548	బిట్	biṭ	bit						731	top1000		english-respelled	
W1549	-ారు	-āru	you-formal / they (past)	AA-roo		Grammar Particles & Verb Endings			732	anki	-aaru	inflected	
W1550	తీరం	tīraṁ	coast; shore						732	top1000			
W1551	-ాడు	-āḍu	he (past)	AA-doo		Grammar Particles & Verb Endings			733	anki	-aaDu	inflected	
W1552	ప్రతిని	pratini	copy						733	top1000			
W1553	-ింది	-indi	it/she (past)	IHN-dih		Grammar Particles & Verb Endings			734	anki	-iMdi	inflected	
W1554	పదబంధం	padabandhaṁ	phrase						734	top1000			
W1555	-తాను	-tānu	I (future)	TAA-noo		Grammar Particles & Verb Endings			735	anki	-taanu	inflected	
W1556	-తారు	-tāru	you-formal / they (future)	TAA-roo		Grammar Particles & Verb Endings			736	anki	-taaru	inflected	
W1557	పొడవైన	poḍavaina	tall						736	top1000			
W1558	-తాడu	-tāḍau	he (future)	TAA-doo		Grammar Particles & Verb Endings			737	anki	-taDu		
W1559	-తుంది	-tundi	it/she (present continuous)	TOON-dih		Grammar Particles & Verb Endings			738	anki	-tuMdi	inflected multi-gloss	also: it/she (future)
W1560	-తున్నాను	-tunnānu	I am (present continuous)	TOON-naa-noo		Grammar Particles & Verb Endings			739	anki	-tunnaanu	inflected	
W1561	రోల్	rōl	roll						739	top1000		english-respelled	
W1562	-తున్నారు	-tunnāru	you-formal (present cont.)	TOON-naa-roo		Grammar Particles & Verb Endings			740	anki	-tunnaaru	inflected	
W1563	ఉష్ణోగ్రత	uṣṇōgrata	temperature						740	top1000			
W1564	-తున్నాడు	-tunnāḍu	he (present continuous)	TOON-naa-doo		Grammar Particles & Verb Endings			741	anki	-tunnaaDu	inflected	
W1565	పరిశ్రమ	pariśrama	industry						742	top1000			
W1566	-ండి	-ṇḍi	polite request suffix	UHN-dih		Grammar Particles & Verb Endings			743	anki	-aMDi	inflected	
W1567	-ాలా	-ālā	shall/want to?	AA-laa		Grammar Particles & Verb Endings			744	anki	-aalaa		
W1568	పోరాటం	pōrāṭaṁ	fight						744	top1000			
W1569	-ాలి	-āli	should / must	AA-lih		Grammar Particles & Verb Endings			745	anki	-aali		
W1570	-లేదు	-lēdu	didn't (negative past)	LAY-doo		Grammar Particles & Verb Endings			746	anki	-lEdu		
W1571	ఓడించింది	ōḍinchindi	beat						746	top1000		inflected	
W1572	-ను	-nu	won't / don't (negative future)	NOO		Grammar Particles & Verb Endings			747	anki	-nu		
W1573	ఉత్సుకతను	utsukatanu	excite						747	top1000			
W1574	-ొచ్చు	-ochchu	can / possible	OHCH-choo		Grammar Particles & Verb Endings			748	anki	-ochchhu		
W1575	సహజ	sahaja	natural						748	top1000			
W1576	-గలను	-galanu	I can	GUH-luh-noo		Grammar Particles & Verb Endings			749	anki	-galanu		
W1577	వీక్షణ	vīkṣaṇa	view						749	top1000			
W1578	-లేను	-lēnu	I can't	LAY-noo		Grammar Particles & Verb Endings			750	anki	-lEnu		
W1579	భావం	bhāvaṁ	sense						750	top1000			
W1580	-గా	-gā	-ly (adverb maker)	GAA		Grammar Particles & Verb Endings			751	anki	-gaa		
W1581	రాజధాని	rājadhāni	capital						751	top1000			
W1582	-ఐనా	-ainā	even if / although	EYE-nuh		Grammar Particles & Verb Endings			752	anki	-aina		
W1583	-తే	-tē	if/when (conditional)	TAY		Grammar Particles & Verb Endings			754	anki	-tE		
W1584	-ినప్పుడు	-inappuḍu	when (past)	IH-nuhp-poo-doo		Grammar Particles & Verb Endings			755	anki	-inappuDu		
W1585	-తునప్పుడు	-tunappuḍu	while (present)	TOO-nuhp-poo-doo		Grammar Particles & Verb Endings			756	anki	-tunappuDu		
W1586	రిచ్	rich	rich						756	top1000		english-respelled	
W1587	-డానికి	-ḍāniki	in order to	DAA-nih-kih		Grammar Particles & Verb Endings			757	anki	-Daaniki		
W1588	మందపాటి	mandapāṭi	thick						757	top1000			
W1589	-డం	-ḍaṁ	-ing (verbal noun)	UH-duhm		Grammar Particles & Verb Endings			758	anki	-aDaM		
W1590	సైనికుడు	sainikuḍu	soldier						758	top1000			
W1591	-చన్నట్లు	-channaṭlu	as if / like	CHUHN-nuht-loo		Grammar Particles & Verb Endings			759	anki	-channaTlu		
W1592	ప్రక్రియ	prakriya	process						759	top1000			
W1593	-అంత	-anta	as much as	UHN-tuh		Grammar Particles & Verb Endings			760	anki	-aMta		
W1594	పనిచేస్తాయి	panichēstāyi	operate						760	top1000		inflected	
W1595	-కంటే	-kaṇṭē	than (comparison)	KUHN-tay		Grammar Particles & Verb Endings			761	anki	-kaMTE		
W1596	ఆచరణలో	ācharaṇalō	practice						761	top1000			
W1597	-లాగ	-lāga	like / similar to	LAA-guh		Grammar Particles & Verb Endings			762	anki	-laaga		
W1598	అందుకే	andukē	that's why	UHN-doo-kay		Grammar Particles & Verb Endings			765	anki	aMdukE		
W1599	లేకపోతే	lēkapōtē	otherwise	LAYK-poh-tay		Grammar Particles & Verb Endings			766	anki	lEkpoTE		
W1600	రక్షించేందుకు	rakṣinchēnduku	protect						766	top1000			
W1601	అయినా	ayinā	still / nevertheless	EYE-naa		Grammar Particles & Verb Endings			767	anki	ayinaa		
W1602	దానికోసం	dānikōsaṁ	for that	DAA-nih-KOH-suhm		Grammar Particles & Verb Endings			768	anki	daanikOsaM		
W1603	దానిగురించి	dānigurinchi	about that	DAA-nih-goo-RIHN-chih		Grammar Particles & Verb Endings			769	anki	daaniguriMchi		
W1604	ఆధునిక	ādhunika	modern						769	top1000			
W1605	అలాగే	alāgē	just like that / as is	UH-luh-gay		Grammar Particles & Verb Endings			770	anki	alagE		
W1606	మూలకం	mūlakaṁ	element						770	top1000			
W1607	హిట్	hiṭ	hit						771	top1000		english-respelled	
W1608	పరిస్థితి	paristhiti	situation; condition	PUH-rih-STIH-thih		Abstract & Common Nouns			773	anki,top1000	paristhithi		
W1609	మూలలో	mūlalō	corner						773	top1000			
W1610	కారణం	kāraṇaṁ	reason; cause	KAA-ruh-nuhm		Abstract & Common Nouns			775	anki,book1000,top1000	kaaram		
W1611	సరఫరా	sarapharā	supply						775	top1000			
W1612	ఫలితం	phalitaṁ	result	PHUH-lih-tuhm		Abstract & Common Nouns			776	anki	phaataM		
W1613	దీని	dīni	whose						776	top1000			
W1614	అర్థం	arthaṁ	meaning; mean	UHR-thuhm		Abstract & Common Nouns			777	anki,top1000	arthaM	multi-gloss	also: meant
W1615	గుర్తించడం	gurtinchaḍaṁ	locate						777	top1000			
W1616	ఉద్దేశం	uddēśaṁ	purpose / aim	OOD-day-shuhm		Abstract & Common Nouns			778	anki	uddeshaM		
W1617	రింగ్	ring	ring						778	top1000		english-respelled	
W1618	అవకాశం	avakāśaṁ	opportunity / holiday	UH-vuh-KAA-shuhm		Abstract & Common Nouns			779	anki	avakashaM		
W1619	పాత్ర	pātra	character						779	top1000			
W1620	అనుభవం	anubhavaṁ	experience	UH-noo-BHUH-vuhm		Abstract & Common Nouns			780	anki,top1000	anubhavaM		
W1621	క్రిమి	krimi	insect						780	top1000			
W1622	జ్ఞానం	jñānaṁ	knowledge	NYAA-nuhm		Abstract & Common Nouns			781	anki	jnyaanam		
W1623	విద్య	vidya	education	VIHD-yuh		Abstract & Common Nouns			782	anki	vidya		
W1624	కాలం	kālaṁ	period						782	top1000			
W1625	అభిప్రాయం	abhiprāyaṁ	opinion	UH-bhih-PRAA-yuhm		Abstract & Common Nouns			783	anki	abhipraayaM		
W1626	నిర్ణయం	nirṇayaṁ	decision	NIHR-maa-nuhm		Abstract & Common Nouns			784	anki	nirmaNaM		
W1627	రేడియో	rēḍiyō	radio						784	top1000			
W1628	ప్రయత్నం	prayatnaṁ	effort / attempt	pruh-YUHTH-nuhm		Abstract & Common Nouns			785	anki	prayathnaM	multi-gloss	also: attempt / effort
W1629	మాట్లాడారు	māṭlāḍāru	spoke				మాట్లాడు		785	top1000		inflected verbform	past of మాట్లాడు
W1630	విజయం	vijayaṁ	success / victory; win	VIH-juh-yuhm		Abstract & Common Nouns			786	anki,top1000	vijayaM	multi-gloss	also: success
W1631	అణువు	aṇuvu	molecule; atom						786	top1000			
W1632	అపజయం	apajayaṁ	failure / defeat	UH-puh-JUH-yuhm		Abstract & Common Nouns			787	anki	apajayaM		
W1633	మానవ	mānava	human						787	top1000			
W1634	మార్పులు	mārpulu	changes	MAAR-poo-loo		Abstract & Common Nouns			788	anki	maarpulu		
W1635	అభివృద్ధి	abhivṛddhi	development / growth; develop	UH-bhih-VRIHD-dhih		Abstract & Common Nouns			789	anki,top1000	abhivriddhi		
W1636	ప్రభావం	prabhāvaṁ	effect						789	top1000			
W1637	సంస్కృతి	saṁskṛti	culture	SUHM-skroo-tih		Abstract & Common Nouns			790	anki	saMskRuti		
W1638	విద్యుత్	vidyut	electric						790	top1000			
W1639	చరిత్ర	charitra	history	CHUH-rih-thruh		Abstract & Common Nouns			791	anki,top1000	charithra		
W1640	ఆశించే	āśinchē	expect						791	top1000			
W1641	భాష	bhāṣa	language; LanguageBaasha	BHAA-shuh		Abstract & Common Nouns			792	anki,book1000,top1000	bhaasha		
W1642	పదం	padaṁ	word; term	PUH-duhm		Abstract & Common Nouns			793	anki,top1000	padaM		
W1643	వాక్యం	vākyaṁ	sentence	VAAK-yuhm		Abstract & Common Nouns			794	anki,top1000	vaakyaM		
W1644	ఊహించే	ūhinchē	imagine						794	top1000			
W1645	కథ	katha	story	KUH-thaa		Abstract & Common Nouns			795	anki,top1000	kathaa		
W1646	అందించేందుకు	andinchēnduku	provide						795	top1000			
W1647	అంగీకరిస్తున్నారు	angīkaristunnāru	agree						796	top1000		inflected	
W1648	సినిమా	sinimā	movie / cinema	SIH-nih-maa		Abstract & Common Nouns			797	anki	cinema		
W1649	అందువలన	anduvalana	thus						797	top1000			
W1650	పుస్తకం	pustakaṁ	book	POOS-thuh-kuhm		Abstract & Common Nouns			798	anki,top1000,book1000	pusthakaM	merged-misprint	book1000 prints this as పుస్తకమం (pustakamaṁ) — treated as a misprint
W1651	సున్నితమైన	sunnitamaina	gentle						798	top1000			
W1652	పత్రిక	patrika	newspaper / magazine	PUHTH-rih-kuh		Abstract & Common Nouns			799	anki	patrika		
W1653	మహిళ	mahiḷa	woman						799	top1000			
W1654	వార్త	vārta	news	VAAR-thuh		Abstract & Common Nouns			800	anki	vaarta		
W1655	కెప్టెన్	kepṭen	captain						800	top1000			
W1656	ఓపెన్ చేయు	ōpen chēyu	to open	OH-puhn CHAY-yoo		Useful Action Verbs			801	anki	open chEyu	phrase	
W1657	అంచనా	anchanā	guess						801	top1000			
W1658	తెరువు	teruvu	to open (Telugu)	TEH-roo-voo		Useful Action Verbs			802	anki	teruvu		
W1659	మూయు	mūyu	to close / shut	MOO-yoo		Useful Action Verbs			803	anki	mUyu		
W1660	పదునైన	padunaina	sharp						803	top1000			
W1661	మూయండి	mūyaṇḍi	please close (formal)	MOO-yuhn-dih		Useful Action Verbs			804	anki	mUyaMDi	inflected	
W1662	వింగ్	ving	wing						804	top1000			
W1663	తోసుకో	tōsukō	to push	TOH-soo-koh		Useful Action Verbs			805	anki	toosukO		
W1664	సృష్టించడానికి	sṛṣṭinchaḍāniki	create						805	top1000			
W1665	లాగు	lāgu	to pull	LAA-goo		Useful Action Verbs			806	anki	laagu		
W1666	పొరుగు	porugu	neighbor						806	top1000			
W1667	నొక్కు	nokku	to press / crush	NUH-loop-poo		Useful Action Verbs			807	anki	naluppu		
W1668	వాష్	vāṣ	wash						807	top1000			
W1669	కొట్టు	koṭṭu	to hit / knock	KOHT-too		Useful Action Verbs	కొట్టు		808	anki	koTTu	verbform	impFam of కొట్టు
W1670	బ్యాట్	byāṭ	bat						808	top1000			
W1671	విరుచు	viruchu	to break	VIH-roo-choo		Useful Action Verbs			809	anki	viruchu		
W1672	కాకుండా	kākuṇḍā	rather						809	top1000			
W1673	కలుసు	kalusu	to meet	KUH-luh-soo		Useful Action Verbs			811	anki	kalasu		
W1674	మొక్కజొన్న	mokkajonna	corn						811	top1000			
W1675	విడిపో	viḍipō	to leave / separate	VIH-dih-poh		Useful Action Verbs			812	anki	vidipO		
W1676	సరిపోల్చండి	saripōlchaṇḍi	compare						812	top1000		inflected	
W1677	అప్పజెప్పు	appajeppu	to hand over	UHP-puh-JEP-poo		Useful Action Verbs			813	anki	appajeppu		
W1678	పద్యం	padyaṁ	poem						813	top1000			
W1679	మోసుకో	mōsukō	to carry	MOH-soo-koh		Useful Action Verbs			814	anki	mosukO		
W1680	స్ట్రింగ్	sṭring	string						814	top1000		english-respelled	
W1681	వెతుకు	vetuku	to search	VEH-ruh-doo		Useful Action Verbs			815	anki	veraDu		
W1682	బెల్	bel	bell						815	top1000		english-respelled	
W1683	దొరికింది	dorikindi	found (it)	DOH-rih-KIHN-dih		Useful Action Verbs			816	anki	dorikindi	inflected	
W1684	ఆధారపడి	ādhārapaḍi	depend						816	top1000			
W1685	పోగొట్టు	pōgoṭṭu	to lose	POH-goht-too		Useful Action Verbs			817	anki	pogottu		
W1686	మానేయు	mānēyu	to stop (doing something)	MAA-nay-yoo		Useful Action Verbs			818	anki	maanEyu		
W1687	రబ్	rab	rub						818	top1000			
W1688	మొదలు పెట్టు	modalu peṭṭu	to begin / start	MOH-dhuh-loo PET-too		Useful Action Verbs			819	anki	modhalu peTTu	phrase	
W1689	ట్యూబ్	ṭyūb	tube						819	top1000			
W1690	ముగు	mugu	to finish / end	MOO-goo		Useful Action Verbs			820	anki	mugu		
W1691	ప్రసిద్ధ	prasiddha	famous						820	top1000			
W1692	ఛూజ్ చేయు	chhūj chēyu	to choose	CHOOZ CHAY-yoo		Useful Action Verbs			821	anki	choose chEyu	phrase	
W1693	డాలర్	ḍālar	dollar						821	top1000			
W1694	ఏర్పాటు చేయు	ērpāṭu chēyu	to arrange	AYR-chaa-too CHAY-yoo		Useful Action Verbs			822	anki	ErchaaTu chEyu	phrase	
W1695	స్ట్రీమ్	sṭrīm	stream						822	top1000			
W1696	ఓర్చు	ōrchu	to wait	OHR-choo		Useful Action Verbs			823	anki	Oarchu		
W1697	భయము	bhayamu	fear						823	top1000			
W1698	దృష్టి	dṛṣṭi	sight						824	top1000			
W1699	పంపించు	pampinchu	to get sent / to have sent	PUHM-pihn-choo		Useful Action Verbs			825	anki	paMpiMchu		
W1700	సన్నని	sannani	thin						825	top1000			
W1701	త్రిభుజం	tribhujaṁ	triangle						826	top1000			
W1702	తయ్యారు చేయు	tayyāru chēyu	to prepare	TYE-yuh-roo CHAY-yoo		Useful Action Verbs			827	anki	tayyaru chEyu	phrase	
W1703	గ్రహం	grahaṁ	planet						827	top1000			
W1704	సరిచేయు	sarichēyu	to correct / fix	SUH-rih-kuht-tih		Useful Action Verbs			828	anki	sarikatti		
W1705	అత్యవసరము	atyavasaramu	hurry						828	top1000			
W1706	రద్దు చేయు	raddu chēyu	to cancel	RUHD-doo CHAY-yoo		Useful Action Verbs			829	anki	raDDu chEyu	phrase	
W1707	చీఫ్	chīph	chief						829	top1000			
W1708	సేవ్ చేయు	sēv chēyu	to save	SAYV CHAY-yoo		Useful Action Verbs			830	anki	save chEyu	phrase	
W1709	కాలనీ	kālanī	colony						830	top1000			
W1710	అభినందనలు	abhinandanalu	congratulations	UH-bhih-nuhn-DUH-nuh-loo		Social & Polite Expressions			831	anki	abhiMnaMdanalu		
W1711	మైన్	main	mine						832	top1000			
W1712	కృతజ్ఞతలు	kṛtajñatalu	gratitude / thanks (formal)	KROO-thuhj-nyuh-TAA-loo		Social & Polite Expressions			833	anki	kruthajnyataalu		
W1713	టై	ṭai	tie						833	top1000			
W1714	మీ వల్ల	mī valla	because of you	MAY VUHL-luh		Social & Polite Expressions			834	anki	mee vaLLa	phrase	
W1715	నమోదు	namōdu	enter						834	top1000			
W1716	మీ సహాయానికి	mī sahāyāniki	for your help	MAY suh-HAA-yuh-nih-kih		Social & Polite Expressions			835	anki	mee sahaayaniki	phrase	
W1717	మీరు చెప్పింది నిజం	mīru cheppindi nijaṁ	what you said is true	MAY-roo CHEP-pihn-dih NIH-juhm		Social & Polite Expressions			836	anki	meeru cheppinDi nijaM	phrase	
W1718	తాజా	tājā	fresh						836	top1000			
W1719	శోధన	śōdhana	search						837	top1000			
W1720	ఫెంటాస్టిక్	pheṇṭāsṭik	fantastic (loanword)	fan-TAS-tik		Social & Polite Expressions			838	anki	fantastic		
W1721	పంపండి	pampaṇḍi	send						838	top1000		inflected	
W1722	సూపర్	sūpar	super (loanword, very common)	SOO-puhr		Social & Polite Expressions			839	anki	super		
W1723	గ్రేట్	grēṭ	great (loanword)	GRAYT		Social & Polite Expressions			840	anki	great		
W1724	తుపాకీ	tupākī	gun						840	top1000			
W1725	బావుంది	bāvundi	it's nice (Hyd casual)	BUH-voon-dih		Social & Polite Expressions			841	anki	bavuMdi	inflected	
W1726	అనుమతిస్తాయి	anumatistāyi	allow						841	top1000		inflected	
W1727	చాలా బాగుంది	chālā bāgundi	it's very good	CHAA-laa BAA-goon-dih		Social & Polite Expressions			842	anki	chaala baagundi	inflected phrase	
W1728	నేను సమ్మతిస్తాను	nēnu sammatistānu	I agree	NAY-noo suhm-muh-THIHS-taa-noo		Social & Polite Expressions			843	anki	nenu sammathisthanu	inflected phrase	
W1729	చనిపోయిన	chanipōyina	dead						843	top1000			
W1730	నేను ఏకీ భావిస్తున్నాను	nēnu ēkī bhāvistunnānu	I agree (with same opinion)	NAY-noo AY-kee BHAA-vihs-toon-naa-noo		Social & Polite Expressions			844	anki	nenu Ekee bhaavisthunnaanu	inflected phrase	
W1731	స్పాట్	spāṭ	spot						844	top1000			
W1732	నేను ఒప్పుకొంటాను	nēnu oppukoṇṭānu	I accept	NAY-noo OHP-poo-KOHN-taa-noo		Social & Polite Expressions			845	anki	nenu oppukoMTaanu	inflected phrase	
W1733	ఎడారి	eḍāri	desert						845	top1000			
W1734	నా వల్ల కాదు	nā valla kādu	I can't (it's beyond me)	NAA VUHL-luh KAA-doo		Social & Polite Expressions			846	anki	naa valla kaadu	phrase	
W1735	దావా	dāvā	claim; suit						846	top1000			
W1736	తప్పకుండ	tappakuṇḍa	definitely / without fail	TUHP-puh-KOON-duh		Social & Polite Expressions			847	anki	tappakuMDa		
W1737	ప్రస్తుత	prastuta	current						847	top1000			
W1738	లిఫ్ట్	liphṭ	lift						848	top1000			
W1739	ఏమి పరవాలేదు	ēmi paravālēdu	it's totally fine	AY-mih puhr-VAA-lay-doo		Social & Polite Expressions			849	anki	Emi parvaalEdu	phrase	
W1740	చింతపడకండి	chintapaḍakaṇḍi	don't worry (formal)	CHIHN-tuh-puh-DUH-kuhn-dih		Social & Polite Expressions			850	anki	chintapaDakaMDi	inflected	
W1741	ఫికర్ చేయకండి	phikar chēyakaṇḍi	don't worry (Hyd)	FIH-kuhr CHAY-yuh-kuhn-dih		Social & Polite Expressions			851	anki	fikar chEyakaMDi	inflected phrase	
W1742	ఎంజాయ్ చేయండి	enjāy chēyaṇḍi	please enjoy (formal)	en-JOY CHAY-yuhn-dih		Social & Polite Expressions			852	anki	eMjoy chEyaMDi	inflected phrase	
W1743	ట్రాక్	ṭrāk	track						852	top1000			
W1744	పేరెంట్	pēreṇṭ	parent						853	top1000			
W1745	టేక్ కేర్	ṭēk kēr	take care (loanword)	TAYK KAIR		Social & Polite Expressions			855	anki	take care	phrase	
W1746	ఆల్ ద బెస్ట్	āl da besṭ	all the best (loanword)	ALL thuh BEST		Social & Polite Expressions			856	anki	all the best	phrase	
W1747	షీట్	ṣīṭ	sheet						856	top1000			
W1748	వెల్కమ్	velkam	welcome (loanword)	WEL-kuhm		Social & Polite Expressions			857	anki	welcome		
W1749	పదార్ధం	padārdhaṁ	substance						857	top1000			
W1750	మొగ్గుచూపుతున్నారు	mogguchūputunnāru	favor						858	top1000		inflected	
W1751	పరిచయం	parichayaṁ	introduction	PUH-rih-CHUH-yuhm		Social & Polite Expressions			859	anki	parichayaM		
W1752	కనెక్ట్	kanekṭ	connect						859	top1000			
W1753	నా పేరు	nā pēru	my name is	NAA PAY-roo		Social & Polite Expressions			860	anki	naa pEru	phrase	
W1754	పోస్ట్	pōsṭ	post						860	top1000		english-respelled	
W1755	ఖబర్	khabar	news (Urdu)	KHUH-buhr		Hyderabadi Specials & Slang			862	anki	khabar		
W1756	కొవ్వు	kovvu	fat						863	top1000			
W1757	ఆనందంగా	ānandangā	glad						864	top1000			
W1758	రి	ri	hey (casual female)	RIH		Hyderabadi Specials & Slang			866	anki	ri		
W1759	వాటా	vāṭā	share						866	top1000			
W1760	గిట్టే	giṭṭē	or else / otherwise (Hyd)	GIHT-tay		Hyderabadi Specials & Slang			867	anki	gittE		
W1761	బ్రెడ్	breḍ	bread						869	top1000			
W1762	ఫాయిదా	phāyidā	benefit / advantage (Urdu)	FAA-yih-daa		Hyderabadi Specials & Slang			870	anki	faayidaa		
W1763	వసూలు	vasūlu	charge						870	top1000			
W1764	నుక్సానం	nuksānaṁ	damage / loss (Urdu)	NOOK-saa-nuhm		Hyderabadi Specials & Slang			871	anki	nuksaanaM		
W1765	బార్	bār	bar						872	top1000		english-respelled	
W1766	ఆఫర్	āphar	offer						873	top1000			
W1767	జరూర్	jarūr	definitely (Urdu)	zuh-ROOR		Hyderabadi Specials & Slang			874	anki	zaroor		
W1768	సెగ్మెంట్	segmeṇṭ	segment						874	top1000		english-respelled	
W1769	బానిస	bānisa	slave						875	top1000			
W1770	తేరా	tērā	yours (Urdu, very casual)	TAY-raa		Hyderabadi Specials & Slang			876	anki	teeraa		
W1771	డక్	ḍak	duck						876	top1000			
W1772	మేరా	mērā	mine (Urdu, very casual)	MAY-raa		Hyderabadi Specials & Slang			877	anki	meraa		
W1773	తక్షణ	takṣaṇa	instant						877	top1000			
W1774	భాయ్	bhāy	brother / dude (Urdu)	BHYE		Hyderabadi Specials & Slang			878	anki	bhai		
W1775	మార్కెట్	mārkeṭ	market						878	top1000		english-respelled	
W1776	యార్	yār	friend / buddy (Urdu)	YAAR		Hyderabadi Specials & Slang			879	anki	yaar		
W1777	డిగ్రీ	ḍigrī	degree						879	top1000			
W1778	జనసాంద్రత	janasāndrata	populate						880	top1000			
W1779	దుకాణం	dukāṇaṁ	shop (Urdu)	doo-KAA-nuhm		Hyderabadi Specials & Slang			881	anki	dukaanam		
W1780	చిక్	chik	chick						881	top1000			
W1781	ఖందాని	khandāni	classy / high-quality (Hyd)	KHUHN-daa-nih		Hyderabadi Specials & Slang			882	anki	khandaani		
W1782	ప్రియమైన	priyamaina	dear						882	top1000			
W1783	శత్రువు	śatruvu	enemy						883	top1000			
W1784	ఫుల్	phul	very / totally (Hyd slang)	FOOL		Hyderabadi Specials & Slang			884	anki	full		
W1785	ప్రత్యుత్తరం	pratyuttaraṁ	reply						884	top1000			
W1786	కాదు రా	kādu rā	no way, dude	KAA-doo RUH		Hyderabadi Specials & Slang			885	anki	kadhu ra	phrase	
W1787	పానీయం	pānīyaṁ	drink						885	top1000			
W1788	పటాక్	paṭāk	in a flash (Hyd)	PUH-chuhk		Hyderabadi Specials & Slang			886	anki	pachak		
W1789	సంభవించవచ్చు	sambhavinchavachchu	occur						886	top1000			
W1790	కూచిపూడి	kūchipūḍi	classical dance (cultural)	KOO-chih-POH-dih		Hyderabadi Specials & Slang			887	anki	kuuchipoDi		
W1791	మద్దతు	maddatu	support						887	top1000			
W1792	దావత్	dāvat	feast / party (Urdu/Hyd)	DAA-vuhth		Hyderabadi Specials & Slang			888	anki	daawath		
W1793	ప్రసంగం	prasangaṁ	speech						888	top1000			
W1794	పుకార్	pukār	call / summon (Urdu)	poo-KAAR		Hyderabadi Specials & Slang			889	anki	pukaar		
W1795	హాజిరు	hājiru	present / here (Urdu)	HAA-zih-roo		Hyderabadi Specials & Slang			890	anki	haazirau	multi-gloss	also: present / here (Hyd)
W1796	పరిధి	paridhi	range						890	top1000			
W1797	తయ్యార్	tayyār	ready (Urdu)	TYE-yaar		Hyderabadi Specials & Slang			891	anki	tayyaar		
W1798	ఆవిరి	āviri	steam						891	top1000			
W1799	ఖరాబ్	kharāb	bad / broken (Urdu)	KHUH-raab		Hyderabadi Specials & Slang			892	anki	kharaab		
W1800	చలన	chalana	motion						892	top1000			
W1801	మజేదార్	majēdār	fun / entertaining (Urdu)	muh-ZAY-daar		Hyderabadi Specials & Slang			893	anki	mazedhaar		
W1802	బోర్ కొట్టింది	bōr koṭṭindi	got bored (Hyd)	BORE KOHT-tihn-dih		Hyderabadi Specials & Slang			894	anki	bore kottindi	inflected phrase	
W1803	ద్రవ	drava	liquid						894	top1000			
W1804	సీన్ ఏంటి?	sīn ēṇṭi?	what's the scene/situation? (Hyd)	SEEN EN-tih		Hyderabadi Specials & Slang			895	anki	scene eMTi?	phrase	
W1805	లాగిన్	lāgin	log						895	top1000			
W1806	టెన్షన్ తీసుకో	ṭenṣan tīsukō	don't take tension (Hyd)	TEN-shuhn TAY-soo-koh		Hyderabadi Specials & Slang			896	anki	tension teesuko	phrase	
W1807	చిల్ అవ్వు	chil avvu	chill out (Hyd)	CHILL UHV-voo		Hyderabadi Specials & Slang			897	anki	chill avvu	phrase	
W1808	కోశంట్	kōśaṇṭ	quotient						897	top1000			
W1809	పక్క సెట్టింగ్	pakka seṭṭing	it's a definite deal (Hyd)	PUHK-kuh SET-ting		Hyderabadi Specials & Slang			898	anki	pakka settaiMg	phrase	
W1810	ఫుల్ ఖుషి	phul khuṣi	very happy (Hyd)	FOOL KOO-shih		Hyderabadi Specials & Slang			899	anki	full kushi	phrase	
W1811	షెల్	ṣel	shell						899	top1000			
W1812	మాస్	mās	awesome / mass appeal (Hyd)	MASS		Hyderabadi Specials & Slang			900	anki,top1000	mass	multi-gloss	also: mass
W1813	ఆక్సిజన్	āksijan	oxygen						901	top1000			
W1814	ప్రపంచం	prapanchaṁ	world	pruh-PUHN-chuhm		Remaining High-Utility Words			902	anki	prapaMchaM		
W1815	చక్కెర	chakkera	sugar						902	top1000			
W1816	సంఘం	sanghaṁ	society / organization	SUHN-ghuhm		Remaining High-Utility Words			903	anki	saMghM		
W1817	మరణం	maraṇaṁ	death						903	top1000			
W1818	ఖర్చు	kharchu	expense; spend	KHUHR-choo		Remaining High-Utility Words			904	anki,top1000	kharchu		
W1819	ఆదాయం	ādāyaṁ	income	AA-daa-yuhm		Remaining High-Utility Words			905	anki	aadaayaM		
W1820	నైపుణ్యం	naipuṇyaṁ	skill						905	top1000			
W1821	బ్యాంక్	byānk	bank (loanword)	BANK		Remaining High-Utility Words			906	anki	bank		
W1822	మహిళలు	mahiḷalu	women						906	top1000			
W1823	పైసా	paisā	money / coin (Urdu)	PYE-suh		Remaining High-Utility Words			907	anki	paisa		
W1824	సీజన్	sījan	season						907	top1000			
W1825	విలువ	viluva	value / worth	VIH-loo-vuh		Remaining High-Utility Words			908	anki,top1000	viluva	multi-gloss	also: value
W1826	ధర	dhara	price; cost	DHUH-ruh		Remaining High-Utility Words			909	anki,book1000,top1000	dharaa		
W1827	అయస్కాంతం	ayaskāntaṁ	magnet						909	top1000			
W1828	అవసరం	avasaraṁ	need / necessity; necessary	UH-vuh-SUH-ruhm		Remaining High-Utility Words			910	anki,top1000	avasaraM	multi-gloss	also: need; require
W1829	ఏటీఎం	ēṭīeṁ	ATM (loanword)	AY-TEE-EM		Remaining High-Utility Words			911	anki	eeTee em		
W1830	ఆన్‌లైన్	ānlain	online (loanword)	ON-line		Remaining High-Utility Words			912	anki	online		
W1831	శాఖ	śākha	branch						912	top1000			
W1832	మెసేజ్	mesēj	message (loanword)	MES-ij		Remaining High-Utility Words			913	anki	message		
W1833	వీడియో	vīḍiyō	video (loanword)	VIH-dee-oh		Remaining High-Utility Words			914	anki	video		
W1834	ప్రత్యయం	pratyayaṁ	suffix						914	top1000			
W1835	ఫోటో	phōṭō	photo (loanword)	FOH-toh		Remaining High-Utility Words			915	anki	photo	english-respelled	
W1836	ముఖ్యంగా	mukhyangā	especially						915	top1000			
W1837	షేర్ చేయు	ṣēr chēyu	to share	SHAIR CHAY-yoo		Remaining High-Utility Words			916	anki	share chEyu	phrase	
W1838	అత్తి	atti	fig						916	top1000			
W1839	డౌన్‌లోడ్ చేయు	ḍaunlōḍ chēyu	to download	DOWN-lohd CHAY-yoo		Remaining High-Utility Words			917	anki	download chEyu	phrase	
W1840	భయపడ్డారు	bhayapaḍḍāru	afraid						917	top1000		inflected	
W1841	వాట్సాప్	vāṭsāp	WhatsApp (loanword)	WAHTS-ap		Remaining High-Utility Words			918	anki	WhatsApp		
W1842	ఫార్వర్డ్ చేయు	phārvarḍ chēyu	to forward	FOR-wuhrd CHAY-yoo		Remaining High-Utility Words			919	anki	forward chEyu	phrase	
W1843	సోదరి	sōdari	sister						919	top1000			
W1844	టైప్ చేయు	ṭaip chēyu	to type	TYPE CHAY-yoo		Remaining High-Utility Words			920	anki	type chEyu	phrase	
W1845	సెర్చ్ చేయు	serch chēyu	to search	SEARCH CHAY-yoo		Remaining High-Utility Words			921	anki	search chEyu	phrase	
W1846	చర్చించడానికి	charchinchaḍāniki	discuss						921	top1000			
W1847	నమ్మకం	nammakaṁ	trust / belief; believe	NUHM-muh-kuhm		Remaining High-Utility Words			922	anki,top1000	nammakM		
W1848	ముందుకు	munduku	forward						922	top1000			
W1849	సంబంధం	sambandhaṁ	relationship	suhm-BUHN-dhuhm		Remaining High-Utility Words			923	anki	saMbaMdhaM		
W1850	ఇదే	idē	similar						923	top1000			
W1851	స్నేహం	snēhaṁ	friendship	SNAY-huhm		Remaining High-Utility Words			924	anki	snEhaM		
W1852	మార్గనిర్దేశం	mārganirdēśaṁ	guide						924	top1000			
W1853	ప్రేమ	prēma	love	PRAY-muh		Remaining High-Utility Words			925	anki,book1000,top1000	prema		
W1854	గౌరవం	gauravaṁ	respect	GOW-ruh-vuhm		Remaining High-Utility Words			926	anki,book1000	gauravaM		
W1855	స్కోరు	skōru	score						926	top1000			
W1856	మర్యాద	maryāda	respect / manners	muhr-YAA-dhuh		Remaining High-Utility Words			927	anki	maryaadha		
W1857	ఆపిల్	āpil	apple						927	top1000			
W1858	నీతి	nīti	morality / ethics	NEE-thih		Remaining High-Utility Words			928	anki	neethi		
W1859	న్యాయం	nyāyaṁ	justice	NYAA-yuhm		Remaining High-Utility Words			929	anki	nyaayaM		
W1860	దారితీసింది	dāritīsindi	led						929	top1000		inflected	
W1861	శక్తి	śakti	power / strength; force	SHUHK-tih		Remaining High-Utility Words			930	anki,top1000	shakti	multi-gloss	also: power; energy
W1862	పిచ్	pich	pitch						930	top1000			
W1863	స్వేచ్ఛ	svēchchha	freedom	SWAY-chchuh		Remaining High-Utility Words			931	anki	swEchcha		
W1864	కోటు	kōṭu	coat						931	top1000			
W1865	బాధ్యత	bādhyata	responsibility	BAAD-yuh-thuh		Remaining High-Utility Words			932	anki	baaDhyatha		
W1866	హామీ	hāmī	promise / guarantee	HAA-mih		Remaining High-Utility Words			933	anki	haami		
W1867	కార్డ్	kārḍ	card						933	top1000			
W1868	మార్పు	mārpu	change	MAAR-poo		Remaining High-Utility Words			934	anki,top1000	maarpu	merged-misprint	anki prints this as మార్చు (mārchu) — treated as a misprint
W1869	బ్యాండ్	byāṇḍ	band						934	top1000			
W1870	గతం	gataṁ	past	GUH-thuhm		Remaining High-Utility Words			936	anki	gathaM		
W1871	స్లిప్	slip	slip						936	top1000		english-respelled	
W1872	వర్తమానం	vartamānaṁ	present (time)	vuhr-thuh-MAA-nuhm		Remaining High-Utility Words			937	anki	varthamaanaM		
W1873	భవిష్యత్	bhaviṣyat	future	BHUH-vihsh-yuhth		Remaining High-Utility Words			938	anki	bhavishyath		
W1874	కావాలని	kāvālani	dream						938	top1000			
W1875	ఆలోచన	ālōchana	thought / consideration; idea	AA-loh-chuh-naa		Remaining High-Utility Words			939	anki,top1000	alochanaa	multi-gloss	also: thought
W1876	చోట	chōṭa	place / spot	CHOH-tuh		Remaining High-Utility Words			940	anki	choTa		
W1877	స్థానం	sthānaṁ	position / place (formal)	STHAA-nuhm		Remaining High-Utility Words			941	anki,top1000	sthaanam	multi-gloss	also: position
W1878	ఫీడ్	phīḍ	feed						941	top1000			
W1879	విశ్రాంతి	viśrānti	rest	VIHSH-raan-thih		Remaining High-Utility Words			942	anki	vishraaMthi		
W1880	సాధనం	sādhanaṁ	tool						942	top1000			
W1881	సెలవు	selavu	holiday / leave	SEH-luh-voo		Remaining High-Utility Words			943	anki	selavu		
W1882	పండగ	paṇḍaga	festival	PUHN-duh-guh		Remaining High-Utility Words			944	anki	panDaga		
W1883	ప్రాథమిక	prāthamika	basic						944	top1000			
W1884	పార్టీ	pārṭī	party (loanword)	PAR-tee		Remaining High-Utility Words			946	anki,top1000	party	english-respelled multi-gloss	also: party
W1885	లోయలో	lōyalō	valley						946	top1000			
W1886	ఫంక్షన్	phankṣan	function / event (loanword)	FUHNK-shuhn		Remaining High-Utility Words			947	anki	function		
W1887	ప్రోగ్రామ్	prōgrām	program / event (loanword)	PROH-gram		Remaining High-Utility Words			948	anki	program	english-respelled	
W1888	డబుల్	ḍabul	double						948	top1000			
W1889	గిఫ్ట్	giphṭ	gift (loanword)	GIHFT		Remaining High-Utility Words			949	anki	gift		
W1890	సీటు	sīṭu	seat						949	top1000			
W1891	సర్‌ప్రైజ్	sarpraij	surprise (loanword)	suhr-PRIZE		Remaining High-Utility Words			950	anki	surprise		
W1892	కొనసాగుతుంది	konasāgutundi	continue						950	top1000		inflected	
W1893	గంట కొట్టింది	gaṇṭa koṭṭindi	the bell rang / time's up	GUHN-tuh KOHT-tihn-dih		Remaining High-Utility Words			951	anki	gaMTa koTTindi	inflected phrase	
W1894	బ్లాక్	blāk	block						951	top1000			
W1895	అద్దము	addamu	mirror	UHD-duh-moo		Remaining High-Utility Words			952	anki	aDDamu		
W1896	చార్ట్	chārṭ	chart						952	top1000		english-respelled	
W1897	గుడి	guḍi	temple (common)	GOO-dih		Remaining High-Utility Words			953	anki	guDi		
W1898	టోపీ	ṭōpī	hat						953	top1000			
W1899	పూజ	pūja	prayer / worship	POO-jaa		Remaining High-Utility Words			954	anki	poojaa		
W1900	అమ్మే	ammē	sell						954	top1000			
W1901	దేవుడు	dēvuḍu	god	DAY-voo-doo		Remaining High-Utility Words			955	anki	deevuDu		
W1902	ఆశీర్వాదం	āśīrvādaṁ	blessing	AA-sheer-VAA-dhuhm		Remaining High-Utility Words			956	anki	aasheervaadhaM		
W1903	సంస్థ	saṁstha	company						956	top1000			
W1904	పెద్దలు	peddalu	elders	PED-duh-loo		Remaining High-Utility Words			957	anki	peddalu		
W1905	వ్యవకలనం	vyavakalanaṁ	subtract						957	top1000			
W1906	చిన్నవాళ్ళు	chinnavāḷḷu	youngsters / kids	CHIHN-nuh-VUHL-loo		Remaining High-Utility Words			958	anki	chinnavaLLu		
W1907	ఈవెంట్	īveṇṭ	event						958	top1000			
W1908	శిక్షణ	śikṣaṇa	training	SHIHK-shuh-nuh		Remaining High-Utility Words			959	anki	sikshaNa		
W1909	అభ్యాసం	abhyāsaṁ	practice	UHB-yaa-suhm		Remaining High-Utility Words			960	anki	abyaasaM		
W1910	ఒప్పందం	oppandaṁ	deal						960	top1000			
W1911	పరీక్ష	parīkṣa	exam / test	puhr-EEKSH-uh		Remaining High-Utility Words			961	anki,top1000	parchatakam	multi-gloss	also: test
W1912	ఈత	īta	swim						961	top1000			
W1913	మార్క్స్	mārks	marks / grade (loanword)	MARKS		Remaining High-Utility Words			962	anki	marks	english-respelled	
W1914	పాస్	pās	pass (loanword)	PAAS		Remaining High-Utility Words			963	anki,top1000	pass	multi-gloss	also: pass
W1915	వ్యతిరేక	vyatirēka	opposite						963	top1000			
W1916	ఫెయిల్	pheyil	fail (loanword)	FAYL		Remaining High-Utility Words			964	anki	fail		
W1917	సర్టిఫికెట్	sarṭiphikeṭ	certificate (loanword)	suhr-TIHF-ih-kuht		Remaining High-Utility Words			965	anki	certificate		
W1918	షూ	ṣū	shoe						965	top1000			
W1919	నిబంధన	nibandhana	condition / rule	NIH-buhn-dhuh-nuh		Remaining High-Utility Words			966	anki	nibandhana		
W1920	స్ప్రెడ్	spreḍ	spread						967	top1000		english-respelled	
W1921	ఏర్పాట్లు	ērpāṭlu	arrange						968	top1000			
W1922	గమనం	gamanaṁ	attention / notice	GUH-muh-nuhm		Remaining High-Utility Words			969	anki	gamanam		
W1923	శిబిరం	śibiraṁ	camp						969	top1000			
W1924	సరాసరి	sarāsari	average	SUH-ruh-suhm-muh-thuhm		Remaining High-Utility Words			970	anki	sarasammathM		
W1925	కనుగొనడమే	kanugonaḍamē	invent						970	top1000			
W1926	గట్టిగా	gaṭṭigā	strongly / firmly	GUHT-tih-gaa		Remaining High-Utility Words			971	anki	gattiygaa		
W1927	పత్తి	patti	cotton						971	top1000			
W1928	పుట్టినప్పటి	puṭṭinappaṭi	born						972	top1000			
W1929	హాయిగా	hāyigā	comfortably / peacefully	HAA-yih-gaa		Remaining High-Utility Words			973	anki	haayigaa		
W1930	గుర్తించడానికి	gurtinchaḍāniki	determine						973	top1000			
W1931	జాగ్రత్తగ	jāgrattaga	carefully	JAA-gruh-thuh-guh		Remaining High-Utility Words			974	anki	jaagraathaga		
W1932	కొలత గల పాత్ర	kolata gala pātra	quart						974	top1000		phrase	
W1933	వేగంగా	vēgangā	quickly / fast	VAY-guhm-gaa		Remaining High-Utility Words			975	anki,book1000	vEgaMgaa	multi-gloss	also: Fast
W1934	ట్రక్	ṭrak	truck						976	top1000			
W1935	బలం	balaṁ	strength / force	BUH-luhm		Remaining High-Utility Words			977	anki	balaM		
W1936	ఎక్సర్‌సైజ్	eksarsaij	exercise (loanword)	EK-suhr-size		Remaining High-Utility Words			979	anki	exercise		
W1937	క్రీడల్లో అవకాశాలు	krīḍallō avakāśālu	chance						979	top1000		phrase	
W1938	వాకింగ్	vāking	walking (loanword, common)	WAW-king		Remaining High-Utility Words			980	anki	walking		
W1939	జిమ్	jim	gym (loanword)	JIHM		Remaining High-Utility Words			981	anki	gym		
W1940	షాప్	ṣāp	shop						981	top1000			
W1941	డైట్	ḍaiṭ	diet (loanword)	DYE-uht		Remaining High-Utility Words			982	anki	diet		
W1942	సాగిన	sāgina	stretch						982	top1000			
W1943	యోగ	yōga	yoga	YOH-guh		Remaining High-Utility Words			983	anki	yoga	english-respelled	
W1944	త్రో	trō	throw						983	top1000			
W1945	క్రికెట్	krikeṭ	cricket (loanword)	KRIH-kuht		Remaining High-Utility Words			984	anki	cricket		
W1946	బాగా చేయు	bāgā chēyu	shine						984	top1000		phrase	
W1947	మ్యాచ్	myāch	match (loanword)	MATCH		Remaining High-Utility Words			985	anki,top1000	match	multi-gloss	also: match
W1948	ఆస్తి	āsti	property						985	top1000			
W1949	విన్	vin	win (loanword)	WIN		Remaining High-Utility Words			986	anki	win		
W1950	కాలమ్	kālam	column						986	top1000			
W1951	గోల్	gōl	goal (loanword)	GOHL		Remaining High-Utility Words			987	anki	goal		
W1952	ప్రాక్టీస్	prākṭīs	practice (loanword)	PRAK-tihs		Remaining High-Utility Words			988	anki	practice		
W1953	జరుపుకో	jarupukō	to celebrate	SUH-dih CHAY-yoo		Remaining High-Utility Words			989	anki	saDi chEyu		
W1954	జెండా	jeṇḍā	flag	JUHN-daa		Remaining High-Utility Words			991	anki	jhaMDaa		
W1955	రిపీట్	ripīṭ	repeat						991	top1000			
W1956	బదిలీ	badilī	transfer	BUH-dih-lih		Remaining High-Utility Words			992	anki	badili		
W1957	సీన్	sīn	scene / situation (Hyd)	SEEN		Remaining High-Utility Words			994	anki	scene		
W1958	సిద్ధం	siddhaṁ	prepare						994	top1000			
W1959	వేస్ట్	vēsṭ	waste (loanword)	WAYST		Remaining High-Utility Words			995	anki	waste		
W1960	యూజ్	yūj	use (loanword)	YOOZ		Remaining High-Utility Words			996	anki	use		
W1961	ఛాన్స్	chhāns	chance (loanword)	CHAHNS		Remaining High-Utility Words			997	anki	chance		
W1962	బహువచనం	bahuvachanaṁ	plural						997	top1000			
W1963	లక్	lak	luck (loanword)	LUHK		Remaining High-Utility Words			998	anki	luck		
W1964	అదృష్టం	adṛṣṭaṁ	luck / fortune (Telugu)	UH-druhsh-tuhm		Remaining High-Utility Words			999	anki	adRushtM		
W1965	జయం	jayaṁ	victory!	JUH-yuhm		Remaining High-Utility Words			1000	anki	jayaM		
W1966	ఖండం	khaṇḍaṁ	continent						1000	top1000			
W1967	మామిడి పండు	māmiḍi paṇḍu	mango	MAA-mih-dih PUHN-doo		Fruits			1001	anki,book1000	maamiDi paMDu	phrase	
W1968	అరటి పండు	araṭi paṇḍu	banana	UH-ruh-tih PUHN-doo		Fruits			1002	anki	arati paMDu	phrase	
W1969	కొబ్బరికాయ	kobbarikāya	coconut	KOHB-buh-rih KAA-yuh		Fruits			1003	anki	kobbari kaaya		
W1970	ద్రాక్ష	drākṣa	grapes	DRAAK-shuh		Fruits			1004	anki	draaksha		
W1971	పుచ్చకాయ	puchchakāya	watermelon	POOCH-chuh-KAA-yuh		Fruits			1005	anki	puchchakaaya		
W1972	దానిమ్మ	dānimma	pomegranate	DAA-nihm-muh		Fruits			1006	anki	daanimma		
W1973	నిమ్మకాయ	nimmakāya	lemon / lime	NIHM-muh-KAA-yuh		Fruits			1007	anki	nimmakaaya		
W1974	బొప్పాయి	boppāyi	papaya	BOHP-paa-yih		Fruits			1008	anki	boppaayi	inflected	
W1975	జామకాయ	jāmakāya	guava	JAA-muh-KAA-yuh		Fruits			1009	anki	jaamakaaya		
W1976	నారింజ	nārinja	orange (fruit)	NAA-rihn-juh		Fruits			1010	anki	naarinja		
W1977	ఆలుగడ్డ	ālugaḍḍa	potato	AA-loo-GUHD-duh		Vegetables			1011	anki	aalugaDDa		
W1978	ఉల్లిపాయ	ullipāya	onion; Onions	OOL-lih-PAA-yuh		Vegetables			1012	anki,book1000	ullipaaya		
W1979	టమాట	ṭamāṭa	tomato	tuh-MAA-tuh		Vegetables			1013	anki	TamaaTa		
W1980	వంకాయ	vankāya	brinjal / eggplant	VUHN-kaa-yuh		Vegetables			1014	anki,book1000	vaMkaaya	multi-gloss	also: Brinjal
W1981	బెండకాయ	beṇḍakāya	okra / lady finger; Ladyfinger	BEN-duh-KAA-yuh		Vegetables			1015	anki,book1000	beMDakaaya		
W1982	పాలకూర	pālakūra	spinach	PAA-luh-KOO-ruh		Vegetables			1016	anki	paalakuura		
W1983	వెల్లుళ్ళి	velluḷḷi	garlic	VEL-loo-LIH		Vegetables			1017	anki	velluLLi		
W1984	కాకరకాయ	kākarakāya	bitter gourd	KAA-kuh-ruh-KAA-yuh		Vegetables			1018	anki	kaakarakaaya		
W1985	మునగకాయ	munagakāya	drumstick (vegetable)	MOO-nuh-guh-KAA-yuh		Vegetables			1019	anki	munagakaaya		
W1986	క్యారట్	kyāraṭ	carrot (loanword)	KYAA-ruht		Vegetables			1020	anki	kyaaraT		
W1987	అల్లము	allamu	ginger	UHL-luh-moo		Spices & Cooking			1021	anki	allamu		
W1988	చింతపండు	chintapaṇḍu	tamarind	CHIHN-tuh-PUHN-doo		Spices & Cooking			1022	anki	chiMtapaMDu		
W1989	జీలకర్ర	jīlakarra	cumin	JEE-luh-KUHR-ruh		Spices & Cooking			1023	anki	jeelakarra		
W1990	ఆవాలు	āvālu	mustard seeds	AA-vaa-loo		Spices & Cooking			1024	anki	aavaalu		
W1991	కరివేపాకు	karivēpāku	curry leaves	KUH-rih-VAY-paa-koo		Spices & Cooking			1025	anki	karivepaaku		
W1992	కొత్తిమీర	kottimīra	coriander / cilantro	KOH-thih-MEE-ruh		Spices & Cooking			1026	anki	kothimeera		
W1993	మెంతులు	mentulu	fenugreek	MEN-too-loo		Spices & Cooking			1027	anki	meMtulu		
W1994	కుండ	kuṇḍa	pot / vessel	KOON-duh		Spices & Cooking			1028	anki	kuMDa		
W1995	గరిటె	gariṭe	ladle / cooking spoon	GUH-rih-tay		Spices & Cooking			1029	anki	gariTe		
W1996	పొయ్యి	poyyi	stove / hearth	POY-yih		Spices & Cooking			1030	anki	poyyi		
W1997	రైతు	raitu	farmer	RYE-too		Professions			1031	anki	raithu		
W1998	పోలీసు	pōlīsu	police officer	POH-lee-soo		Professions			1032	anki	poleesu	english-respelled	
W1999	లాయర్	lāyar	lawyer (loanword)	LAA-yuhr		Professions			1033	anki	laayar		
W2000	ఇంజనీర్	injanīr	engineer (loanword)	IHN-juh-neer		Professions			1034	anki	iMjaneer		
W2001	నర్సు	narsu	nurse (loanword)	NUHR-soo		Professions			1035	anki	narsu		
W2002	పనమ్మాయి	panammāyi	maid / helper	PUH-nuhm-MAA-yih		Professions			1036	anki	panammaayi	inflected	
W2003	దర్జీ	darjī	tailor (Hyd/Urdu)	DUHR-jee		Professions			1037	anki	darjee		
W2004	వాచ్‌మన్	vāchman	watchman (loanword)	WATCH-muhn		Professions			1038	anki	watchman		
W2005	పూజారి	pūjāri	priest	POO-jaa-ree		Professions			1039	anki	puujaaree		
W2006	హీరో	hīrō	actor / hero (loanword)	HEE-roh		Professions			1040	anki	hero		
W2007	గొడుగు	goḍugu	umbrella	GOH-doo-goo		Tools & Daily Objects			1041	anki	goDugu		
W2008	టవల్	ṭaval	towel (loanword)	TUH-vuhl		Tools & Daily Objects			1042	anki	Taval		
W2009	సోపు	sōpu	soap (loanword)	SOH-poo		Tools & Daily Objects			1043	anki	sopu		
W2010	దువ్వెన	duvvena	comb	DOOV-veh-nuh		Tools & Daily Objects			1044	anki	duvvena		
W2011	సూది	sūdi	needle	SOO-dih		Tools & Daily Objects			1045	anki	suudi		
W2012	దారం	dāraṁ	thread	DAA-ruhm		Tools & Daily Objects			1046	anki	daaraM		
W2013	కత్తెర	kattera	scissors	KUHT-teh-ruh		Tools & Daily Objects			1047	anki	kattera		
W2014	కత్తి	katti	knife	KUHT-thih		Tools & Daily Objects			1048	anki	kaththi		
W2015	తాడు	tāḍu	rope	TAA-doo		Tools & Daily Objects			1049	anki,top1000	taaDu	inflected	
W2016	చీపురు	chīpuru	broom	CHEE-poo-roo		Tools & Daily Objects			1050	anki	cheepuru		
W2017	బాల్చీ	bālchī	bucket	BAAL-chee		Tools & Daily Objects			1051	anki	baalchee		
W2018	బుట్ట	buṭṭa	basket	BOOT-tuh		Tools & Daily Objects			1052	anki	buTTa		
W2019	కాగితం	kāgitaṁ	paper	KAA-gih-tuhm		Tools & Daily Objects			1053	anki,top1000	kaagitaM		
W2020	పెన్	pen	pen (loanword)	PEN		Tools & Daily Objects			1054	anki	pen		
W2021	పెట్టె	peṭṭe	box / chest	PET-tay		Tools & Daily Objects			1055	anki	peTTe		
W2022	వెండి	veṇḍi	silver	VEN-dih		Materials			1057	anki,top1000	veMDi	inflected	
W2023	ఇనుము	inumu	iron	IH-noo-moo		Materials			1058	anki,top1000	inumu		
W2024	చెక్క	chekka	wood	CHEK-kuh		Materials			1059	anki,top1000	chekka		
W2025	ప్రత్తి	pratti	cotton	PRUHTH-thih		Materials			1060	anki	praththi		
W2026	గాజు	gāju	glass (material)	GAA-joo		Materials			1061	anki,top1000	gaaju	multi-gloss	also: glass
W2027	ఇసుక	isuka	sand	IH-soo-kuh		Materials			1063	anki,top1000	isuka		
W2028	ప్లాస్టిక్	plāsṭik	plastic (loanword)	PLAAS-tik		Materials			1064	anki	plaasTik	english-respelled	
W2029	స్టీల్	sṭīl	steel (loanword)	STEEL		Materials			1065	anki,top1000	steel	multi-gloss	also: steel
W2030	దీపం	dīpaṁ	lamp / diya	DEE-puhm		Culture & Religion			1066	anki,book1000	deepaM	multi-gloss	also: Lamp
W2031	మాల	māla	garland	MAA-luh		Culture & Religion			1067	anki	maala		
W2032	బొట్టు	boṭṭu	sacred mark / bindi	BOHT-too		Culture & Religion			1068	anki	boTTu		
W2033	అగరబత్తి	agarabatti	incense stick	UH-guhr-BUHTH-tee		Culture & Religion			1069	anki	agarbatthi		
W2034	ప్రసాదం	prasādaṁ	offering / prasad	pruh-SAA-duhm		Culture & Religion			1070	anki	prasaadaM		
W2035	ముగ్గు	muggu	rangoli / floor art	MOOG-goo		Culture & Religion			1071	anki	muggu		
W2036	సంప్రదాయం	sampradāyaṁ	tradition / custom	suhm-pruh-DAA-yuhm		Culture & Religion			1072	anki	saMpradaayaM		
W2037	శుభం	śubhaṁ	auspicious	SHOO-bhuhm		Culture & Religion			1073	anki	shubhaM		
W2038	వేడుక	vēḍuka	ceremony / celebration	VAY-doo-kuh		Culture & Religion			1074	anki	veduka		
W2039	పవిత్రం	pavitraṁ	sacred / holy	puh-VIHTH-ruhm		Culture & Religion			1075	anki	pavithraM		
W2040	కిరాయి	kirāyi	rent	kih-RAA-yih		Practical Daily Nouns			1076	anki	kiraayi	inflected	
W2041	చెత్త	chetta	garbage / waste	CHET-thuh		Practical Daily Nouns			1077	anki	chettha		
W2042	దుమ్ము	dummu	dust	DHOOM-moo		Practical Daily Nouns			1078	anki	dhummu		
W2043	శబ్దం	śabdaṁ	noise / sound	SHUHB-duhm		Practical Daily Nouns			1079	anki,book1000,top1000	shabdaM	multi-gloss	also: Noise
W2044	వాసన	vāsana	smell / fragrance	VAA-suh-nuh		Practical Daily Nouns			1080	anki,top1000	vaasana	multi-gloss	also: smell
W2045	నీడ	nīḍa	shade / shadow	NEE-duh		Practical Daily Nouns			1082	anki	neeDa		
W2046	గుంపు	gumpu	crowd; Gumpu	GOOM-poo		Practical Daily Nouns			1083	anki,book1000,top1000	guMpu		
W2047	ప్రమాదం	pramādaṁ	accident / danger	PRAA-maa-duhm		Practical Daily Nouns			1084	anki,top1000	praamaadaM	multi-gloss	also: danger
W2048	శాంతి	śānti	peace	SHAAN-thih		Practical Daily Nouns			1085	anki	shaaMthi		
W2049	అప్పు	appu	debt / loan	UHP-poo		Practical Daily Nouns			1086	anki	appu		
W2050	ఆట	āṭa	game / sport	AA-tuh		Practical Daily Nouns			1088	anki	aaTa		
W2051	సిగ్నల్	signal	traffic signal (loanword)	SIG-nuhl		Practical Daily Nouns			1089	anki	signal		
W2052	పార్సిల్	pārsil	parcel (food, loanword)	PAR-suhl		Practical Daily Nouns			1090	anki	parcel		
W2053	కవర్	kavar	cover / envelope (loanword)	KUH-vuhr		More Useful Nouns			1091	anki,top1000	cover	multi-gloss	also: cover
W2054	పాకెట్	pākeṭ	packet (loanword)	PAA-keht		More Useful Nouns			1092	anki	paakeT		
W2055	రిసీట్	risīṭ	receipt (loanword)	rih-SEET		More Useful Nouns			1093	anki	riseeT		
W2056	జేబు	jēbu	pocket	JAY-boo		More Useful Nouns			1094	anki	jebu		
W2057	ఉంగారం	ungāraṁ	ring (jewelry)	OON-gaa-ruhm		More Useful Nouns			1095	anki	ungaaraM		
W2058	గొలుసు	golusu	chain / necklace	GOH-loo-soo		More Useful Nouns			1096	anki	golusu		
W2059	దిండు	diṇḍu	pillow	DIHN-doo		More Useful Nouns			1097	anki	diMDu		
W2060	కంబళి	kambaḷi	blanket	KUHM-buh-lih		More Useful Nouns			1098	anki	kambaLi		
W2061	చాప	chāpa	mat / sleeping mat	CHAA-puh		More Useful Nouns			1099	anki	chaapa		
W2062	బావి	bāvi	well / pond	BAA-vih		More Useful Nouns			1100	anki	baavi		
W2063	పైకి	paiki	upward / above							anki	paiki		
W2064	చుక్క	chukka	dot / small star							anki	cukka		
W2065	నక్షత్రం	nakṣatraṁ	star / constellation							anki	nakṣatraṁ		
W2066	వెయిటర్	veyiṭar	waiter							anki	veyiṭar		
W2067	నిలబడటానికి	nilabaḍaṭāniki	to stand							anki	Nilabaḍaṭāniki		
W2068	లెక్కించు	lekkinchu	to count							anki	lekkin̄cu		
W2069	నూట ఒకటి	nūṭa okaṭi	101							anki	nūṭa okaṭi	phrase	
W2070	పార్క్	pārk	park							anki	Paark	english-respelled	
W2071	దూకడం	dūkaḍaṁ	to jump							anki	Dūkaḍaṁ		
W2072	సెప్టెంబర్	sepṭembar	September							anki	sepeṭembar	english-respelled	
W2073	లోతులేని	lōtulēni	shallow							anki	lōtulēni		
W2074	కరుగుట	karuguṭa	to melt							anki	karuguṭa		
W2075	ముద్దుపెట్టుట	muddupeṭṭuṭa	to kiss							anki	muddupeṭṭuṭa		
W2076	తాకుట	tākuṭa	to touch							anki	tākuṭa		
W2077	లైంగిక క్రియ	laingika kriya	sex (the act) - sexual act							anki	laingi‍ka kriya	phrase	
W2078	వివాహం	vivāhaṁ	marriage							anki	vivāhaṁ		
W2079	జనవరి	janavari	January							anki	janavari		
W2080	క్రీడ	krīḍa	sport							anki	krīḍa		
W2081	ఆరోగ్యమైన	ārōgyamaina	healthy							anki	ārōgyamaina		
